ATP,Location,Tournament,Date,Series,Court,Surface,Round,Best of,Winner,Loser,WRank,LRank,WPts,LPts,W1,L1,W2,L2,W3,L3,W4,L4,W5,L5,Wsets,Lsets,Comment,B365W,B365L,PSW,PSL,MaxW,MaxL,AvgW,AvgL,GamesMatch,mu_generic_w,sigma_generic_w,mu_generic_l,sigma_generic_l,Fatigue_W,Fatigue_L,mu_winner,mu_loser,sigma_winner,sigma_loser,p_ttt_win,p_adj_win,pred,ttt_correct,pred_fat,ttt_fat_correct,bookie_pred,bookie_correct,theta_used
1,Brisbane,Brisbane International,2024-01-02,ATP250,Outdoor,Hard,1st Round,3,Machac T.,Etcheverry T.,78,30,722,1375,6,7,7,5,7,6,NA,NA,NA,NA,2,1,Completed,1.36,3.2,1.4,3.17,1.41,3.2,1.37,3.02,38,1.756554916430497,0.614244255982866,2.231331215866904,0.27090090890146074,0,0,1.756554916430497,2.231331215866904,0.614244255982866,0.27090090890146074,0.23971551299250335,0.23971551299250338,Etcheverry T.,FALSE,Etcheverry T.,FALSE,Machac T.,TRUE,-0.03285634671657416
2,Hong Kong,Hong Kong Tennis Open,2024-01-02,ATP250,Outdoor,Hard,1st Round,3,Bautista Agut R.,Marozsan F.,57,64,886,805,6,2,6,3,NA,NA,NA,NA,NA,NA,2,0,Completed,1.62,2.3,1.64,2.39,1.7,2.39,1.63,2.24,17,2.072868492922485,0.31798868297955324,2.6018502866913176,0.44560748414405155,0,0,2.072868492922485,2.6018502866913176,0.31798868297955324,0.44560748414405155,0.16694826011319733,0.16694826011319733,Marozsan F.,FALSE,Marozsan F.,FALSE,Bautista Agut R.,TRUE,-0.033345246750588795
3,Adelaide,Adelaide International,2024-01-08,ATP250,Outdoor,Hard,1st Round,3,Shevchenko A.,Etcheverry T.,48,30,961,1375,7,6,4,6,7,5,NA,NA,NA,NA,2,1,Completed,1.73,2.1,1.75,2.19,1.75,2.25,1.69,2.15,35,2.089075112171924,0.3411263176055645,2.170456651117656,0.2717427823872447,0,0,2.089075112171924,2.170456651117656,0.3411263176055645,0.2717427823872447,0.4259877908453591,0.4259877908453591,Etcheverry T.,FALSE,Etcheverry T.,FALSE,Shevchenko A.,TRUE,-0.033759020041686565
3,Adelaide,Adelaide International,2024-01-08,ATP250,Outdoor,Hard,1st Round,3,Kecmanovic M.,Mcdonald M.,55,42,910,1055,6,4,6,2,NA,NA,NA,NA,NA,NA,2,0,Completed,1.5,2.63,1.57,2.53,1.57,2.63,1.54,2.43,18,1.7512551639731309,0.28734460637403575,2.218985673112509,0.26564654102983193,0,0,1.7512551639731309,2.218985673112509,0.28734460637403575,0.26564654102983193,0.11599484314048918,0.11599484314048915,Mcdonald M.,FALSE,Mcdonald M.,FALSE,Kecmanovic M.,TRUE,-0.033759020041686565
3,Adelaide,Adelaide International,2024-01-09,ATP250,Outdoor,Hard,1st Round,3,Bolt A.,Seyboth Wild T.,325,78,159,714,6,3,6,2,NA,NA,NA,NA,NA,NA,2,0,Completed,1.73,2.1,1.93,1.96,1.93,2.1,1.83,1.96,17,1.0430013093145885,1.1300501882052816,1.4092578538924831,0.6754063445434468,0,0,1.0430013093145885,1.4092578538924831,1.1300501882052816,0.6754063445434468,0.3904280561654232,0.3904280561654232,Seyboth Wild T.,FALSE,Seyboth Wild T.,FALSE,Bolt A.,TRUE,-0.033759020041686565
3,Adelaide,Adelaide International,2024-01-09,ATP250,Outdoor,Hard,1st Round,3,Evans D.,Hijikata R.,40,70,1096,782,6,3,6,4,NA,NA,NA,NA,NA,NA,2,0,Completed,1.8,2,1.83,2.07,1.83,2.07,1.78,2.01,19,1.8139676172820818,0.32244329710760156,2.0619789676819598,0.4031946386194707,0,0,1.8139676172820818,2.0619789676819598,0.32244329710760156,0.4031946386194707,0.3154750559266556,0.3154750559266556,Hijikata R.,FALSE,Hijikata R.,FALSE,Evans D.,TRUE,-0.033759020041686565
4,Auckland,ASB Classic,2024-01-08,ATP250,Outdoor,Hard,1st Round,3,Van De Zandschulp B.,Eubanks C.,59,34,865,1235,7,6,6,2,NA,NA,NA,NA,NA,NA,2,0,Completed,1.44,2.75,1.44,2.98,1.46,3.1,1.41,2.83,21,2.119839896825528,0.2873801621899457,2.1640513670008366,0.306271620766234,0,0,2.119839896825528,2.1640513670008366,0.2873801621899457,0.306271620766234,0.45808138288399547,0.4580813828839954,Eubanks C.,FALSE,Eubanks C.,FALSE,Van De Zandschulp B.,TRUE,-0.034285241312851066
5,Melbourne,Australian Open,2024-01-14,Grand Slam,Outdoor,Hard,1st Round,5,O Connell C.,Garin C.,68,86,814,680,3,6,7,5,4,6,6,1,7,5,3,2,Completed,1.44,2.75,1.43,3.08,1.48,3.16,1.41,2.95,50,1.8733563873245678,0.3119467906065384,1.999230127444882,0.3445612750013921,8.4375,0,1.8733563873245678,1.999230127444882,0.3119467906065384,0.3445612750013921,0.39326615788041897,0.464464770738148,Garin C.,FALSE,Garin C.,FALSE,O Connell C.,TRUE,-0.03451527366273416
5,Melbourne,Australian Open,2024-01-14,Grand Slam,Outdoor,Hard,1st Round,5,De Jong J.,Cachin P.,161,74,393,763,4,6,6,2,6,3,6,4,NA,NA,3,1,Completed,1.36,3.2,1.35,3.55,1.43,3.55,1.37,3.12,37,-1.7702744284011769,3.005844748774308,1.5097198093513307,0.3317799101994995,0,0,-1.7702744284011769,1.5097198093513307,3.005844748774308,0.3317799101994995,0.1390453672883096,0.1390453672883096,Cachin P.,FALSE,Cachin P.,FALSE,De Jong J.,TRUE,-0.03451527366273416
5,Melbourne,Australian Open,2024-01-16,Grand Slam,Outdoor,Hard,1st Round,5,Purcell M.,Valkusz M.,45,214,1021,291,3,6,7,6,6,4,7,5,NA,NA,3,1,Completed,1.29,3.75,1.35,3.51,1.36,3.77,1.31,3.48,44,1.4850747239758777,0.37395949805191164,1.7370249717082533,1.2963545735145539,0,0,1.4850747239758777,1.7370249717082533,0.37395949805191164,1.2963545735145539,0.4259328695421766,0.4259328695421766,Valkusz M.,FALSE,Valkusz M.,FALSE,Purcell M.,TRUE,-0.03451527366273416
5,Melbourne,Australian Open,2024-01-16,Grand Slam,Outdoor,Hard,1st Round,5,Klein L.,Kwon S.W.,163,697,391,40,7,6,4,6,7,6,6,3,NA,NA,3,1,Completed,1.33,3.4,1.36,3.45,1.38,3.67,1.34,3.3,45,1.6553742017172974,1.23457418382975,2.319894278737956,0.5978703286691545,0,0,1.6553742017172974,2.319894278737956,1.23457418382975,0.5978703286691545,0.31403607407981626,0.31403607407981626,Kwon S.W.,FALSE,Kwon S.W.,FALSE,Klein L.,TRUE,-0.03451527366273416
5,Melbourne,Australian Open,2024-01-16,Grand Slam,Outdoor,Hard,1st Round,5,Shang J.,Mcdonald M.,140,42,435,1055,6,3,1,6,3,6,6,4,6,2,3,2,Completed,1.67,2.2,1.77,2.18,1.77,2.29,1.71,2.15,43,1.6732369586946962,0.5369400742144939,2.164104824996969,0.2627295039267539,0,0,1.6732369586946962,2.164104824996969,0.5369400742144939,0.2627295039267539,0.20577692003349543,0.20577692003349546,Mcdonald M.,FALSE,Mcdonald M.,FALSE,Shang J.,TRUE,-0.03451527366273416
6,Montpellier,Open Sud de France,2024-01-30,ATP250,Indoor,Hard,1st Round,3,Cazaux A.,Marterer M.,83,92,696,636,6,1,6,3,NA,NA,NA,NA,NA,NA,2,0,Completed,1.4,3,1.4,3.18,1.41,3.2,1.38,2.99,16,0.9252104990876217,1.026589834649585,1.8502545600438525,0.5170804931453852,0,0,0.9252104990876217,1.8502545600438525,1.026589834649585,0.5170804931453852,0.2104779870471495,0.21047798704714946,Marterer M.,FALSE,Marterer M.,FALSE,Cazaux A.,TRUE,-0.03494124012378777
6,Montpellier,Open Sud de France,2024-01-31,ATP250,Indoor,Hard,1st Round,3,Lestienne C.,Zapata Miralles B.,106,80,584,715,4,6,6,4,6,2,NA,NA,NA,NA,2,1,Completed,1.25,4,1.33,3.6,1.33,4.05,1.25,3.81,28,0.5767625075667125,0.4462723322159446,1.509303088841189,0.32672077040243935,0,0,0.5767625075667125,1.509303088841189,0.4462723322159446,0.32672077040243935,0.04589170932468615,0.04589170932468614,Zapata Miralles B.,FALSE,Zapata Miralles B.,FALSE,Lestienne C.,TRUE,-0.03494124012378777
7,Cordoba,Cordoba Open,2024-02-05,ATP250,Outdoor,Clay,1st Round,3,Bagnis F.,Cerundolo J.M.,207,148,295,435,6,4,6,2,NA,NA,NA,NA,NA,NA,2,0,Completed,1.67,2.2,1.74,2.2,1.78,2.2,1.71,2.11,18,-0.01268590226212439,0.7173595289087152,1.4237860828162128,0.475089302483217,0,0,-0.01268590226212439,1.4237860828162128,0.7173595289087152,0.475089302483217,0.04750817644240768,0.04750817644240768,Cerundolo J.M.,FALSE,Cerundolo J.M.,FALSE,Bagnis F.,TRUE,-0.03466014473656003
7,Cordoba,Cordoba Open,2024-02-06,ATP250,Outdoor,Clay,1st Round,3,Darderi L.,Barrios M.,136,108,491,578,4,6,6,1,6,2,NA,NA,NA,NA,2,1,Completed,1.44,2.75,1.43,3.05,1.46,3.05,1.42,2.81,25,0.9299631917138911,1.1519487003564264,1.3090802774042132,0.7046262538345942,0,0,0.9299631917138911,1.3090802774042132,1.1519487003564264,0.7046262538345942,0.38945042890490894,0.38945042890490894,Barrios M.,FALSE,Barrios M.,FALSE,Darderi L.,TRUE,-0.03466014473656003
8,Dallas,Dallas Open,2024-02-06,ATP250,Indoor,Hard,1st Round,3,Purcell M.,Krueger M.,43,244,1036,243,6,2,4,6,7,6,NA,NA,NA,NA,2,1,Completed,1.36,3.2,1.41,3.1,1.44,3.2,1.39,2.93,31,1.5463033527305392,0.367542801599113,2.140291444498129,1.2858539997711094,0,0,1.5463033527305392,2.140291444498129,0.367542801599113,1.2858539997711094,0.32846610770152157,0.32846610770152157,Krueger M.,FALSE,Krueger M.,FALSE,Purcell M.,TRUE,-0.034388461226995994
8,Dallas,Dallas Open,2024-02-06,ATP250,Indoor,Hard,1st Round,3,Duckworth J.,Svajda Z.,106,145,591,442,7,6,6,1,NA,NA,NA,NA,NA,NA,2,0,Completed,1.73,2.1,1.86,2.03,1.86,2.15,1.78,2.01,20,0.4573390972614221,0.7117811187330698,0.882895474459231,1.044524907853014,0,0,0.4573390972614221,0.882895474459231,0.7117811187330698,1.044524907853014,0.36817995565668094,0.36817995565668094,Svajda Z.,FALSE,Svajda Z.,FALSE,Duckworth J.,TRUE,-0.034388461226995994
10,Buenos Aires,Argentina Open,2024-02-13,ATP250,Outdoor,Clay,1st Round,3,Coria F.,Ofner S.,106,38,588,1091,7,5,4,6,7,5,NA,NA,NA,NA,2,1,Completed,1.8,2,1.88,2.02,1.88,2.1,1.78,2.01,34,1.2787403740156347,0.43961379016250013,2.1884612462102955,0.3616828918827816,8.859375,0,1.2787403740156347,2.1884612462102955,0.43961379016250013,0.3616828918827816,0.05501790430355074,0.07333028574473172,Ofner S.,FALSE,Ofner S.,FALSE,Coria F.,TRUE,-0.034639442164911105
10,Buenos Aires,Argentina Open,2024-02-13,ATP250,Outdoor,Clay,1st Round,3,Ugo Carabelli C.,Varillas J.P.,134,85,494,684,7,6,6,4,NA,NA,NA,NA,NA,NA,2,0,Completed,1.62,2.3,1.68,2.3,1.68,2.32,1.64,2.24,23,0.8838177934544834,1.1970264168642033,1.5571132670671943,0.40846737307449194,0,0,0.8838177934544834,1.5571132670671943,1.1970264168642033,0.40846737307449194,0.2972474305635412,0.2972474305635412,Varillas J.P.,FALSE,Varillas J.P.,FALSE,Ugo Carabelli C.,TRUE,-0.034639442164911105
12,Rotterdam,ABN AMRO World Tennis Tournament,2024-02-13,ATP500,Indoor,Hard,1st Round,3,Fucsovics M.,Marozsan F.,86,61,682,896,7,6,6,1,NA,NA,NA,NA,NA,NA,2,0,Completed,1.67,2.2,1.68,2.31,1.68,2.31,1.64,2.22,20,2.2959115858129238,0.3097281064825281,2.5618832446987554,0.4170848577435621,0,0,2.2959115858129238,2.5618832446987554,0.3097281064825281,0.4170848577435621,0.30433747831732655,0.30433747831732655,Marozsan F.,FALSE,Marozsan F.,FALSE,Fucsovics M.,TRUE,-0.03460544496778959
14,Los Cabos,Los Cabos Open,2024-02-21,ATP250,Outdoor,Hard,1st Round,3,Nishioka Y.,Cobolli F.,84,69,700,825,6,1,6,0,NA,NA,NA,NA,NA,NA,2,0,Completed,1.8,2,1.93,1.96,1.93,2.01,1.85,1.93,13,2.071077382302337,0.30274593850178794,2.2509320228647223,0.5795226762106463,0,0,2.071077382302337,2.2509320228647223,0.30274593850178794,0.5795226762106463,0.3916289110054565,0.39162891100545644,Cobolli F.,FALSE,Cobolli F.,FALSE,Nishioka Y.,TRUE,-0.03247936699832713
14,Los Cabos,Los Cabos Open,2024-02-21,ATP250,Outdoor,Hard,1st Round,3,Nava E.,Schwartzman D.,146,115,443,538,6,4,6,3,NA,NA,NA,NA,NA,NA,2,0,Completed,1.8,2,1.85,2.05,1.87,2.05,1.81,1.97,19,0.17523232981979045,0.9128027555917745,1.4573657185176825,0.3352775208561515,0,0,0.17523232981979045,1.4573657185176825,0.9128027555917745,0.3352775208561515,0.09367081465973602,0.09367081465973602,Schwartzman D.,FALSE,Schwartzman D.,FALSE,Nava E.,TRUE,-0.03247936699832713
15,Rio de Janeiro,Rio Open,2024-02-20,ATP500,Outdoor,Clay,1st Round,3,Munar J.,Ofner S.,73,37,776,1091,6,3,6,1,NA,NA,NA,NA,NA,NA,2,0,Completed,1.67,2.2,1.81,2.1,1.81,2.22,1.72,2.09,16,1.6620798868743514,0.3327344171799165,2.0968624945030596,0.3550683264108884,0,0,1.6620798868743514,2.0968624945030596,0.3327344171799165,0.3550683264108884,0.18579481173308152,0.18579481173308152,Ofner S.,FALSE,Ofner S.,FALSE,Munar J.,TRUE,-0.032616047593295935
15,Rio de Janeiro,Rio Open,2024-02-20,ATP500,Outdoor,Clay,1st Round,3,Meligeni Alves F.,Cachin P.,153,76,416,754,6,2,3,6,6,3,NA,NA,NA,NA,2,1,Completed,1.67,2.2,1.62,2.44,1.73,2.44,1.63,2.25,26,1.0030852195383775,0.8846515972620479,1.3054598211973485,0.322851625393925,0,0,1.0030852195383775,1.3054598211973485,0.8846515972620479,0.322851625393925,0.37407235594185456,0.37407235594185456,Cachin P.,FALSE,Cachin P.,FALSE,Meligeni Alves F.,TRUE,-0.032616047593295935
15,Rio de Janeiro,Rio Open,2024-02-21,ATP500,Outdoor,Clay,1st Round,3,Navone M.,Coria F.,113,85,551,678,1,6,6,4,6,2,NA,NA,NA,NA,2,1,Completed,1.67,2.2,1.75,2.18,1.75,2.3,1.67,2.18,25,-2.687464184720661,2.5704655623245154,1.4608553369167594,0.42367490738899277,0,0,-2.687464184720661,1.4608553369167594,2.5704655623245154,0.42367490738899277,0.05565248789080281,0.05565248789080281,Coria F.,FALSE,Coria F.,FALSE,Navone M.,TRUE,-0.032616047593295935
17,Dubai,Dubai Tennis Championships,2024-02-27,ATP500,Outdoor,Hard,1st Round,3,Humbert U.,Monfils G.,18,54,1990,937,4,6,6,3,6,3,NA,NA,NA,NA,2,1,Completed,1.53,2.5,1.51,2.72,1.58,2.72,1.51,2.5,28,2.5288958517796947,0.26701728887298304,2.612770475633601,0.34559675479237223,0,0,2.5288958517796947,2.612770475633601,0.26701728887298304,0.34559675479237223,0.4238514023370831,0.4238514023370832,Monfils G.,FALSE,Monfils G.,FALSE,Humbert U.,TRUE,-0.03276497544353715
17,Dubai,Dubai Tennis Championships,2024-02-27,ATP500,Outdoor,Hard,1st Round,3,Cazaux A.,Musetti L.,86,26,701,1480,6,4,7,6,NA,NA,NA,NA,NA,NA,2,0,Completed,1.44,2.75,1.5,2.78,1.5,2.9,1.43,2.75,23,1.5264165406145191,0.8690814517377639,2.4940238648084883,0.26943406769067213,0,0,1.5264165406145191,2.4940238648084883,0.8690814517377639,0.26943406769067213,0.14379238174638964,0.14379238174638964,Musetti L.,FALSE,Musetti L.,FALSE,Cazaux A.,TRUE,-0.03276497544353715
18,Santiago,Chile Open,2024-02-27,ATP250,Indoor,Clay,1st Round,3,Seyboth Wild T.,Burruchaga R.,73,159,802,397,6,4,6,4,NA,NA,NA,NA,NA,NA,2,0,Completed,1.53,2.5,1.61,2.44,1.61,2.5,1.56,2.38,20,1.028670420709317,0.5634890915184342,3.792964228089324,2.471515610551755,0,0,1.028670420709317,3.792964228089324,0.5634890915184342,2.471515610551755,0.1377513225938381,0.1377513225938381,Burruchaga R.,FALSE,Burruchaga R.,FALSE,Seyboth Wild T.,TRUE,-0.03332671335178117
19,Indian Wells,BNP Paribas Open,2024-03-06,Masters 1000,Outdoor,Hard,1st Round,3,Nakashima B.,Eubanks C.,93,34,645,1234,6,3,7,6,NA,NA,NA,NA,NA,NA,2,0,Completed,1.5,2.63,1.48,2.82,1.53,2.82,1.48,2.67,22,1.603333898521496,0.33395886804801345,2.1023053834904553,0.2978858129641976,0,0,1.603333898521496,2.1023053834904553,0.33395886804801345,0.2978858129641976,0.1324258197993686,0.1324258197993686,Eubanks C.,FALSE,Eubanks C.,FALSE,Nakashima B.,TRUE,-0.03309699410245063
19,Indian Wells,BNP Paribas Open,2024-03-07,Masters 1000,Outdoor,Hard,1st Round,3,Machac T.,Wawrinka S.,63,70,868,797,7,6,4,6,6,2,NA,NA,NA,NA,2,1,Completed,1.5,2.63,1.55,2.6,1.55,2.63,1.52,2.54,31,2.0711464619689,0.5090814302339137,2.1918862806614965,0.29223321735336777,0,0,2.0711464619689,2.1918862806614965,0.5090814302339137,0.29223321735336777,0.41851611106264053,0.41851611106264053,Wawrinka S.,FALSE,Wawrinka S.,FALSE,Machac T.,TRUE,-0.03309699410245063
19,Indian Wells,BNP Paribas Open,2024-03-07,Masters 1000,Outdoor,Hard,1st Round,3,Lestienne C.,Kudla D.,100,179,606,342,3,6,6,2,6,4,NA,NA,NA,NA,2,1,Completed,1.73,2.1,1.87,2.02,1.87,2.1,1.79,2.02,27,0.7776930361750822,0.39623203201842894,1.758107114385162,0.63732451035251525,0,0,0.7776930361750822,1.758107114385162,0.39623203201842894,0.63732451035251525,0.09570376002041382,0.0957037600204138,Kudla D.,FALSE,Kudla D.,FALSE,Lestienne C.,TRUE,-0.03309699410245063
19,Indian Wells,BNP Paribas Open,2024-03-07,Masters 1000,Outdoor,Hard,1st Round,3,Coric B.,Ofner S.,35,38,1194,1116,6,2,3,6,6,0,NA,NA,NA,NA,2,1,Completed,1.3,3.5,1.36,3.42,1.37,3.5,1.33,3.36,23,1.9669441494568716,0.32148068015050896,2.0038260528886807,0.348459410259987,0,0,1.9669441494568716,2.0038260528886807,0.32148068015050896,0.348459410259987,0.4689963592424785,0.4689963592424785,Ofner S.,FALSE,Ofner S.,FALSE,Coric B.,TRUE,-0.03309699410245063
19,Indian Wells,BNP Paribas Open,2024-03-07,Masters 1000,Outdoor,Hard,1st Round,3,Seyboth Wild T.,Wolf J.J.,65,94,820,640,6,2,6,1,NA,NA,NA,NA,NA,NA,2,0,Completed,1.57,2.38,1.64,2.39,1.65,2.43,1.6,2.35,15,1.2058818744938034,0.5406215787342545,1.9585335282805338,0.27072369746767677,0,0,1.2058818744938034,1.9585335282805338,0.5406215787342545,0.27072369746767677,0.10659562093207209,0.1065956209320721,Wolf J.J.,FALSE,Wolf J.J.,FALSE,Seyboth Wild T.,TRUE,-0.03309699410245063
19,Indian Wells,BNP Paribas Open,2024-03-08,Masters 1000,Outdoor,Hard,1st Round,3,Muller A.,Grenier H.,88,146,689,455,7,6,7,5,NA,NA,NA,NA,NA,NA,2,0,Completed,1.8,2,1.89,2,1.89,2.02,1.82,1.98,25,1.4208831194142773,0.4127142386251645,1.9414595131658685,0.6597166661283602,0,0,1.4208831194142773,1.9414595131658685,0.4127142386251645,0.6597166661283602,0.2517575272749194,0.2517575272749194,Grenier H.,FALSE,Grenier H.,FALSE,Muller A.,TRUE,-0.03309699410245063
19,Indian Wells,BNP Paribas Open,2024-03-08,Masters 1000,Outdoor,Hard,1st Round,3,Tabilo A.,Kotov P.,39,67,1116,819,4,6,6,3,7,5,NA,NA,NA,NA,2,1,Completed,1.62,2.3,1.66,2.34,1.7,2.34,1.64,2.26,31,1.430526394743002,0.5754371312220584,2.194457599771426,0.34353828103127304,0,0,1.430526394743002,2.194457599771426,0.5754371312220584,0.34353828103127304,0.12716752878365126,0.12716752878365126,Kotov P.,FALSE,Kotov P.,FALSE,Tabilo A.,TRUE,-0.03309699410245063
19,Indian Wells,BNP Paribas Open,2024-03-08,Masters 1000,Outdoor,Hard,1st Round,3,Shapovalov D.,Van De Zandschulp B.,131,82,485,750,6,1,6,4,NA,NA,NA,NA,NA,NA,2,0,Completed,1.62,2.3,1.68,2.3,1.7,2.3,1.64,2.24,17,1.969727680203135,0.3585968569225306,2.161592008881324,0.27642306041770864,0,0,1.969727680203135,2.161592008881324,0.3585968569225306,0.27642306041770864,0.33587190298934855,0.3358719029893485,Van De Zandschulp B.,FALSE,Van De Zandschulp B.,FALSE,Shapovalov D.,TRUE,-0.03309699410245063
20,Miami,Miami Open,2024-03-20,Masters 1000,Outdoor,Hard,1st Round,3,Van Assche L.,Kotov P.,80,67,736,823,6,3,7,5,NA,NA,NA,NA,NA,NA,2,0,Completed,1.73,2.1,1.67,2.31,1.75,2.36,1.66,2.21,21,1.2809456839322735,0.3757435443147925,2.109094911545459,0.3378619730233673,0,0,1.2809456839322735,2.109094911545459,0.3757435443147925,0.3378619730233673,0.050616302543292004,0.05061630254329199,Kotov P.,FALSE,Kotov P.,FALSE,Van Assche L.,TRUE,-0.033467965220428546
20,Miami,Miami Open,2024-03-20,Masters 1000,Outdoor,Hard,1st Round,3,Shapovalov D.,Darderi L.,126,75,505,771,6,3,6,7,6,4,NA,NA,NA,NA,2,1,Completed,1.25,4,1.25,4.37,1.3,4.37,1.24,3.95,32,2.0549881676363886,0.35124213041041397,2.136003477450545,0.8430878653528782,0,0,2.0549881676363886,2.136003477450545,0.35124213041041397,0.8430878653528782,0.46465881356044225,0.46465881356044225,Darderi L.,FALSE,Darderi L.,FALSE,Shapovalov D.,TRUE,-0.033467965220428546
20,Miami,Miami Open,2024-03-21,Masters 1000,Outdoor,Hard,1st Round,3,Michelsen A.,Klein L.,73,128,776,502,7,6,6,2,NA,NA,NA,NA,NA,NA,2,0,Completed,1.73,2.1,1.76,2.17,1.77,2.21,1.72,2.1,21,2.105096717994246,0.46483256119862254,2.5485092659220507,0.9929156210603257,0,0,2.105096717994246,2.5485092659220507,0.46483256119862254,0.9929156210603257,0.34294098629180514,0.34294098629180514,Klein L.,FALSE,Klein L.,FALSE,Michelsen A.,TRUE,-0.033467965220428546
20,Miami,Miami Open,2024-03-21,Masters 1000,Outdoor,Hard,1st Round,3,Altmaier D.,Mayot H.,54,141,951,472,6,2,7,5,NA,NA,NA,NA,NA,NA,2,0,Completed,1.73,2.1,1.81,2.1,1.82,2.12,1.76,2.04,20,1.6107229755672643,0.3030668484751084,2.4628809766648407,0.7881890322559627,0,0,1.6107229755672643,2.4628809766648407,0.3030668484751084,0.7881890322559627,0.15645592907526262,0.15645592907526265,Mayot H.,FALSE,Mayot H.,FALSE,Altmaier D.,TRUE,-0.033467965220428546
20,Miami,Miami Open,2024-03-21,Masters 1000,Outdoor,Hard,1st Round,3,Ofner S.,Nishikori K.,40,351,1076,143,6,3,6,4,NA,NA,NA,NA,NA,NA,2,0,Completed,1.8,2,1.87,2.03,1.87,2.1,1.8,2,19,1.9475834381098072,0.3426397696903157,2.8109096853980486,1.129963915756858,0,0,1.9475834381098072,2.8109096853980486,0.3426397696903157,1.129963915756858,0.23234236269706182,0.2323423626970618,Nishikori K.,FALSE,Nishikori K.,FALSE,Ofner S.,TRUE,-0.033467965220428546
21,Estoril,Estoril Open,2024-04-01,ATP250,Outdoor,Clay,1st Round,3,Borges N.,Pouille L.,62,241,871,252,0,6,7,6,6,3,NA,NA,NA,NA,2,1,Completed,1.5,2.63,1.45,2.93,1.53,2.93,1.46,2.69,28,1.1822890204758434,0.37639342855291213,1.7862281837232894,0.9695903775726861,0,0,1.1822890204758434,1.7862281837232894,0.37639342855291213,0.9695903775726861,0.2807337724925469,0.2807337724925469,Pouille L.,FALSE,Pouille L.,FALSE,Borges N.,TRUE,-0.03426566071979946
21,Estoril,Estoril Open,2024-04-03,ATP250,Outdoor,Clay,1st Round,3,Martinez P.,Altmaier D.,77,54,741,955,6,4,6,2,NA,NA,NA,NA,NA,NA,2,0,Completed,1.73,2.1,1.72,2.23,1.75,2.23,1.7,2.14,18,1.1050390869422946,0.507128508290055,1.6596739068284299,0.2993138403965133,0,0,1.1050390869422946,1.6596739068284299,0.507128508290055,0.2993138403965133,0.17313148946564938,0.17313148946564938,Altmaier D.,FALSE,Altmaier D.,FALSE,Martinez P.,TRUE,-0.03426566071979946
23,Marrakech,Grand Prix Hassan II,2024-04-02,ATP250,Outdoor,Clay,1st Round,3,Berrettini M.,Shevchenko A.,135,56,470,934,6,2,6,1,NA,NA,NA,NA,NA,NA,2,0,Completed,1.62,2.3,1.61,2.46,1.62,2.6,1.56,2.41,15,2.1142751781140476,0.4297017047951741,2.1458641201627566,0.30517454461764415,0,0,2.1142751781140476,2.1458641201627566,0.4297017047951741,0.30517454461764415,0.47610326519728036,0.4761032651972803,Shevchenko A.,FALSE,Shevchenko A.,FALSE,Berrettini M.,TRUE,-0.033389307958642984
24,Monte Carlo,Monte Carlo Masters,2024-04-07,Masters 1000,Outdoor,Clay,1st Round,3,Coric B.,Bublik A.,33,18,1204,1992,6,1,6,1,NA,NA,NA,NA,NA,NA,2,0,Completed,1.53,2.5,1.59,2.5,1.59,3.1,1.54,2.46,14,2.021774946312681,0.3168415241377226,2.242431579417515,0.28253057997775094,0,0,2.021774946312681,2.242431579417515,0.3168415241377226,0.28253057997775094,0.301606177403792,0.301606177403792,Bublik A.,FALSE,Bublik A.,FALSE,Coric B.,TRUE,-0.03376547068231529
24,Monte Carlo,Monte Carlo Masters,2024-04-08,Masters 1000,Outdoor,Clay,1st Round,3,Tabilo A.,O Connell C.,45,62,1051,886,6,3,6,4,NA,NA,NA,NA,NA,NA,2,0,Completed,1.57,2.38,1.58,2.52,1.6,2.75,1.55,2.44,19,1.846104859182607,0.5267474129943441,2.08597675298162,0.2948210337747295,0,0,1.846104859182607,2.08597675298162,0.5267474129943441,0.2948210337747295,0.34554540694444424,0.34554540694444424,O Connell C.,FALSE,O Connell C.,FALSE,Tabilo A.,TRUE,-0.03376547068231529
25,Barcelona,Barcelona Open,2024-04-15,ATP500,Outdoor,Clay,1st Round,3,Nakashima B.,Evans D.,87,49,695,996,7,6,6,2,NA,NA,NA,NA,NA,NA,2,0,Completed,1.5,2.63,1.51,2.75,1.53,2.8,1.48,2.65,21,1.6321801070903175,0.3314341177545743,1.788956461689852,0.2938981203634514,0,0,1.6321801070903175,1.788956461689852,0.3314341177545743,0.2938981203634514,0.36169983362336666,0.3616998336233666,Evans D.,FALSE,Evans D.,FALSE,Nakashima B.,TRUE,-0.03401022854305706
25,Barcelona,Barcelona Open,2024-04-15,ATP500,Outdoor,Clay,1st Round,3,Bautista Agut R.,Safiullin R.,84,38,703,1139,6,3,7,6,NA,NA,NA,NA,NA,NA,2,0,Completed,1.67,2.2,1.76,2.17,1.76,2.3,1.67,2.21,22,2.0680904937765683,0.29471855030406247,2.248635160155865,0.2844512456285281,0,0,2.0680904937765683,2.248635160155865,0.29471855030406247,0.2844512456285281,0.32968479827477,0.32968479827476993,Safiullin R.,FALSE,Safiullin R.,FALSE,Bautista Agut R.,TRUE,-0.03401022854305706
25,Barcelona,Barcelona Open,2024-04-15,ATP500,Outdoor,Clay,1st Round,3,Hardt N.,Landaluce M.,229,328,260,160,2,6,6,4,6,3,NA,NA,NA,NA,2,1,Completed,1.8,2,1.87,2.02,1.9,2.07,1.84,1.97,27,0,4,0.7827154964141211,1.0573999060639496,0,0,0,0.7827154964141211,4,1.0573999060639496,0.4249757003713715,0.4249757003713715,Landaluce M.,FALSE,Landaluce M.,FALSE,Hardt N.,TRUE,-0.03401022854305706
25,Barcelona,Barcelona Open,2024-04-16,ATP500,Outdoor,Clay,1st Round,3,Carballes Baena R.,Grenier H.,72,159,771,407,6,2,6,4,NA,NA,NA,NA,NA,NA,2,0,Completed,1.17,5.5,1.18,5.43,1.2,5.6,1.17,5.11,18,1.5187603884012433,0.28902536856730027,1.6433870261939378,0.6228356516656225,0,0,1.5187603884012433,1.6433870261939378,0.28902536856730027,0.6228356516656225,0.4279856208958769,0.4279856208958769,Grenier H.,FALSE,Grenier H.,FALSE,Carballes Baena R.,TRUE,-0.03401022854305706
25,Barcelona,Barcelona Open,2024-04-16,ATP500,Outdoor,Clay,1st Round,3,Munar J.,Nishioka Y.,73,71,770,788,6,3,6,1,NA,NA,NA,NA,NA,NA,2,0,Completed,1.25,4,1.3,3.85,1.3,4.05,1.27,3.74,16,1.6702086682489905,0.3084012033131064,2.104146161798087,0.29314419651421897,0,0,1.6702086682489905,2.104146161798087,0.3084012033131064,0.29314419651421897,0.1539010161161018,0.1539010161161018,Nishioka Y.,FALSE,Nishioka Y.,FALSE,Munar J.,TRUE,-0.03401022854305706
26,Bucharest,Tiriac Open,2024-04-15,ATP250,Outdoor,Clay,1st Round,3,Rinderknech A.,Gaston H.,79,96,729,642,6,7,6,4,7,5,NA,NA,NA,NA,2,1,Completed,1.67,2.2,1.65,2.37,1.68,2.5,1.62,2.27,35,1.061372024425192,0.3431243563668937,1.2660266908233837,0.45553640942245927,0,0,1.061372024425192,1.2660266908233837,0.3431243563668937,0.45553640942245927,0.35985317245827075,0.3598531724582707,Gaston H.,FALSE,Gaston H.,FALSE,Rinderknech A.,TRUE,-0.03466443806713529
26,Bucharest,Tiriac Open,2024-04-15,ATP250,Outdoor,Clay,1st Round,3,Coria F.,Bonzi B.,83,182,711,336,6,4,6,2,NA,NA,NA,NA,NA,NA,2,0,Completed,1.5,2.63,1.43,2.98,1.52,3,1.43,2.76,18,1.3623623863084933,0.39156410823582155,1.6709696924825084,0.34650522779654874,0,0,1.3623623863084933,1.6709696924825084,0.39156410823582155,0.34650522779654874,0.27752053462101284,0.27752053462101284,Bonzi B.,FALSE,Bonzi B.,FALSE,Coria F.,TRUE,-0.03466443806713529
26,Bucharest,Tiriac Open,2024-04-16,ATP250,Outdoor,Clay,1st Round,3,Albot R.,Kovacevic A.,139,97,459,638,7,6,4,6,6,1,NA,NA,NA,NA,2,1,Completed,1.62,2.3,1.6,2.49,1.65,2.49,1.58,2.34,30,1.074883669465288,0.45848382504543245,1.3162084969142076,0.44612548647812267,0,0,1.074883669465288,1.3162084969142076,0.45848382504543245,0.44612548647812267,0.3529983744393522,0.35299837443935217,Kovacevic A.,FALSE,Kovacevic A.,FALSE,Albot R.,TRUE,-0.03466443806713529
26,Bucharest,Tiriac Open,2024-04-16,ATP250,Outdoor,Clay,1st Round,3,Moutet C.,Shapovalov D.,92,121,652,510,6,4,6,2,NA,NA,NA,NA,NA,NA,2,0,Completed,1.8,2,1.85,2.05,1.9,2.05,1.81,1.97,18,0.8513608992499359,0.41673216919965056,2.0499494378567333,0.3406939375047059,0,0,0.8513608992499359,2.0499494378567333,0.41673216919965056,0.3406939375047059,0.012982698714275303,0.012982698714275298,Shapovalov D.,FALSE,Shapovalov D.,FALSE,Moutet C.,TRUE,-0.03466443806713529
26,Bucharest,Tiriac Open,2024-04-16,ATP250,Outdoor,Clay,1st Round,3,Borges N.,Wawrinka S.,55,86,911,697,3,6,7,5,6,2,NA,NA,NA,NA,2,1,Completed,1.62,2.3,1.58,2.53,1.62,2.53,1.57,2.37,29,1.2419814876963744,0.3695148209454101,2.1470467955441372,0.2856903350304295,0,0,1.2419814876963744,2.1470467955441372,0.3695148209454101,0.2856903350304295,0.026328379198696947,0.02632837919869694,Wawrinka S.,FALSE,Wawrinka S.,FALSE,Borges N.,TRUE,-0.03466443806713529
27,Munich,BMW Open,2024-04-16,ATP250,Outdoor,Clay,1st Round,3,Van De Zandschulp B.,Gakhov I.,89,280,670,202,6,4,2,6,6,3,NA,NA,NA,NA,2,1,Completed,1.25,4,1.31,3.79,1.31,4,1.28,3.62,27,2.168940932047217,0.2701611383180164,3.0218288617433875,1.556028081783378,0,0,2.168940932047217,3.0218288617433875,0.2701611383180164,1.556028081783378,0.29458494062349555,0.29458494062349555,Gakhov I.,FALSE,Gakhov I.,FALSE,Van De Zandschulp B.,TRUE,-0.03449016560425009
28,Madrid,Mutua Madrid Open,2024-04-24,Masters 1000,Outdoor,Clay,1st Round,3,Seyboth Wild T.,Safiullin R.,63,42,849,1139,6,4,6,4,NA,NA,NA,NA,NA,NA,2,0,Completed,1.73,2.1,1.85,2.05,1.85,2.1,1.8,2,20,1.613066232787892,0.4817853572446588,2.1936048657527407,0.28106523425571667,0,0,1.613066232787892,2.1936048657527407,0.4817853572446588,0.28106523425571667,0.14898223804757604,0.14898223804757604,Safiullin R.,FALSE,Safiullin R.,FALSE,Seyboth Wild T.,TRUE,-0.03498574765459438
28,Madrid,Mutua Madrid Open,2024-04-25,Masters 1000,Outdoor,Clay,1st Round,3,Machac T.,Ruusuvuori E.,50,71,1013,795,6,4,1,6,6,2,NA,NA,NA,NA,2,1,Completed,1.5,2.63,1.53,2.65,1.54,2.75,1.49,2.6,25,2.326091154955523,0.4764091517929649,2.3369440237814603,0.2829045859068218,0,0,2.326091154955523,2.3369440237814603,0.4764091517929649,0.2829045859068218,0.49218629199125424,0.4921862919912543,Ruusuvuori E.,FALSE,Ruusuvuori E.,FALSE,Machac T.,TRUE,-0.03498574765459438
28,Madrid,Mutua Madrid Open,2024-04-25,Masters 1000,Outdoor,Clay,1st Round,3,Kecmanovic M.,Zhang Zh.,66,49,830,1038,6,3,6,2,NA,NA,NA,NA,NA,NA,2,0,Completed,1.67,2.2,1.74,2.2,1.78,2.22,1.68,2.17,17,1.7113606382677362,0.2626912079181035,2.2495441207021094,0.29169867137104205,0,0,1.7113606382677362,2.2495441207021094,0.2626912079181035,0.29169867137104205,0.08518800041468293,0.08518800041468294,Zhang Zh.,FALSE,Zhang Zh.,FALSE,Kecmanovic M.,TRUE,-0.03498574765459438
28,Madrid,Mutua Madrid Open,2024-04-25,Masters 1000,Outdoor,Clay,1st Round,3,Fonseca J.,Michelsen A.,242,70,241,799,4,6,6,0,6,2,NA,NA,NA,NA,2,1,Completed,1.57,2.38,1.57,2.56,1.62,2.6,1.54,2.44,24,1.6476119683606016,0.8204966441597114,2.0934064385722415,0.4374737650349586,0,0,1.6476119683606016,2.0934064385722415,0.8204966441597114,0.4374737650349586,0.3158154559941678,0.3158154559941678,Michelsen A.,FALSE,Michelsen A.,FALSE,Fonseca J.,TRUE,-0.03498574765459438
29,Rome,Internazionali BNL d'Italia,2024-05-08,Masters 1000,Outdoor,Clay,1st Round,3,Monteiro T.,Monfils G.,106,38,590,1145,6,2,7,5,NA,NA,NA,NA,NA,NA,2,0,Completed,1.67,2.2,1.73,2.21,1.75,2.36,1.69,2.17,20,1.559494980823586,0.3950890133773199,2.571289635831835,0.32369024536902546,0,0,1.559494980823586,2.571289635831835,0.3950890133773199,0.32369024536902546,0.02379685154032746,0.023796851540327457,Monfils G.,FALSE,Monfils G.,FALSE,Monteiro T.,TRUE,-0.03721861375127636
29,Rome,Internazionali BNL d'Italia,2024-05-08,Masters 1000,Outdoor,Clay,1st Round,3,Atmane T.,Eubanks C.,137,43,463,1053,6,4,6,4,NA,NA,NA,NA,NA,NA,2,0,Completed,1.5,2.63,1.55,2.6,1.56,2.63,1.51,2.54,20,0.49912321919014085,0.8796598696085669,1.9395868663373916,0.2892965909726861,0,0,0.49912321919014085,1.9395868663373916,0.8796598696085669,0.2892965909726861,0.059906382778139304,0.05990638277813929,Eubanks C.,FALSE,Eubanks C.,FALSE,Atmane T.,TRUE,-0.03721861375127636
29,Rome,Internazionali BNL d'Italia,2024-05-09,Masters 1000,Outdoor,Clay,1st Round,3,Koepfer D.,Vavassori A.,52,168,932,355,6,4,6,3,NA,NA,NA,NA,NA,NA,2,0,Completed,1.67,2.2,1.75,2.2,1.75,2.33,1.66,2.21,19,1.400148312211107,0.42939901285751203,2.2492060219524905,0.5843769269585841,0,0,1.400148312211107,2.2492060219524905,0.42939901285751203,0.5843769269585841,0.12083351479640295,0.12083351479640295,Vavassori A.,FALSE,Vavassori A.,FALSE,Koepfer D.,TRUE,-0.03721861375127636
29,Rome,Internazionali BNL d'Italia,2024-05-09,Masters 1000,Outdoor,Clay,1st Round,3,Munar J.,Hijikata R.,68,79,805,724,6,4,7,5,NA,NA,NA,NA,NA,NA,2,0,Completed,1.08,8,1.11,7.89,1.12,8,1.1,7.01,22,1.7454178106645646,0.29959054437843885,2.0044301478797455,0.35905631499381657,0,0,1.7454178106645646,2.0044301478797455,0.29959054437843885,0.35905631499381657,0.2898286211387159,0.2898286211387159,Hijikata R.,FALSE,Hijikata R.,FALSE,Munar J.,TRUE,-0.03721861375127636
29,Rome,Internazionali BNL d'Italia,2024-05-09,Masters 1000,Outdoor,Clay,1st Round,3,Seyboth Wild T.,Barrere G.,61,115,839,560,6,4,6,2,NA,NA,NA,NA,NA,NA,2,0,Completed,1.4,3,1.47,2.89,1.47,3,1.43,2.83,18,1.7591237793414198,0.4621519904732684,1.8847045136523646,0.29533091045521453,0,0,1.7591237793414198,1.8847045136523646,0.4621519904732684,0.29533091045521453,0.4094456973224729,0.4094456973224729,Barrere G.,FALSE,Barrere G.,FALSE,Seyboth Wild T.,TRUE,-0.03721861375127636
29,Rome,Internazionali BNL d'Italia,2024-05-09,Masters 1000,Outdoor,Clay,1st Round,3,Medjedovic H.,Popyrin A.,121,42,522,1057,6,3,6,2,NA,NA,NA,NA,NA,NA,2,0,Completed,1.8,2,1.83,2.02,1.95,2.06,1.81,1.99,17,1.9680381873234933,0.48777027333404094,2.2551407757164026,0.2808048659360689,0,0,1.9680381873234933,2.2551407757164026,0.48777027333404094,0.2808048659360689,0.3049870282080383,0.3049870282080383,Popyrin A.,FALSE,Popyrin A.,FALSE,Medjedovic H.,TRUE,-0.03721861375127636
29,Rome,Internazionali BNL d'Italia,2024-05-09,Masters 1000,Outdoor,Clay,1st Round,3,Napolitano S.,Wolf J.J.,125,101,506,605,6,2,7,6,NA,NA,NA,NA,NA,NA,2,0,Completed,1.44,2.75,1.48,2.83,1.52,2.83,1.45,2.73,21,-3.791546379379597,2.620205986155967,1.9186294209362447,0.2711489415085692,0,0,-3.791546379379597,1.9186294209362447,2.620205986155967,0.2711489415085692,0.01509041363610474,0.015090413636104744,Wolf J.J.,FALSE,Wolf J.J.,FALSE,Napolitano S.,TRUE,-0.03721861375127636
29,Rome,Internazionali BNL d'Italia,2024-05-09,Masters 1000,Outdoor,Clay,1st Round,3,Moutet C.,Safiullin R.,83,39,715,1138,3,6,7,6,6,2,NA,NA,NA,NA,2,1,Completed,1.73,2.1,1.81,2.1,1.81,2.1,1.76,2.06,30,0.9553329799729042,0.39317566185932523,2.143280943954456,0.27808658588087903,0,0,0.9553329799729042,2.143280943954456,0.39317566185932523,0.27808658588087903,0.006816856000274969,0.006816856000274966,Safiullin R.,FALSE,Safiullin R.,FALSE,Moutet C.,TRUE,-0.03721861375127636
29,Rome,Internazionali BNL d'Italia,2024-05-09,Masters 1000,Outdoor,Clay,1st Round,3,Carballes Baena R.,O Connell C.,62,66,826,807,6,7,5,0,NA,NA,NA,NA,NA,NA,0,1,Retired,1.44,2.75,1.43,3.01,1.46,3.01,1.42,2.85,18,1.6247501874927759,0.28198626015765,1.9529265281485184,0.2857978578342349,0,0,1.6247501874927759,1.9529265281485184,0.28198626015765,0.2857978578342349,0.20685283748238167,0.2068528374823817,O Connell C.,FALSE,O Connell C.,FALSE,Carballes Baena R.,TRUE,-0.03721861375127636
31,Lyon,Lyon Open,2024-05-19,ATP250,Outdoor,Clay,1st Round,3,Vukic A.,Mcdonald M.,93,74,647,735,6,2,6,2,NA,NA,NA,NA,NA,NA,2,0,Completed,1.67,2.2,1.65,2.31,1.68,2.31,1.64,2.25,16,1.2087891413835723,0.318506706016866,2.055348067078927,0.26230833390023894,0,0,1.2087891413835723,2.055348067078927,0.318506706016866,0.26230833390023894,0.020100105028052855,0.020100105028052852,Mcdonald M.,FALSE,Mcdonald M.,FALSE,Vukic A.,TRUE,-0.03644381450123503
31,Lyon,Lyon Open,2024-05-20,ATP250,Outdoor,Clay,1st Round,3,Rinderknech A.,Evans D.,73,60,739,831,6,3,4,6,7,6,NA,NA,NA,NA,2,1,Completed,1.67,2.2,1.68,2.3,1.73,2.3,1.66,2.19,32,1.034077988099962,0.3271452290248805,1.669270377158878,0.28888432126307095,0,0,1.034077988099962,1.669270377158878,0.3271452290248805,0.28888432126307095,0.07277912489831705,0.07277912489831703,Evans D.,FALSE,Evans D.,FALSE,Rinderknech A.,TRUE,-0.03644381450123503
32,Paris,French Open,2024-05-26,Grand Slam,Outdoor,Clay,1st Round,5,Martinez P.,Tirante T.A.,48,109,995,580,5,7,6,4,3,6,6,4,6,3,3,2,Completed,1.29,3.75,1.31,3.91,1.35,3.91,1.3,3.58,50,1.1298045592706525,0.4578594380191654,2.4017612850033974,0.9216279399908328,0,0,1.1298045592706525,2.4017612850033974,0.4578594380191654,0.9216279399908328,0.10822978318586333,0.10822978318586335,Tirante T.A.,FALSE,Tirante T.A.,FALSE,Martinez P.,TRUE,-0.035589011656938896
32,Paris,French Open,2024-05-26,Grand Slam,Outdoor,Clay,1st Round,5,Altmaier D.,Djere L.,83,52,702,960,7,5,6,4,6,7,5,7,7,6,3,2,Completed,1.53,2.5,1.61,2.49,1.61,2.55,1.56,2.44,60,1.4852105295584368,0.28301740403975906,2.2157144664976274,0.26626781802099114,0,0,1.4852105295584368,2.2157144664976274,0.28301740403975906,0.26626781802099114,0.03005994660063359,0.030059946600633585,Djere L.,FALSE,Djere L.,FALSE,Altmaier D.,TRUE,-0.035589011656938896
32,Paris,French Open,2024-05-27,Grand Slam,Outdoor,Clay,1st Round,5,Squire H.,Purcell M.,221,94,280,647,6,2,6,2,3,6,4,6,7,6,3,2,Completed,1.44,2.75,1.51,2.75,1.56,2.78,1.48,2.68,48,0,4,1.6476362116311498,0.3237381104083859,0,0,0,1.6476362116311498,4,0.3237381104083859,0.3406951938618261,0.3406951938618261,Purcell M.,FALSE,Purcell M.,FALSE,Squire H.,TRUE,-0.035589011656938896
32,Paris,French Open,2024-05-27,Grand Slam,Outdoor,Clay,1st Round,5,Zverev A.,Nadal R.,4,275,6305,205,6,3,7,6,6,3,NA,NA,NA,NA,3,0,Completed,1.3,3.5,1.31,3.81,1.34,3.81,1.31,3.49,31,3.2717891828012506,0.2389240623291692,3.281875332787787,0.912302051424121,0,0,3.2717891828012506,3.281875332787787,0.2389240623291692,0.912302051424121,0.49573338365830255,0.49573338365830255,Nadal R.,FALSE,Nadal R.,FALSE,Zverev A.,TRUE,-0.035589011656938896
32,Paris,French Open,2024-05-28,Grand Slam,Outdoor,Clay,1st Round,5,Munar J.,Bautista Agut R.,64,81,810,715,6,1,4,6,6,4,6,1,NA,NA,3,1,Completed,1.67,2.2,1.69,2.3,1.8,2.3,1.69,2.2,34,1.7549501433993282,0.2933096000311307,2.1064536921638304,0.289360832321391,0,0,1.7549501433993282,2.1064536921638304,0.2933096000311307,0.289360832321391,0.19679549017211173,0.1967954901721117,Bautista Agut R.,FALSE,Bautista Agut R.,FALSE,Munar J.,TRUE,-0.035589011656938896
32,Paris,French Open,2024-05-28,Grand Slam,Outdoor,Clay,1st Round,5,Zeppieri G.,Mannarino A.,148,22,420,1865,4,6,6,2,6,1,6,2,NA,NA,3,1,Completed,1.22,4.33,1.23,4.71,1.27,4.71,1.23,4.28,33,0.8155547746072325,0.7113015034899292,2.6228106533266855,0.2533166383928141,0,0,0.8155547746072325,2.6228106533266855,0.7113015034899292,0.2533166383928141,0.008343814385939775,0.008343814385939773,Mannarino A.,FALSE,Mannarino A.,FALSE,Zeppieri G.,TRUE,-0.035589011656938896
33,Stuttgart,Stuttgart Open,2024-06-10,ATP250,Outdoor,Grass,1st Round,3,Koepfer D.,Zhang Zh.,65,44,801,1066,4,6,7,6,7,6,NA,NA,NA,NA,2,1,Completed,1.8,2,1.79,2.08,1.81,2.12,1.76,2.02,36,1.5606056007247129,0.41283805305125587,2.209431330321917,0.28486314078923636,0,0,1.5606056007247129,2.209431330321917,0.41283805305125587,0.28486314078923636,0.097907965143567,0.09790796514356699,Zhang Zh.,FALSE,Zhang Zh.,FALSE,Koepfer D.,TRUE,-0.03556112284992218
33,Stuttgart,Stuttgart Open,2024-06-10,ATP250,Outdoor,Grass,1st Round,3,Hanfmann Y.,Squire H.,91,178,646,344,6,3,6,3,NA,NA,NA,NA,NA,NA,2,0,Completed,1.67,2.2,1.71,2.21,1.81,2.3,1.66,2.18,18,2.2455051707993494,0.2614517330508151,3.9839313333318898,2.434387130791708,0,0,2.2455051707993494,3.9839313333318898,0.2614517330508151,2.434387130791708,0.23884300527377053,0.23884300527377053,Squire H.,FALSE,Squire H.,FALSE,Hanfmann Y.,TRUE,-0.03556112284992218
33,Stuttgart,Stuttgart Open,2024-06-10,ATP250,Outdoor,Grass,1st Round,3,Medjedovic H.,Marozsan F.,131,42,497,1122,6,7,6,1,6,4,NA,NA,NA,NA,2,1,Completed,1.57,2.38,1.65,2.31,1.68,2.38,1.61,2.28,30,2.00154150408112,0.4572114299492343,2.3776574641059294,0.3581611955487848,0,0,2.00154150408112,2.3776574641059294,0.4572114299492343,0.3581611955487848,0.25862534055188,0.25862534055187997,Marozsan F.,FALSE,Marozsan F.,FALSE,Medjedovic H.,TRUE,-0.03556112284992218
33,Stuttgart,Stuttgart Open,2024-06-11,ATP250,Outdoor,Grass,1st Round,3,Duckworth J.,Herbert P.H.,101,139,611,448,6,4,7,6,NA,NA,NA,NA,NA,NA,2,0,Completed,1.8,2,1.82,2.05,1.83,2.1,1.79,2,23,1.1413879848767179,0.6016700784383624,2.594960500099964,0.9546902955682129,0,0,1.1413879848767179,2.594960500099964,0.6016700784383624,0.9546902955682129,0.09885671169361288,0.09885671169361288,Herbert P.H.,FALSE,Herbert P.H.,FALSE,Duckworth J.,TRUE,-0.03556112284992218
33,Stuttgart,Stuttgart Open,2024-06-11,ATP250,Outdoor,Grass,1st Round,3,Nakashima B.,Eubanks C.,70,45,750,1017,7,6,6,4,NA,NA,NA,NA,NA,NA,2,0,Completed,1.57,2.38,1.62,2.38,1.69,2.42,1.57,2.34,23,1.5429091521682756,0.314367656889339,1.8254750138846885,0.2842109233797895,0,0,1.5429091521682756,1.8254750138846885,0.314367656889339,0.2842109233797895,0.2524659041183065,0.2524659041183065,Eubanks C.,FALSE,Eubanks C.,FALSE,Nakashima B.,TRUE,-0.03556112284992218
34,'s-Hertogenbosch,Rosmalen Grass Court Championships,2024-06-11,ATP250,Outdoor,Grass,1st Round,3,Brouwer G.,Mensik J.,232,79,259,708,6,1,3,6,6,3,NA,NA,NA,NA,2,1,Completed,1.67,2.2,1.68,2.25,1.72,2.29,1.65,2.19,25,1.5693244667938624,0.4840652387491019,3.339530044040854,0.7219748857587585,0,0,1.5693244667938624,3.339530044040854,0.4840652387491019,0.7219748857587585,0.020849420754129717,0.02084942075412972,Mensik J.,FALSE,Mensik J.,FALSE,Brouwer G.,TRUE,-0.03642011354643086
34,'s-Hertogenbosch,Rosmalen Grass Court Championships,2024-06-11,ATP250,Outdoor,Grass,1st Round,3,Vukic A.,Purcell M.,87,100,674,612,6,3,7,6,NA,NA,NA,NA,NA,NA,2,0,Completed,1.62,2.3,1.65,2.32,1.7,2.34,1.63,2.23,22,1.2606391770522487,0.309598172466748,1.5871207965372691,0.32373002522047023,0,0,1.2606391770522487,1.5871207965372691,0.309598172466748,0.32373002522047023,0.23304739874326366,0.23304739874326366,Purcell M.,FALSE,Purcell M.,FALSE,Vukic A.,TRUE,-0.03642011354643086
35,Halle,Halle Open,2024-06-18,ATP500,Outdoor,Grass,1st Round,3,Duckworth J.,Fonseca J.,88,217,665,283,6,4,6,4,NA,NA,NA,NA,NA,NA,2,0,Completed,1.44,2.75,1.46,2.92,1.48,2.92,1.44,2.74,20,1.4360780568656117,0.5702187403533296,1.892493245661033,0.7393529795617528,0,0,1.4360780568656117,1.892493245661033,0.5702187403533296,0.7393529795617528,0.3124827267717324,0.3124827267717324,Fonseca J.,FALSE,Fonseca J.,FALSE,Duckworth J.,TRUE,-0.036201785791114015
35,Halle,Halle Open,2024-06-19,ATP500,Outdoor,Grass,1st Round,3,Struff J.L.,Darderi L.,41,34,1080,1231,6,7,7,5,7,6,NA,NA,NA,NA,2,1,Completed,1.17,5,1.21,5.04,1.22,5.05,1.18,4.69,38,2.6042575688250595,0.2973742859975022,2.655881792448695,0.556109477938841,0,0,2.6042575688250595,2.655881792448695,0.2973742859975022,0.556109477938841,0.4673782806685741,0.4673782806685741,Darderi L.,FALSE,Darderi L.,FALSE,Struff J.L.,TRUE,-0.036201785791114015
36,Queens Club,Queen's Club Championships,2024-06-18,ATP500,Outdoor,Grass,1st Round,3,Korda S.,Khachanov K.,23,22,1775,1780,7,5,7,6,NA,NA,NA,NA,NA,NA,2,0,Completed,1.67,2.2,1.72,2.23,1.73,2.25,1.68,2.15,25,2.821578904780556,0.28773936909273823,3.083381927963541,0.29089353120290284,17.71875,0,2.821578904780556,3.083381927963541,0.28773936909273823,0.29089353120290284,0.2611341488601329,0.4010587796524515,Khachanov K.,FALSE,Khachanov K.,FALSE,Korda S.,TRUE,-0.03606499650975888
37,Eastbourne,Eastbourne International,2024-06-24,ATP250,Outdoor,Grass,1st Round,3,Purcell M.,Djere L.,94,52,627,936,6,1,4,6,6,3,NA,NA,NA,NA,2,1,Completed,1.53,2.5,1.59,2.5,1.59,2.75,1.54,2.45,26,1.4905186277372877,0.31647683818730504,2.1655206653096846,0.2656430214949415,0,0,1.4905186277372877,2.1655206653096846,0.31647683818730504,0.2656430214949415,0.05116656571941582,0.051166565719415816,Djere L.,FALSE,Djere L.,FALSE,Purcell M.,TRUE,-0.03351425955883384
37,Eastbourne,Eastbourne International,2024-06-24,ATP250,Outdoor,Grass,1st Round,3,Shang J.,Etcheverry T.,104,31,595,1290,7,5,3,6,7,6,NA,NA,NA,NA,2,1,Completed,1.73,2.1,1.65,2.36,1.74,2.36,1.69,2.15,34,1.8416349118218145,0.4324243621380238,2.2068225205288523,0.2656199256119598,0,0,1.8416349118218145,2.2068225205288523,0.4324243621380238,0.2656199256119598,0.23588641754409442,0.23588641754409448,Etcheverry T.,FALSE,Etcheverry T.,FALSE,Shang J.,TRUE,-0.03351425955883384
37,Eastbourne,Eastbourne International,2024-06-24,ATP250,Outdoor,Grass,1st Round,3,Giron M.,Cerundolo F.,46,27,1005,1565,7,6,7,6,NA,NA,NA,NA,NA,NA,2,0,Completed,1.73,2.1,1.76,2.17,1.76,2.25,1.7,2.13,26,1.9041865361042378,0.2477181838995311,2.5588227898952822,0.2622188192712717,9.703125,0,1.9041865361042378,2.5588227898952822,0.2477181838995311,0.2622188192712717,0.03477917680180294,0.04750974546601004,Cerundolo F.,FALSE,Cerundolo F.,FALSE,Giron M.,TRUE,-0.03351425955883384
38,Mallorca,Mallorca Championships,2024-06-25,ATP250,Outdoor,Grass,1st Round,3,Jubb P.,Marterer M.,289,87,191,679,6,1,6,2,NA,NA,NA,NA,NA,NA,2,0,Completed,1.8,2,1.93,1.95,1.93,2.12,1.81,1.98,15,0,4,1.4355626974838467,0.4141413344076364,0,0,0,1.4355626974838467,4,0.4141413344076364,0.36055248090683883,0.3605524809068388,Marterer M.,FALSE,Marterer M.,FALSE,Jubb P.,TRUE,-0.033319433043199606
39,London,Wimbledon,2024-07-01,Grand Slam,Outdoor,Grass,1st Round,5,Shapovalov D.,Jarry N.,121,20,530,1825,6,1,7,5,6,4,NA,NA,NA,NA,3,0,Completed,1.57,2.38,1.58,2.56,1.63,2.56,1.57,2.41,29,2.023579001117454,0.3163104031233035,2.68010449597833,0.27051131929255257,0,0,2.023579001117454,2.68010449597833,0.3163104031233035,0.27051131929255257,0.05735179736398971,0.0573517973639897,Jarry N.,FALSE,Jarry N.,FALSE,Shapovalov D.,TRUE,-0.033113808638785026
39,London,Wimbledon,2024-07-01,Grand Slam,Outdoor,Grass,1st Round,5,Thompson J.,Kotov P.,40,53,1206,893,5,7,5,7,6,4,6,4,6,4,3,2,Completed,1.22,4.33,1.24,4.62,1.29,4.62,1.23,4.18,54,2.0202849991819205,0.2777301972452781,2.1342641350513873,0.3123366985008813,0,0,2.0202849991819205,2.1342641350513873,0.2777301972452781,0.3123366985008813,0.39253990365515434,0.39253990365515434,Kotov P.,FALSE,Kotov P.,FALSE,Thompson J.,TRUE,-0.033113808638785026
39,London,Wimbledon,2024-07-01,Grand Slam,Outdoor,Grass,1st Round,5,Berrettini M.,Fucsovics M.,59,70,845,785,7,6,6,2,3,6,6,1,NA,NA,3,1,Completed,1.17,5,1.21,5.11,1.21,5.32,1.18,4.9,37,2.242038626666481,0.3912380631395188,2.276522566450986,0.2908945667340586,0,0,2.242038626666481,2.276522566450986,0.3912380631395188,0.2908945667340586,0.47180563353573995,0.47180563353573995,Fucsovics M.,FALSE,Fucsovics M.,FALSE,Berrettini M.,TRUE,-0.033113808638785026
39,London,Wimbledon,2024-07-01,Grand Slam,Outdoor,Grass,1st Round,5,Nakashima B.,Baez S.,65,18,825,2020,6,2,6,3,6,4,NA,NA,NA,NA,3,0,Completed,1.14,5.5,1.17,5.92,1.18,6,1.16,5.37,27,1.6675352039033151,0.3053809117953305,2.1048182518228944,0.2620247654336896,0,0,1.6675352039033151,2.1048182518228944,0.3053809117953305,0.2620247654336896,0.13857910355727082,0.1385791035572708,Baez S.,FALSE,Baez S.,FALSE,Nakashima B.,TRUE,-0.033113808638785026
39,London,Wimbledon,2024-07-01,Grand Slam,Outdoor,Grass,1st Round,5,Harris L.,Michelsen A.,118,55,541,881,3,6,4,6,7,6,6,2,7,6,3,2,Completed,1.73,2.1,1.82,2.11,1.85,2.11,1.77,2.06,53,1.3734861254292472,0.4373011425134109,1.7664464286539303,0.3731231735497289,0,0,1.3734861254292472,1.7664464286539303,0.4373011425134109,0.3731231735497289,0.24711804287682546,0.24711804287682548,Michelsen A.,FALSE,Michelsen A.,FALSE,Harris L.,TRUE,-0.033113808638785026
39,London,Wimbledon,2024-07-01,Grand Slam,Outdoor,Grass,1st Round,5,Vukic A.,Ofner S.,69,45,789,1038,6,7,6,4,6,4,3,6,7,6,3,2,Completed,1.67,2.2,1.79,2.14,1.79,2.25,1.71,2.14,55,1.404836936464746,0.2993656802372312,2.004757113216014,0.30050386062669043,10.96875,19.96875,1.404836936464746,2.004757113216014,0.2993656802372312,0.30050386062669043,0.07863245865096248,0.05957484031492505,Ofner S.,FALSE,Ofner S.,FALSE,Vukic A.,TRUE,-0.033113808638785026
39,London,Wimbledon,2024-07-01,Grand Slam,Outdoor,Grass,1st Round,5,Bublik A.,Mensik J.,23,78,1730,738,4,6,6,7,6,4,6,4,6,2,3,2,Completed,1.44,2.75,1.44,3.03,1.47,3.03,1.44,2.82,51,2.2598192526261784,0.2792339729298437,2.9312722852369975,0.6182787482676779,0,0,2.2598192526261784,2.9312722852369975,0.2792339729298437,0.6182787482676779,0.1611493658298705,0.16114936582987047,Mensik J.,FALSE,Mensik J.,FALSE,Bublik A.,TRUE,-0.033113808638785026
39,London,Wimbledon,2024-07-02,Grand Slam,Outdoor,Grass,1st Round,5,Fearnley J.,Moro Canas A.,277,188,206,321,7,5,6,4,7,6,NA,NA,NA,NA,3,0,Completed,1.5,2.63,1.49,2.84,1.55,2.84,1.48,2.67,35,-1.7438679306338314,3.0692285688954275,4.0426483553426,2.4225225609542225,0,0,-1.7438679306338314,4.0426483553426,3.0692285688954275,2.4225225609542225,0.06945069544119414,0.06945069544119416,Moro Canas A.,FALSE,Moro Canas A.,FALSE,Fearnley J.,TRUE,-0.033113808638785026
39,London,Wimbledon,2024-07-02,Grand Slam,Outdoor,Grass,1st Round,5,Walton A.,Coria F.,101,72,607,776,6,3,6,3,7,5,NA,NA,NA,NA,3,0,Completed,1.25,4,1.26,4.29,1.31,4.29,1.25,3.97,30,0.8025560477343213,0.9290216060818278,1.403260407843608,0.3704948156536233,0,0,0.8025560477343213,1.403260407843608,0.9290216060818278,0.3704948156536233,0.2740532193131764,0.2740532193131764,Coria F.,FALSE,Coria F.,FALSE,Walton A.,TRUE,-0.033113808638785026
39,London,Wimbledon,2024-07-03,Grand Slam,Outdoor,Grass,1st Round,5,Safiullin R.,Cerundolo F.,44,30,1045,1315,6,7,3,6,7,5,6,3,6,4,3,2,Completed,1.73,2.1,1.76,2.19,1.78,2.19,1.73,2.1,53,1.966252011876995,0.26892354941748736,2.4965744501150655,0.25933585878073334,0,0,1.966252011876995,2.4965744501150655,0.26892354941748736,0.25933585878073334,0.07787624608338467,0.07787624608338466,Cerundolo F.,FALSE,Cerundolo F.,FALSE,Safiullin R.,TRUE,-0.033113808638785026
39,London,Wimbledon,2024-07-03,Grand Slam,Outdoor,Grass,1st Round,5,Pouille L.,Djere L.,212,51,284,936,3,6,7,6,3,6,6,3,6,1,3,2,Completed,1.5,2.63,1.55,2.59,1.57,2.65,1.52,2.53,47,1.2049805592456238,0.8461689566715717,2.110448803606234,0.26424225880521135,0,0,1.2049805592456238,2.110448803606234,0.8461689566715717,0.26424225880521135,0.15352457017469953,0.15352457017469953,Djere L.,FALSE,Djere L.,FALSE,Pouille L.,TRUE,-0.033113808638785026
39,London,Wimbledon,2024-07-03,Grand Slam,Outdoor,Grass,1st Round,5,Rinderknech A.,Nishikori K.,76,401,754,118,5,7,6,4,6,7,6,3,6,2,3,2,Completed,1.36,3.2,1.39,3.26,1.41,3.26,1.37,3.11,52,1.2263245237223566,0.3085777044944651,2.209082030098178,0.8847758341440217,0,0,1.2263245237223566,2.209082030098178,0.3085777044944651,0.8847758341440217,0.14713817696921375,0.14713817696921372,Nishikori K.,FALSE,Nishikori K.,FALSE,Rinderknech A.,TRUE,-0.033113808638785026
40,Bastad,Nordea Open,2024-07-16,ATP250,Outdoor,Clay,1st Round,3,Carballes Baena R.,Safiullin R.,54,67,906,785,5,7,7,6,6,3,NA,NA,NA,NA,2,1,Completed,1.62,2.3,1.61,2.46,1.65,2.46,1.6,2.3,34,1.802900889218456,0.27182830993405627,2.031971677468373,0.2664089721579029,0,0,1.802900889218456,2.031971677468373,0.27182830993405627,0.2664089721579029,0.27363669311540306,0.27363669311540306,Safiullin R.,FALSE,Safiullin R.,FALSE,Carballes Baena R.,TRUE,-0.033860743700705964
40,Bastad,Nordea Open,2024-07-16,ATP250,Outdoor,Clay,1st Round,3,Skatov T.,Daniel T.,223,90,265,676,6,7,6,2,7,6,NA,NA,NA,NA,2,1,Completed,1.67,2.2,1.68,2.29,1.68,2.35,1.65,2.2,34,-1.817890508954405,2.8404660339868317,1.5163225259267414,0.3140602168962816,0,0,-1.817890508954405,1.5163225259267414,2.8404660339868317,0.3140602168962816,0.12166249909007808,0.12166249909007808,Daniel T.,FALSE,Daniel T.,FALSE,Skatov T.,TRUE,-0.033860743700705964
41,Gstaad,Suisse Open Gstaad,2024-07-15,ATP250,Outdoor,Clay,1st Round,3,Riedi L.,Barrere G.,134,131,473,475,7,6,7,5,NA,NA,NA,NA,NA,NA,2,0,Completed,1.67,2.2,1.66,2.34,1.68,2.34,1.64,2.23,25,1.0578991274438845,1.1063340304669569,1.788105754818966,0.2895735082399038,0,0,1.0578991274438845,1.788105754818966,1.1063340304669569,0.2895735082399038,0.2615695415225223,0.2615695415225223,Barrere G.,FALSE,Barrere G.,FALSE,Riedi L.,TRUE,-0.03422556438473045
41,Gstaad,Suisse Open Gstaad,2024-07-15,ATP250,Outdoor,Clay,1st Round,3,Fognini F.,Droguet T.,80,141,727,445,6,4,6,3,NA,NA,NA,NA,NA,NA,2,0,Completed,1.73,2.1,1.76,2.17,1.8,2.17,1.73,2.07,19,2.1607166240860622,0.3750385015722231,2.377271479309727,1.2814390171962133,0,0,2.1607166240860622,2.377271479309727,0.3750385015722231,1.2814390171962133,0.43557813670635415,0.4355781367063542,Droguet T.,FALSE,Droguet T.,FALSE,Fognini F.,TRUE,-0.03422556438473045
41,Gstaad,Suisse Open Gstaad,2024-07-15,ATP250,Outdoor,Clay,1st Round,3,Varillas J.P.,Thiem D.,162,133,367,473,6,3,5,7,7,6,NA,NA,NA,NA,2,1,Completed,1.57,2.38,1.62,2.43,1.66,2.5,1.58,2.34,34,1.3639264203758013,0.3754363095893052,1.6608855425648446,0.3144312045370097,0,0,1.3639264203758013,1.6608855425648446,0.3754363095893052,0.3144312045370097,0.27212675444020273,0.27212675444020273,Thiem D.,FALSE,Thiem D.,FALSE,Varillas J.P.,TRUE,-0.03422556438473045
41,Gstaad,Suisse Open Gstaad,2024-07-16,ATP250,Outdoor,Clay,1st Round,3,Heide G.,Napolitano S.,178,125,334,497,7,6,5,7,7,6,NA,NA,NA,NA,2,1,Completed,1.73,2.1,1.91,1.98,1.93,2.15,1.76,2.04,38,-2.552243286804487,2.5974912061861644,0.5060428877575338,1.0439696548485908,0,0,-2.552243286804487,0.5060428877575338,2.5974912061861644,1.0439696548485908,0.13731422429211357,0.13731422429211357,Napolitano S.,FALSE,Napolitano S.,FALSE,Heide G.,TRUE,-0.03422556438473045
41,Gstaad,Suisse Open Gstaad,2024-07-16,ATP250,Outdoor,Clay,1st Round,3,Van De Zandschulp B.,Stricker D.,87,175,687,340,6,3,6,3,NA,NA,NA,NA,NA,NA,2,0,Completed,1.62,2.3,1.63,2.41,1.67,2.5,1.59,2.31,18,2.146869807431071,0.261974971282709,2.304588503805717,0.5094610614504459,0,0,2.146869807431071,2.304588503805717,0.261974971282709,0.5094610614504459,0.3915380253526245,0.3915380253526245,Stricker D.,FALSE,Stricker D.,FALSE,Van De Zandschulp B.,TRUE,-0.03422556438473045
42,Hamburg,European Open,2024-07-15,ATP250,Outdoor,Clay,1st Round,3,Marterer M.,Kwon S.W.,108,349,587,145,6,4,6,7,7,5,NA,NA,NA,NA,2,1,Completed,1.62,2.3,1.66,2.35,1.69,2.4,1.6,2.28,35,1.265412086081738,0.4067482701733763,2.2607389983640505,0.5119905473998411,0,0,1.265412086081738,2.2607389983640505,0.4067482701733763,0.5119905473998411,0.06398558433442685,0.06398558433442683,Kwon S.W.,FALSE,Kwon S.W.,FALSE,Marterer M.,TRUE,-0.034246836010204625
43,Newport,Hall of Fame Championships,2024-07-15,ATP250,Outdoor,Grass,1st Round,3,Cressy M.,Albot R.,180,149,333,411,6,4,4,6,7,6,NA,NA,NA,NA,2,1,Completed,1.53,2.5,1.59,2.49,1.59,2.57,1.54,2.42,33,0.9221856073152505,0.39406228314903996,1.1534593156574031,0.439221730984518,0,0,0.9221856073152505,1.1534593156574031,0.39406228314903996,0.439221730984518,0.3475540121257107,0.3475540121257107,Albot R.,FALSE,Albot R.,FALSE,Cressy M.,TRUE,-0.03443252803727715
44,Atlanta,Atlanta Open,2024-07-23,ATP250,Outdoor,Hard,1st Round,3,Rinderknech A.,Wolf J.J.,64,120,806,519,6,3,6,2,NA,NA,NA,NA,NA,NA,2,0,Completed,1.67,2.2,1.7,2.27,1.73,2.27,1.67,2.17,17,1.3527643552358164,0.2997660386172477,1.8079551032409715,0.2713946266873808,0,0,1.3527643552358164,1.8079551032409715,0.2997660386172477,0.2713946266873808,0.13015047036622104,0.13015047036622104,Wolf J.J.,FALSE,Wolf J.J.,FALSE,Rinderknech A.,TRUE,-0.03464482763218126
44,Atlanta,Atlanta Open,2024-07-24,ATP250,Outdoor,Hard,1st Round,3,Purcell M.,O Connell C.,66,93,795,653,4,6,7,5,6,2,NA,NA,NA,NA,2,1,Completed,1.62,2.3,1.66,2.35,1.67,2.35,1.62,2.25,30,1.4378499844657846,0.30849491417256514,1.8710242670161488,0.2830378403915271,0,0,1.4378499844657846,1.8710242670161488,0.30849491417256514,0.2830378403915271,0.1504141931437778,0.15041419314377777,O Connell C.,FALSE,O Connell C.,FALSE,Purcell M.,TRUE,-0.03464482763218126
45,Kitzbuhel,Generali Open,2024-07-23,ATP250,Outdoor,Clay,1st Round,3,Diaz Acosta F.,Coria F.,77,73,737,747,2,6,6,3,6,0,NA,NA,NA,NA,2,1,Completed,1.73,2.1,1.68,2.3,1.74,2.3,1.69,2.14,23,1.0094219873654813,0.47527038537767513,1.2294709849923713,0.3621524617590427,0,0,1.0094219873654813,1.2294709849923713,0.47527038537767513,0.3621524617590427,0.356336959037712,0.356336959037712,Coria F.,FALSE,Coria F.,FALSE,Diaz Acosta F.,TRUE,-0.034344670930285884
46,Umag,Croatia Open,2024-07-21,ATP250,Outdoor,Clay,1st Round,3,Marozsan F.,Shevchenko A.,49,58,995,885,6,4,4,6,7,6,NA,NA,NA,NA,2,1,Completed,1.57,2.38,1.67,2.34,1.67,2.46,1.59,2.31,33,2.170207245113613,0.32897745663654165,2.1821593759088924,0.28256017069532585,0,0,2.170207245113613,2.1821593759088924,0.32897745663654165,0.28256017069532585,0.4890062767671435,0.48900627676714353,Shevchenko A.,FALSE,Shevchenko A.,FALSE,Marozsan F.,TRUE,-0.03485776422299172
47,Washington,Citi Open,2024-07-29,ATP500,Outdoor,Hard,1st Round,3,Shapovalov D.,Bautista Agut R.,139,76,450,745,6,1,6,4,NA,NA,NA,NA,NA,NA,2,0,Completed,1.5,2.63,1.52,2.69,1.62,2.69,1.54,2.46,17,2.00065134617067,0.30820834918249645,2.1144370135629567,0.2813066541889465,0,0,2.00065134617067,2.1144370135629567,0.30820834918249645,0.2813066541889465,0.3925489562006663,0.39254895620066627,Bautista Agut R.,FALSE,Bautista Agut R.,FALSE,Shapovalov D.,TRUE,-0.03521990244710817
47,Washington,Citi Open,2024-07-30,ATP500,Outdoor,Hard,1st Round,3,Albot R.,Diaz Acosta F.,152,62,411,827,7,6,6,3,NA,NA,NA,NA,NA,NA,2,0,Completed,1.5,2.63,1.52,2.71,1.53,2.75,1.49,2.6,22,1.0440074236536856,0.4292491125258159,1.141928960160295,0.45625377243159027,0,0,1.0440074236536856,1.141928960160295,0.4292491125258159,0.45625377243159027,0.4378922642718085,0.4378922642718085,Diaz Acosta F.,FALSE,Diaz Acosta F.,FALSE,Albot R.,TRUE,-0.03521990244710817
48,Montreal,Canadian Open,2024-08-06,Masters 1000,Outdoor,Hard,1st Round,3,Etcheverry T.,Jarry N.,38,24,1255,1710,7,6,6,7,6,2,NA,NA,NA,NA,2,1,Completed,1.73,2.1,1.77,2.15,1.8,2.25,1.74,2.1,34,2.140112597745846,0.26061281862255903,2.643815627185752,0.2687631927415779,0,0,2.140112597745846,2.643815627185752,0.26061281862255903,0.2687631927415779,0.08923684274684894,0.08923684274684893,Jarry N.,FALSE,Jarry N.,FALSE,Etcheverry T.,TRUE,-0.03294861604342682
48,Montreal,Canadian Open,2024-08-07,Masters 1000,Outdoor,Hard,1st Round,3,Humbert U.,Fils A.,15,23,2360,1770,6,2,6,2,NA,NA,NA,NA,NA,NA,2,0,Completed,1.62,2.3,1.65,2.35,1.65,2.35,1.62,2.27,16,2.4736011904244912,0.26249427051123364,2.6681158293989813,0.28703829338025355,0,0,2.4736011904244912,2.6681158293989813,0.26249427051123364,0.28703829338025355,0.30850871264796587,0.30850871264796587,Fils A.,FALSE,Fils A.,FALSE,Humbert U.,TRUE,-0.03294861604342682
48,Montreal,Canadian Open,2024-08-07,Masters 1000,Outdoor,Hard,1st Round,3,Rinderknech A.,Mannarino A.,65,31,786,1340,6,4,2,6,6,4,NA,NA,NA,NA,2,1,Completed,1.5,2.63,1.56,2.57,1.56,2.63,1.52,2.53,28,1.4226077750621724,0.29494845457498786,2.4759711353079132,0.2529640998588684,0,0,1.4226077750621724,2.4759711353079132,0.29494845457498786,0.2529640998588684,0.0033552201428745693,0.0033552201428745684,Mannarino A.,FALSE,Mannarino A.,FALSE,Rinderknech A.,TRUE,-0.03294861604342682
48,Montreal,Canadian Open,2024-08-08,Masters 1000,Outdoor,Hard,1st Round,3,Kokkinakis T.,Monfils G.,81,34,697,1315,6,3,6,3,NA,NA,NA,NA,NA,NA,2,0,Completed,1.73,2.1,1.84,2.05,1.84,2.12,1.78,2.04,18,2.233789671531831,0.3091273990980223,2.6023368713993,0.3087249074378344,0,0,2.233789671531831,2.6023368713993,0.3091273990980223,0.3087249074378344,0.19945366035305506,0.19945366035305506,Monfils G.,FALSE,Monfils G.,FALSE,Kokkinakis T.,TRUE,-0.03294861604342682
49,Cincinnati,Western & Southern Financial Group Masters,2024-08-13,Masters 1000,Outdoor,Hard,1st Round,3,Michelsen A.,Griekspoor T.,57,41,905,1220,6,1,5,7,6,2,NA,NA,NA,NA,2,1,Completed,1.8,2,1.89,2,1.9,2,1.82,1.97,27,1.6306763071630794,0.3607828127013059,2.7797052747100923,0.26436507962121847,0,0,1.6306763071630794,2.7797052747100923,0.3607828127013059,0.26436507962121847,0.005100128267289496,0.005100128267289494,Griekspoor T.,FALSE,Griekspoor T.,FALSE,Michelsen A.,TRUE,-0.03223509294855908
49,Cincinnati,Western & Southern Financial Group Masters,2024-08-13,Masters 1000,Outdoor,Hard,1st Round,3,Shelton B.,Opelka R.,14,322,2955,157,7,6,7,6,NA,NA,NA,NA,NA,NA,2,0,Completed,1.44,2.75,1.52,2.7,1.55,2.8,1.47,2.67,26,2.4070331264276583,0.2740972025696142,4.71215914096036,2.002034678922929,0,0,2.4070331264276583,4.71215914096036,0.2740972025696142,2.002034678922929,0.12698696890297184,0.12698696890297184,Opelka R.,FALSE,Opelka R.,FALSE,Shelton B.,TRUE,-0.03223509294855908
49,Cincinnati,Western & Southern Financial Group Masters,2024-08-13,Masters 1000,Outdoor,Hard,1st Round,3,Musetti L.,Jarry N.,18,25,2250,1710,4,6,7,6,7,6,NA,NA,NA,NA,2,1,Completed,1.4,3,1.44,3,1.44,3.1,1.41,2.89,36,2.5389551390004663,0.26168841686022404,2.592901589364582,0.26760368368333637,0,0,2.5389551390004663,2.592901589364582,0.26168841686022404,0.26760368368333637,0.4426987828876374,0.4426987828876374,Jarry N.,FALSE,Jarry N.,FALSE,Musetti L.,TRUE,-0.03223509294855908
49,Cincinnati,Western & Southern Financial Group Masters,2024-08-14,Masters 1000,Outdoor,Hard,1st Round,3,Borges N.,Mannarino A.,39,33,1265,1340,6,4,3,6,6,1,NA,NA,NA,NA,2,1,Completed,1.33,3.4,1.38,3.26,1.41,3.4,1.35,3.15,26,1.3227217779781832,0.32847252638009383,2.4168102550540547,0.252154398599259,0,0,1.3227217779781832,2.4168102550540547,0.32847252638009383,0.252154398599259,0.004119577570438337,0.004119577570438337,Mannarino A.,FALSE,Mannarino A.,FALSE,Borges N.,TRUE,-0.03223509294855908
50,Winston-Salem,Winston-Salem Open at Wake Forest University,2024-08-18,ATP250,Outdoor,Hard,1st Round,3,Vukic A.,Evans D.,94,187,604,324,2,6,6,4,6,1,NA,NA,NA,NA,2,1,Completed,1.53,2.5,1.63,2.4,1.63,2.6,1.57,2.37,25,1.4038993616635513,0.2922953681041445,1.5349462917668386,0.2825831212402411,0,0,1.4038993616635513,1.5349462917668386,0.2922953681041445,0.2825831212402411,0.37360048466899554,0.37360048466899554,Evans D.,FALSE,Evans D.,FALSE,Vukic A.,TRUE,-0.028504294508330905
50,Winston-Salem,Winston-Salem Open at Wake Forest University,2024-08-18,ATP250,Outdoor,Hard,1st Round,3,Cazaux A.,Van De Zandschulp B.,97,73,596,739,6,1,7,6,NA,NA,NA,NA,NA,NA,2,0,Completed,1.8,2,1.94,1.94,1.99,2,1.86,1.92,20,1.313417223263044,0.5650765472061344,2.1814891986035856,0.2605874745393745,0,0,1.313417223263044,2.1814891986035856,0.5650765472061344,0.2605874745393745,0.08150591873655877,0.08150591873655877,Van De Zandschulp B.,FALSE,Van De Zandschulp B.,FALSE,Cazaux A.,TRUE,-0.028504294508330905
50,Winston-Salem,Winston-Salem Open at Wake Forest University,2024-08-19,ATP250,Outdoor,Hard,1st Round,3,Goffin D.,Munar J.,90,82,635,682,7,5,4,6,6,3,NA,NA,NA,NA,2,1,Completed,1.73,2.1,1.81,2.09,1.85,2.13,1.76,2.05,31,1.488953241893213,0.3494494877044036,1.7142198716309005,0.27873634725386526,0,0,1.488953241893213,1.7142198716309005,0.3494494877044036,0.27873634725386526,0.30714744033786046,0.30714744033786046,Munar J.,FALSE,Munar J.,FALSE,Goffin D.,TRUE,-0.028504294508330905
51,New York,US Open,2024-08-26,Grand Slam,Outdoor,Hard,1st Round,5,Shang J.,Bublik A.,72,27,754,1650,6,4,3,6,5,7,6,3,6,4,3,2,Completed,1.67,2.2,1.71,2.27,1.74,2.33,1.67,2.2,50,2.1297462560842004,0.39967778945995097,2.2656407388104487,0.27538150414934603,0,0,2.1297462560842004,2.2656407388104487,0.39967778945995097,0.27538150414934603,0.38974442434904244,0.3897444243490424,Bublik A.,FALSE,Bublik A.,FALSE,Shang J.,TRUE,-0.028641656119713053
51,New York,US Open,2024-08-26,Grand Slam,Outdoor,Hard,1st Round,5,Popyrin A.,Kwon S.W.,28,340,1635,145,7,5,6,2,6,3,NA,NA,NA,NA,3,0,Completed,1.1,7,1.12,7.54,1.14,7.65,1.11,6.62,29,2.05219456280993,0.26200026023889555,2.0747278256262427,0.48351603272103305,0,0,2.05219456280993,2.0747278256262427,0.26200026023889555,0.48351603272103305,0.4836582392508356,0.48365823925083556,Kwon S.W.,FALSE,Kwon S.W.,FALSE,Popyrin A.,TRUE,-0.028641656119713053
51,New York,US Open,2024-08-26,Grand Slam,Outdoor,Hard,1st Round,5,Rinderknech A.,Eubanks C.,56,106,915,545,6,4,4,6,3,6,6,3,7,6,3,2,Completed,1.67,2.2,1.67,2.35,1.71,2.35,1.67,2.22,51,1.50514554766955,0.2903993196491425,1.796799510920687,0.27537317236432035,0,0,1.50514554766955,1.796799510920687,0.2903993196491425,0.27537317236432035,0.2330724905147039,0.23307249051470394,Eubanks C.,FALSE,Eubanks C.,FALSE,Rinderknech A.,TRUE,-0.028641656119713053
51,New York,US Open,2024-08-26,Grand Slam,Outdoor,Hard,1st Round,5,Baez S.,Darderi L.,23,37,1800,1291,6,4,6,7,6,0,7,6,NA,NA,3,1,Completed,1.73,2.1,1.71,2.27,1.74,2.27,1.7,2.17,42,2.1137775067652056,0.2570828600120675,2.576384606395748,0.46030374390332723,0,0,2.1137775067652056,2.576384606395748,0.2570828600120675,0.46030374390332723,0.19012658118507758,0.19012658118507758,Darderi L.,FALSE,Darderi L.,FALSE,Baez S.,TRUE,-0.028641656119713053
51,New York,US Open,2024-08-27,Grand Slam,Outdoor,Hard,1st Round,5,Machac T.,Fognini F.,39,71,1224,759,7,5,6,1,6,3,NA,NA,NA,NA,3,0,Completed,1.2,4.5,1.24,4.54,1.26,4.54,1.23,4.24,28,2.199001280183375,0.38369045629820675,2.2795487859384918,0.36602478356979323,0,0,2.199001280183375,2.2795487859384918,0.38369045629820675,0.36602478356979323,0.43963394558750213,0.43963394558750213,Fognini F.,FALSE,Fognini F.,FALSE,Machac T.,TRUE,-0.028641656119713053
51,New York,US Open,2024-08-27,Grand Slam,Outdoor,Hard,1st Round,5,Bergs Z.,Kotov P.,80,60,697,864,6,2,4,6,6,2,3,6,7,6,3,2,Completed,1.8,2,1.75,2.21,1.8,2.21,1.75,2.09,48,1.2381914399924119,0.4872839113048277,2.0912366907399362,0.3014874039460165,0,0,1.2381914399924119,2.0912366907399362,0.4872839113048277,0.3014874039460165,0.06828192421715472,0.06828192421715472,Kotov P.,FALSE,Kotov P.,FALSE,Bergs Z.,TRUE,-0.028641656119713053
51,New York,US Open,2024-08-28,Grand Slam,Outdoor,Hard,1st Round,5,Bellucci M.,Wawrinka S.,101,176,555,333,6,4,7,6,6,3,NA,NA,NA,NA,3,0,Completed,1.4,3,1.4,3.2,1.47,3.2,1.39,3,32,1.5637982204408667,0.8446551965924685,2.07277004719217,0.2787936764378228,0,0,1.5637982204408667,2.07277004719217,0.8446551965924685,0.2787936764378228,0.28358813558775964,0.28358813558775964,Wawrinka S.,FALSE,Wawrinka S.,FALSE,Bellucci M.,TRUE,-0.028641656119713053
52,Chengdu,Chengdu Open,2024-09-19,ATP250,Outdoor,Hard,1st Round,3,O Connell C.,Kotov P.,75,61,720,864,6,4,7,5,NA,NA,NA,NA,NA,NA,2,0,Completed,1.67,2.2,1.7,2.24,1.7,2.28,1.66,2.19,22,1.915069570273358,0.27533708643460675,2.037927074846038,0.2989182713811434,0,0,1.915069570273358,2.037927074846038,0.27533708643460675,0.2989182713811434,0.38120966520784894,0.38120966520784894,Kotov P.,FALSE,Kotov P.,FALSE,O Connell C.,TRUE,-0.028737059730623113
52,Chengdu,Chengdu Open,2024-09-19,ATP250,Outdoor,Hard,1st Round,3,Safiullin R.,Fognini F.,56,79,915,694,6,3,4,6,6,4,NA,NA,NA,NA,2,1,Completed,1.2,4.5,1.23,4.47,1.25,4.5,1.21,4.25,29,1.957280677518835,0.2642015252464954,2.212296340000147,0.36006784997735597,0,0,1.957280677518835,2.212296340000147,0.2642015252464954,0.36006784997735597,0.2839943367162784,0.2839943367162784,Fognini F.,FALSE,Fognini F.,FALSE,Safiullin R.,TRUE,-0.028737059730623113
53,Hangzhou,Hangzhou Open,2024-09-18,ATP250,Outdoor,Hard,1st Round,3,Cilic M.,Svajda Z.,777,135,28,452,5,7,6,3,6,0,NA,NA,NA,NA,2,1,Completed,1.73,2.1,1.81,2.1,1.82,2.1,1.76,2.04,27,0.7145237902849862,0.920431825593365,0.9010326339770465,0.5981877729481392,0,0,0.7145237902849862,0.9010326339770465,0.920431825593365,0.5981877729481392,0.4325431109315528,0.43254311093155273,Svajda Z.,FALSE,Svajda Z.,FALSE,Cilic M.,TRUE,-0.028701076588074678
53,Hangzhou,Hangzhou Open,2024-09-19,ATP250,Outdoor,Hard,1st Round,3,Hijikata R.,Dzumhur D.,81,86,681,655,2,6,7,6,6,2,NA,NA,NA,NA,2,1,Completed,1.73,2.1,1.85,2.05,1.85,2.14,1.74,2.08,29,1.8896714058212905,0.31215422954089067,2.002140773055794,1.0092331135057029,0,0,1.8896714058212905,2.002140773055794,0.31215422954089067,1.0092331135057029,0.45760701290356465,0.45760701290356465,Dzumhur D.,FALSE,Dzumhur D.,FALSE,Hijikata R.,TRUE,-0.028701076588074678
53,Hangzhou,Hangzhou Open,2024-09-19,ATP250,Outdoor,Hard,1st Round,3,Bu Y.,Gaston H.,124,77,484,714,7,5,6,3,NA,NA,NA,NA,NA,NA,2,0,Completed,1.44,2.75,1.53,2.65,1.53,2.78,1.46,2.64,21,-2.4922556050158,2.51931307459399,1.3093531376181087,0.38603746772185454,0,0,-2.4922556050158,1.3093531376181087,2.51931307459399,0.38603746772185454,0.06790505435597852,0.06790505435597852,Gaston H.,FALSE,Gaston H.,FALSE,Bu Y.,TRUE,-0.028701076588074678
53,Hangzhou,Hangzhou Open,2024-09-19,ATP250,Outdoor,Hard,1st Round,3,Shevchenko A.,Trungelliti M.,58,138,870,423,6,1,6,1,NA,NA,NA,NA,NA,NA,2,0,Completed,1.73,2.1,1.78,2.14,1.78,2.29,1.68,2.14,14,2.161694980276998,0.27836540506064994,2.6370217066139316,1.10771279017541,0,0,2.161694980276998,2.6370217066139316,0.27836540506064994,1.10771279017541,0.33864387882025504,0.33864387882025504,Trungelliti M.,FALSE,Trungelliti M.,FALSE,Shevchenko A.,TRUE,-0.028701076588074678
53,Hangzhou,Hangzhou Open,2024-09-19,ATP250,Outdoor,Hard,1st Round,3,Bellucci M.,Karatsev A.,108,115,529,508,6,4,6,0,NA,NA,NA,NA,NA,NA,2,0,Completed,1.73,2.1,1.77,2.16,1.77,2.18,1.71,2.1,16,1.9925303170702076,0.7551249534426832,2.073239649179768,0.28727330788795574,0,0,1.9925303170702076,2.073239649179768,0.7551249534426832,0.28727330788795574,0.4602129293806753,0.4602129293806754,Karatsev A.,FALSE,Karatsev A.,FALSE,Bellucci M.,TRUE,-0.028701076588074678
54,Beijing,China Open,2024-09-27,ATP500,Outdoor,Hard,1st Round,3,Safiullin R.,Wawrinka S.,69,233,790,243,6,3,6,4,NA,NA,NA,NA,NA,NA,2,0,Completed,1.4,3,1.41,3.11,1.41,3.15,1.38,2.99,19,1.9945682608529385,0.2627707550866613,2.0493974339252783,0.27893670139566235,0,0,1.9945682608529385,2.0493974339252783,0.2627707550866613,0.27893670139566235,0.4431148467855134,0.4431148467855134,Wawrinka S.,FALSE,Wawrinka S.,FALSE,Safiullin R.,TRUE,-0.028955527410585154
55,Tokyo,Japan Open Tennis Championships,2024-09-26,ATP500,Outdoor,Hard,1st Round,3,O Connell C.,Etcheverry T.,79,35,700,1370,6,4,7,6,NA,NA,NA,NA,NA,NA,2,0,Completed,1.73,2.1,1.83,2.08,1.83,2.11,1.76,2.03,23,1.9652495128832088,0.273009032735812,2.2641480392237554,0.25570873063596156,0,0,1.9652495128832088,2.2641480392237554,0.273009032735812,0.25570873063596156,0.21212615303758087,0.2121261530375809,Etcheverry T.,FALSE,Etcheverry T.,FALSE,O Connell C.,TRUE,-0.0292453976317522
56,Shanghai,Shanghai Masters,2024-10-02,Masters 1000,Outdoor,Hard,1st Round,3,Shapovalov D.,Sonego L.,102,49,568,1081,7,6,7,6,NA,NA,NA,NA,NA,NA,2,0,Completed,1.5,2.63,1.66,2.34,1.66,2.63,1.59,2.34,26,1.9214822091951362,0.29688124061250837,2.1912180196062057,0.24554476672570885,0,0,1.9214822091951362,2.1912180196062057,0.29688124061250837,0.24554476672570885,0.24192404380554866,0.2419240438055487,Sonego L.,FALSE,Sonego L.,FALSE,Shapovalov D.,TRUE,-0.02846730629883581
56,Shanghai,Shanghai Masters,2024-10-02,Masters 1000,Outdoor,Hard,1st Round,3,Daniel T.,Gerasimov E.,93,304,619,170,6,7,6,3,6,4,NA,NA,NA,NA,2,1,Completed,1.29,3.75,1.35,3.47,1.35,3.75,1.3,3.43,32,1.3841341679048194,0.301891561169656,1.760446776214919,1.362322592855663,0,0,1.3841341679048194,1.760446776214919,0.301891561169656,1.362322592855663,0.3937007849827392,0.39370078498273925,Gerasimov E.,FALSE,Gerasimov E.,FALSE,Daniel T.,TRUE,-0.02846730629883581
56,Shanghai,Shanghai Masters,2024-10-03,Masters 1000,Outdoor,Hard,1st Round,3,Kecmanovic M.,Hijikata R.,55,78,945,718,6,2,6,2,NA,NA,NA,NA,NA,NA,2,0,Completed,1.53,2.5,1.55,2.58,1.58,2.6,1.53,2.46,16,1.8041025348291575,0.2429995259060375,1.9228095121027686,0.3098485507282393,0,0,1.8041025348291575,1.9228095121027686,0.2429995259060375,0.3098485507282393,0.38153086489852395,0.38153086489852395,Hijikata R.,FALSE,Hijikata R.,FALSE,Kecmanovic M.,TRUE,-0.02846730629883581
56,Shanghai,Shanghai Masters,2024-10-03,Masters 1000,Outdoor,Hard,1st Round,3,Atmane T.,Kovacevic A.,161,76,369,740,6,4,7,6,NA,NA,NA,NA,NA,NA,2,0,Completed,1.73,2.1,1.75,2.18,1.76,2.32,1.69,2.14,23,0.879419789199889,0.6738931641484707,1.0960759348862705,0.3736986276442661,0,0,0.879419789199889,1.0960759348862705,0.6738931641484707,0.3736986276442661,0.3892929173824698,0.3892929173824698,Kovacevic A.,FALSE,Kovacevic A.,FALSE,Atmane T.,TRUE,-0.02846730629883581
57,Almaty,Almaty Open,2024-10-15,ATP250,Indoor,Hard,1st Round,3,Diallo G.,O Connell C.,118,72,497,762,7,6,6,2,NA,NA,NA,NA,NA,NA,2,0,Completed,1.8,2,1.94,1.94,1.94,2,1.87,1.91,21,0.44889700164260776,0.6783371870920634,1.9813223125992767,0.2680016122240812,0,0,0.44889700164260776,1.9813223125992767,0.6783371870920634,0.2680016122240812,0.01781809590960622,0.017818095909606223,O Connell C.,FALSE,O Connell C.,FALSE,Diallo G.,TRUE,-0.02899672816971729
57,Almaty,Almaty Open,2024-10-15,ATP250,Indoor,Hard,1st Round,3,Virtanen O.,Fognini F.,116,76,499,721,6,3,7,6,NA,NA,NA,NA,NA,NA,2,0,Completed,1.57,2.38,1.58,2.57,1.64,2.6,1.54,2.44,22,1.0284694152227742,0.7626673795089197,2.1877070732406607,0.3488252821473979,0,0,1.0284694152227742,2.1877070732406607,0.7626673795089197,0.3488252821473979,0.08344599352261053,0.08344599352261053,Fognini F.,FALSE,Fognini F.,FALSE,Virtanen O.,TRUE,-0.02899672816971729
59,Stockholm,Nordic Open,2024-10-15,ATP250,Indoor,Hard,1st Round,3,Kecmanovic M.,Norrie C.,55,52,965,989,6,4,6,4,NA,NA,NA,NA,NA,NA,2,0,Completed,1.8,2,1.88,2.02,1.95,2.02,1.84,1.94,20,1.8336350198565534,0.24120121941289802,2.4073034386585928,0.2705205340214624,0,0,1.8336350198565534,2.4073034386585928,0.24120121941289802,0.2705205340214624,0.05673172399750861,0.05673172399750861,Norrie C.,FALSE,Norrie C.,FALSE,Kecmanovic M.,TRUE,-0.030334582087677905
60,Basel,Swiss Indoors,2024-10-22,ATP500,Indoor,Hard,1st Round,3,Van De Zandschulp B.,Bublik A.,67,32,804,1460,3,6,6,4,4,0,NA,NA,NA,NA,1,1,Retired,1.67,2.2,1.73,2.22,1.74,2.23,1.68,2.15,23,2.1022524650519,0.25433351203229687,2.1791748861197613,0.27273886811437753,0,0,2.1022524650519,2.1791748861197613,0.25433351203229687,0.27273886811437753,0.4182905646019869,0.4182905646019869,Bublik A.,FALSE,Bublik A.,FALSE,Van De Zandschulp B.,TRUE,-0.030418500539897756
60,Basel,Swiss Indoors,2024-10-23,ATP500,Indoor,Hard,1st Round,3,Wawrinka S.,Mannarino A.,169,57,343,929,6,3,3,6,7,5,NA,NA,NA,NA,2,1,Completed,1.57,2.38,1.65,2.37,1.7,2.4,1.59,2.31,30,2.089884228718403,0.27270609576232396,2.4104085372280855,0.2434226556524614,0,0,2.089884228718403,2.4104085372280855,0.27270609576232396,0.2434226556524614,0.1902869512110245,0.19028695121102454,Mannarino A.,FALSE,Mannarino A.,FALSE,Wawrinka S.,TRUE,-0.030418500539897756
62,Paris,BNP Paribas Masters,2024-10-28,Masters 1000,Indoor,Hard,1st Round,3,Giron M.,Shang J.,49,51,1105,1075,7,6,7,6,NA,NA,NA,NA,NA,NA,2,0,Completed,1.62,2.3,1.72,2.23,1.72,2.3,1.65,2.23,26,1.9162373874149399,0.24092653506624315,2.1570129847541355,0.3646324877979705,0,0,1.9162373874149399,2.1570129847541355,0.24092653506624315,0.3646324877979705,0.2908423167474793,0.2908423167474793,Shang J.,FALSE,Shang J.,FALSE,Giron M.,TRUE,-0.0296804773443799
62,Paris,BNP Paribas Masters,2024-10-28,Masters 1000,Indoor,Hard,1st Round,3,Kecmanovic M.,Baez S.,55,26,965,1690,6,4,6,7,7,5,NA,NA,NA,NA,2,1,Completed,1.4,3,NA,NA,1.4,3,1.4,3,35,1.9086961119280077,0.23807448536092723,2.1000989523153786,0.25728600488197206,0,0,1.9086961119280077,2.1000989523153786,0.23807448536092723,0.25728600488197206,0.2925230300460906,0.2925230300460906,Baez S.,FALSE,Baez S.,FALSE,Kecmanovic M.,TRUE,-0.0296804773443799
63,Belgrade,Belgrade Open,2024-11-04,ATP250,Indoor,Hard,1st Round,3,Altmaier D.,Darderi L.,93,43,625,1248,7,6,6,3,NA,NA,NA,NA,NA,NA,2,0,Completed,1.8,2,1.79,2.12,1.86,2.18,1.77,2.02,22,1.4383309761442868,0.2773837505398768,1.9658007291492645,0.37894991953306867,0,0,1.4383309761442868,1.9658007291492645,0.2773837505398768,0.37894991953306867,0.13068063665917223,0.13068063665917223,Darderi L.,FALSE,Darderi L.,FALSE,Altmaier D.,TRUE,-0.030233317662011754
63,Belgrade,Belgrade Open,2024-11-04,ATP250,Indoor,Hard,1st Round,3,Cilic M.,Muller A.,196,68,298,790,7,6,6,3,NA,NA,NA,NA,NA,NA,2,0,Completed,1.44,2.75,1.54,2.63,1.54,2.78,1.47,2.65,22,0.6398395644699737,0.6868371890062536,1.724726379912864,0.32853415805086134,0,0,0.6398395644699737,1.724726379912864,0.6868371890062536,0.32853415805086134,0.07709026612171356,0.07709026612171355,Muller A.,FALSE,Muller A.,FALSE,Cilic M.,TRUE,-0.030233317662011754
63,Belgrade,Belgrade Open,2024-11-04,ATP250,Indoor,Hard,1st Round,3,Shapovalov D.,Fucsovics M.,78,91,718,629,6,7,7,5,6,1,NA,NA,NA,NA,2,1,Completed,1.57,2.38,1.66,2.35,1.66,2.45,1.58,2.34,32,2.0225916087601754,0.2921904413259736,2.1317995937979046,0.28211297241576144,0,0,2.0225916087601754,2.1317995937979046,0.2921904413259736,0.28211297241576144,0.39401038422902007,0.39401038422902007,Fucsovics M.,FALSE,Fucsovics M.,FALSE,Shapovalov D.,TRUE,-0.030233317662011754
63,Belgrade,Belgrade Open,2024-11-05,ATP250,Indoor,Hard,1st Round,3,Safiullin R.,Fognini F.,60,74,898,745,6,3,6,3,NA,NA,NA,NA,NA,NA,2,0,Completed,1.22,4.33,1.27,4.09,1.27,4.34,1.23,3.99,18,2.039522981204245,0.2580902968515899,2.0400714797271866,0.3374839993292572,0,0,2.039522981204245,2.0400714797271866,0.2580902968515899,0.3374839993292572,0.49948496170116713,0.4994849617011672,Fognini F.,FALSE,Fognini F.,FALSE,Safiullin R.,TRUE,-0.030233317662011754
64,Metz,Open de Moselle,2024-11-03,ATP250,Indoor,Hard,1st Round,3,Moutet C.,Nagal S.,66,83,804,697,7,5,4,0,NA,NA,NA,NA,NA,NA,2,0,Completed,1.29,3.75,1.34,3.53,1.34,3.75,1.31,3.43,16,1.0480125378473102,0.34169575248214673,1.269167469876959,0.5060877334017759,0,0,1.0480125378473102,1.269167469876959,0.34169575248214673,0.5060877334017759,0.358612761171032,0.35861276117103197,Nagal S.,FALSE,Nagal S.,FALSE,Moutet C.,TRUE,-0.030443152941961035
64,Metz,Open de Moselle,2024-11-04,ATP250,Indoor,Hard,1st Round,3,Gasquet R.,Monteiro T.,133,100,445,609,4,6,6,4,7,6,NA,NA,NA,NA,2,1,Completed,1.73,2.1,1.76,2.17,1.8,2.2,1.74,2.07,33,1.1836875251540366,0.3098164753120715,1.553314581909304,0.34910585258269283,0,0,1.1836875251540366,1.553314581909304,0.3098164753120715,0.34910585258269283,0.21420762178635866,0.2142076217863587,Monteiro T.,FALSE,Monteiro T.,FALSE,Gasquet R.,TRUE,-0.030443152941961035
64,Metz,Open de Moselle,2024-11-05,ATP250,Indoor,Hard,1st Round,3,Gaston H.,Droguet T.,81,174,712,338,7,6,4,6,6,3,NA,NA,NA,NA,2,1,Completed,1.8,2,1.9,1.99,1.9,2.02,1.81,1.97,32,1.1710191752643664,0.3738336280117726,1.6242304518849766,1.0654356382844004,0,0,1.1710191752643664,1.6242304518849766,0.3738336280117726,1.0654356382844004,0.3440681038539122,0.3440681038539122,Droguet T.,FALSE,Droguet T.,FALSE,Gaston H.,TRUE,-0.030443152941961035
64,Metz,Open de Moselle,2024-11-05,ATP250,Indoor,Hard,1st Round,3,Bonzi B.,Bautista Agut R.,124,47,473,1151,7,6,6,3,NA,NA,NA,NA,NA,NA,2,0,Completed,1.8,2,1.89,1.99,1.94,2.14,1.84,1.95,22,1.6260769015067111,0.3362412352999755,2.1294595592089993,0.26904486271352285,0,0,1.6260769015067111,2.1294595592089993,0.3362412352999755,0.26904486271352285,0.12121365998829847,0.12121365998829849,Bautista Agut R.,FALSE,Bautista Agut R.,FALSE,Bonzi B.,TRUE,-0.030443152941961035
