ATP,Location,Tournament,Date,Series,Court,Surface,Round,Best of,Winner,Loser,WRank,LRank,WPts,LPts,W1,L1,W2,L2,W3,L3,W4,L4,W5,L5,Wsets,Lsets,Comment,B365W,B365L,PSW,PSL,MaxW,MaxL,AvgW,AvgL,mu_generic_w,sigma_generic_w,mu_generic_l,sigma_generic_l,mu_winner,mu_loser,sigma_winner,sigma_loser,z_val,pred,ttt_correct,bookie_pred,bookie_correct
1,Brisbane,Brisbane International,2024-01-02,ATP250,Outdoor,Hard,1st Round,3,Machac T.,Etcheverry T.,78,30,722,1375,6,7,7,5,7,6,NA,NA,NA,NA,2,1,Completed,1.36,3.2,1.4,3.17,1.41,3.2,1.37,3.02,1.7062258122802625,0.6141794207618624,2.179906085935964,0.27087972935613763,1.7062258122802625,2.179906085935964,0.6141794207618624,0.27087972935613763,-0.7056567004319637,Etcheverry T.,FALSE,Machac T.,TRUE
2,Hong Kong,Hong Kong Tennis Open,2024-01-02,ATP250,Outdoor,Hard,1st Round,3,Bautista Agut R.,Marozsan F.,57,64,886,805,6,2,6,3,NA,NA,NA,NA,NA,NA,2,0,Completed,1.62,2.3,1.64,2.39,1.7,2.39,1.63,2.24,2.020470928799248,0.3179727200236114,2.550095824817472,0.44558516403697346,2.020470928799248,2.550095824817472,0.3179727200236114,0.44558516403697346,-0.967518392215436,Marozsan F.,FALSE,Bautista Agut R.,TRUE
3,Adelaide,Adelaide International,2024-01-08,ATP250,Outdoor,Hard,1st Round,3,Shevchenko A.,Etcheverry T.,48,30,961,1375,7,6,4,6,7,5,NA,NA,NA,NA,2,1,Completed,1.73,2.1,1.75,2.19,1.75,2.25,1.69,2.15,2.038584387923592,0.3411036072813259,2.1191030503535964,0.2717229254611085,2.038584387923592,2.1191030503535964,0.3411036072813259,0.2717229254611085,-0.18463260597355416,Etcheverry T.,FALSE,Shevchenko A.,TRUE
3,Adelaide,Adelaide International,2024-01-08,ATP250,Outdoor,Hard,1st Round,3,Kecmanovic M.,Mcdonald M.,55,42,910,1055,6,4,6,2,NA,NA,NA,NA,NA,NA,2,0,Completed,1.5,2.63,1.57,2.53,1.57,2.63,1.54,2.43,1.7004213103424834,0.28730978731841417,2.1676346115766822,0.2656290965727372,1.7004213103424834,2.1676346115766822,0.28730978731841417,0.2656290965727372,-1.194041647191868,Mcdonald M.,FALSE,Kecmanovic M.,TRUE
3,Adelaide,Adelaide International,2024-01-09,ATP250,Outdoor,Hard,1st Round,3,Bolt A.,Seyboth Wild T.,325,78,159,714,6,3,6,2,NA,NA,NA,NA,NA,NA,2,0,Completed,1.73,2.1,1.93,1.96,1.93,2.1,1.83,1.96,0.9955251897850352,1.1298178649951927,1.359472036482529,0.6752768144026834,0.9955251897850352,1.359472036482529,1.1298178649951927,0.6752768144026834,-0.27650497236940685,Seyboth Wild T.,FALSE,Bolt A.,TRUE
3,Adelaide,Adelaide International,2024-01-09,ATP250,Outdoor,Hard,1st Round,3,Evans D.,Hijikata R.,40,70,1096,782,6,3,6,4,NA,NA,NA,NA,NA,NA,2,0,Completed,1.8,2,1.83,2.07,1.83,2.07,1.78,2.01,1.7627464544838407,0.3224256980440587,2.011154668823909,0.4031744045689538,1.7627464544838407,2.011154668823909,0.3224256980440587,0.4031744045689538,-0.481183674081532,Hijikata R.,FALSE,Evans D.,TRUE
4,Auckland,ASB Classic,2024-01-08,ATP250,Outdoor,Hard,1st Round,3,Van De Zandschulp B.,Eubanks C.,59,34,865,1235,7,6,6,2,NA,NA,NA,NA,NA,NA,2,0,Completed,1.44,2.75,1.44,2.98,1.46,3.1,1.41,2.83,2.069496835303494,0.28737367220415744,2.1137800689766637,0.3062567403253707,2.069496835303494,2.1137800689766637,0.28737367220415744,0.3062567403253707,-0.10544319926409672,Eubanks C.,FALSE,Van De Zandschulp B.,TRUE
4,Auckland,ASB Classic,2024-01-09,ATP250,Outdoor,Hard,1st Round,3,Ofner S.,Shapovalov D.,37,116,1132,560,6,4,6,2,NA,NA,NA,NA,NA,NA,2,0,Completed,1.8,2,1.94,1.94,1.94,2.36,1.8,1.99,2.1524885909482867,0.3762647020194651,2.29576819211141,0.39038579732019285,2.1524885909482867,2.29576819211141,0.3762647020194651,0.39038579732019285,-0.264258083156734,Shapovalov D.,FALSE,Ofner S.,TRUE
5,Melbourne,Australian Open,2024-01-14,Grand Slam,Outdoor,Hard,1st Round,5,O Connell C.,Garin C.,68,86,814,680,3,6,7,5,4,6,6,1,7,5,3,2,Completed,1.44,2.75,1.43,3.08,1.48,3.16,1.41,2.95,1.8235755331732035,0.31192152392396993,1.9494003990509163,0.34453062518448724,1.8235755331732035,1.9494003990509163,0.31192152392396993,0.34453062518448724,-0.2707342687635329,Garin C.,FALSE,O Connell C.,TRUE
5,Melbourne,Australian Open,2024-01-14,Grand Slam,Outdoor,Hard,1st Round,5,De Jong J.,Cachin P.,161,74,393,763,4,6,6,2,6,3,6,4,NA,NA,3,1,Completed,1.36,3.2,1.35,3.55,1.43,3.55,1.37,3.12,-1.7925332494738426,2.998045752957558,1.4598173783490853,0.3317622676322892,-1.7925332494738426,1.4598173783490853,2.998045752957558,0.3317622676322892,-1.0782418154314835,Cachin P.,FALSE,De Jong J.,TRUE
5,Melbourne,Australian Open,2024-01-16,Grand Slam,Outdoor,Hard,1st Round,5,Purcell M.,Valkusz M.,45,214,1021,291,3,6,7,6,6,4,7,5,NA,NA,3,1,Completed,1.29,3.75,1.35,3.51,1.36,3.77,1.31,3.48,1.4357948377781682,0.37393621109738273,1.692188186015652,1.2962982553518094,1.4357948377781682,1.692188186015652,0.37393621109738273,1.2962982553518094,-0.1900400413575552,Valkusz M.,FALSE,Purcell M.,TRUE
5,Melbourne,Australian Open,2024-01-16,Grand Slam,Outdoor,Hard,1st Round,5,Klein L.,Kwon S.W.,163,697,391,40,7,6,4,6,7,6,6,3,NA,NA,3,1,Completed,1.33,3.4,1.36,3.45,1.38,3.67,1.34,3.3,1.6100969806397925,1.2346230381458172,2.2703728771626484,0.597819276594467,1.6100969806397925,2.2703728771626484,1.2346230381458172,0.597819276594467,-0.4813404237450544,Kwon S.W.,FALSE,Klein L.,TRUE
5,Melbourne,Australian Open,2024-01-16,Grand Slam,Outdoor,Hard,1st Round,5,Shang J.,Mcdonald M.,140,42,435,1055,6,3,1,6,3,6,6,4,6,2,3,2,Completed,1.67,2.2,1.77,2.18,1.77,2.29,1.71,2.15,1.623857491633045,0.5369237649069585,2.1140097628453085,0.26271358676857115,1.623857491633045,2.1140097628453085,0.5369237649069585,0.26271358676857115,-0.8199948663354242,Mcdonald M.,FALSE,Shang J.,TRUE
6,Montpellier,Open Sud de France,2024-01-30,ATP250,Indoor,Hard,1st Round,3,Cazaux A.,Marterer M.,83,92,696,636,6,1,6,3,NA,NA,NA,NA,NA,NA,2,0,Completed,1.4,3,1.4,3.18,1.41,3.2,1.38,2.99,0.8784882134436249,1.0264386735482927,1.8012197268403418,0.5170357301084038,0.8784882134436249,1.8012197268403418,1.0264386735482927,0.5170357301084038,-0.802860340652487,Marterer M.,FALSE,Cazaux A.,TRUE
6,Montpellier,Open Sud de France,2024-01-31,ATP250,Indoor,Hard,1st Round,3,Lestienne C.,Zapata Miralles B.,106,80,584,715,4,6,6,4,6,2,NA,NA,NA,NA,2,1,Completed,1.25,4,1.33,3.6,1.33,4.05,1.25,3.81,0.5270730009299905,0.4462064104218289,1.4591953466051106,0.32668425385588684,0.5270730009299905,1.4591953466051106,0.4462064104218289,0.32668425385588684,-1.6855359350542907,Zapata Miralles B.,FALSE,Lestienne C.,TRUE
7,Cordoba,Cordoba Open,2024-02-05,ATP250,Outdoor,Clay,1st Round,3,Bagnis F.,Cerundolo J.M.,207,148,295,435,6,4,6,2,NA,NA,NA,NA,NA,NA,2,0,Completed,1.67,2.2,1.74,2.2,1.78,2.2,1.71,2.11,-0.05988618474035307,0.717037865733141,1.374686025848568,0.4750471228278537,-0.05988618474035307,1.374686025848568,0.717037865733141,0.4750471228278537,-1.6678669927756067,Cerundolo J.M.,FALSE,Bagnis F.,TRUE
7,Cordoba,Cordoba Open,2024-02-06,ATP250,Outdoor,Clay,1st Round,3,Darderi L.,Barrios M.,136,108,491,578,4,6,6,1,6,2,NA,NA,NA,NA,2,1,Completed,1.44,2.75,1.43,3.05,1.46,3.05,1.42,2.81,0.8839314857829307,1.1515321700944843,1.2608232900887226,0.704612848111913,0.8839314857829307,1.2608232900887226,1.1515321700944843,0.704612848111913,-0.27917868504075716,Barrios M.,FALSE,Darderi L.,TRUE
8,Dallas,Dallas Open,2024-02-06,ATP250,Indoor,Hard,1st Round,3,Purcell M.,Krueger M.,43,244,1036,243,6,2,4,6,7,6,NA,NA,NA,NA,2,1,Completed,1.36,3.2,1.41,3.1,1.44,3.2,1.39,2.93,1.4986095041505663,0.3675219458127248,2.0962306498222687,1.2857522472089795,1.4986095041505663,2.0962306498222687,0.3675219458127248,1.2857522472089795,-0.44690387375738794,Krueger M.,FALSE,Purcell M.,TRUE
8,Dallas,Dallas Open,2024-02-06,ATP250,Indoor,Hard,1st Round,3,Duckworth J.,Svajda Z.,106,145,591,442,7,6,6,1,NA,NA,NA,NA,NA,NA,2,0,Completed,1.73,2.1,1.86,2.03,1.86,2.15,1.78,2.01,0.41146638932287466,0.7116303024126774,0.8372497963536033,1.0441697216049686,0.41146638932287466,0.8372497963536033,0.7116303024126774,1.0441697216049686,-0.3369581532249134,Svajda Z.,FALSE,Duckworth J.,TRUE
10,Buenos Aires,Argentina Open,2024-02-13,ATP250,Outdoor,Clay,1st Round,3,Coria F.,Ofner S.,106,38,588,1091,7,5,4,6,7,5,NA,NA,NA,NA,2,1,Completed,1.8,2,1.88,2.02,1.88,2.1,1.78,2.01,1.2327025143398294,0.43959300578879923,2.142095429003731,0.3616665418993534,1.2327025143398294,2.142095429003731,0.43959300578879923,0.3616665418993534,-1.5975303071505507,Ofner S.,FALSE,Coria F.,TRUE
10,Buenos Aires,Argentina Open,2024-02-13,ATP250,Outdoor,Clay,1st Round,3,Ugo Carabelli C.,Varillas J.P.,134,85,494,684,7,6,6,4,NA,NA,NA,NA,NA,NA,2,0,Completed,1.62,2.3,1.68,2.3,1.68,2.32,1.64,2.24,0.8407452685976133,1.1966423934020198,1.5111334948141377,0.408435723002469,0.8407452685976133,1.5111334948141377,1.1966423934020198,0.408435723002469,-0.5301918024529676,Varillas J.P.,FALSE,Ugo Carabelli C.,TRUE
12,Rotterdam,ABN AMRO World Tennis Tournament,2024-02-13,ATP500,Indoor,Hard,1st Round,3,Fucsovics M.,Marozsan F.,86,61,682,896,7,6,6,1,NA,NA,NA,NA,NA,NA,2,0,Completed,1.67,2.2,1.68,2.31,1.68,2.31,1.64,2.22,2.2482484442786475,0.30970548507117956,2.5146164485837406,0.41706402560688927,2.2482484442786475,2.5146164485837406,0.30970548507117956,0.41706402560688927,-0.5127585234149131,Marozsan F.,FALSE,Fucsovics M.,TRUE
14,Los Cabos,Los Cabos Open,2024-02-21,ATP250,Outdoor,Hard,1st Round,3,Nishioka Y.,Cobolli F.,84,69,700,825,6,1,6,0,NA,NA,NA,NA,NA,NA,2,0,Completed,1.8,2,1.93,1.96,1.93,2.01,1.85,1.93,2.023837644769617,0.30272833559411927,2.204595959201685,0.5794785842406124,2.023837644769617,2.204595959201685,0.30272833559411927,0.5794785842406124,-0.27647811887791546,Cobolli F.,FALSE,Nishioka Y.,TRUE
14,Los Cabos,Los Cabos Open,2024-02-21,ATP250,Outdoor,Hard,1st Round,3,Nava E.,Schwartzman D.,146,115,443,538,6,4,6,3,NA,NA,NA,NA,NA,NA,2,0,Completed,1.8,2,1.85,2.05,1.87,2.05,1.81,1.97,0.1305810324700932,0.9124317435546743,1.4105709702776603,0.3352582940970291,0.1305810324700932,1.4105709702776603,0.9124317435546743,0.3352582940970291,-1.3167604707133704,Schwartzman D.,FALSE,Nava E.,TRUE
15,Rio de Janeiro,Rio Open,2024-02-20,ATP500,Outdoor,Clay,1st Round,3,Munar J.,Ofner S.,73,37,776,1091,6,3,6,1,NA,NA,NA,NA,NA,NA,2,0,Completed,1.67,2.2,1.81,2.1,1.81,2.22,1.72,2.09,1.6159344661371493,0.33271233438195774,2.0502446231043256,0.3550541451854741,1.6159344661371493,2.0502446231043256,0.33271233438195774,0.3550541451854741,-0.8925754861428904,Ofner S.,FALSE,Munar J.,TRUE
15,Rio de Janeiro,Rio Open,2024-02-20,ATP500,Outdoor,Clay,1st Round,3,Meligeni Alves F.,Cachin P.,153,76,416,754,6,2,3,6,6,3,NA,NA,NA,NA,2,1,Completed,1.67,2.2,1.62,2.44,1.73,2.44,1.63,2.25,0.9592776652423926,0.8844703846673552,1.2590042749558232,0.3228358535969689,0.9592776652423926,1.2590042749558232,0.8844703846673552,0.3228358535969689,-0.3183341812975591,Cachin P.,FALSE,Meligeni Alves F.,TRUE
15,Rio de Janeiro,Rio Open,2024-02-21,ATP500,Outdoor,Clay,1st Round,3,Navone M.,Coria F.,113,85,551,678,1,6,6,4,6,2,NA,NA,NA,NA,2,1,Completed,1.67,2.2,1.75,2.18,1.75,2.3,1.67,2.18,-2.711743316911157,2.563441357455978,1.414485937265757,0.423658868819483,-2.711743316911157,1.414485937265757,2.563441357455978,0.423658868819483,-1.5881018685686463,Coria F.,FALSE,Navone M.,TRUE
17,Dubai,Dubai Tennis Championships,2024-02-27,ATP500,Outdoor,Hard,1st Round,3,Humbert U.,Monfils G.,18,54,1990,937,4,6,6,3,6,3,NA,NA,NA,NA,2,1,Completed,1.53,2.5,1.51,2.72,1.58,2.72,1.51,2.5,2.4812803129121113,0.26700334590194186,2.5653810527555185,0.34558436574916784,2.4812803129121113,2.5653810527555185,0.26700334590194186,0.34558436574916784,-0.19257612699578075,Monfils G.,FALSE,Humbert U.,TRUE
17,Dubai,Dubai Tennis Championships,2024-02-27,ATP500,Outdoor,Hard,1st Round,3,Cazaux A.,Musetti L.,86,26,701,1480,6,4,7,6,NA,NA,NA,NA,NA,NA,2,0,Completed,1.44,2.75,1.5,2.78,1.5,2.9,1.43,2.75,1.4816287694416166,0.869065240730833,2.4465188292469238,0.26941598861456384,1.4816287694416166,2.4465188292469238,0.869065240730833,0.26941598861456384,-1.0604728363388722,Musetti L.,FALSE,Cazaux A.,TRUE
18,Santiago,Chile Open,2024-02-27,ATP250,Indoor,Clay,1st Round,3,Seyboth Wild T.,Burruchaga R.,73,159,802,397,6,4,6,4,NA,NA,NA,NA,NA,NA,2,0,Completed,1.53,2.5,1.61,2.44,1.61,2.5,1.56,2.38,0.9828370649956264,0.5634139893413461,3.7637647896105078,2.4773230016946943,0.9828370649956264,3.7637647896105078,0.5634139893413461,2.4773230016946943,-1.0946019732073826,Burruchaga R.,FALSE,Seyboth Wild T.,TRUE
19,Indian Wells,BNP Paribas Open,2024-03-06,Masters 1000,Outdoor,Hard,1st Round,3,Nakashima B.,Eubanks C.,93,34,645,1234,6,3,7,6,NA,NA,NA,NA,NA,NA,2,0,Completed,1.5,2.63,1.48,2.82,1.53,2.82,1.48,2.67,1.5567124044394576,0.3339535460688586,2.055893663477287,0.29787100454085236,1.5567124044394576,2.055893663477287,0.3339535460688586,0.29787100454085236,-1.1155003880930312,Eubanks C.,FALSE,Nakashima B.,TRUE
19,Indian Wells,BNP Paribas Open,2024-03-07,Masters 1000,Outdoor,Hard,1st Round,3,Machac T.,Wawrinka S.,63,70,868,797,7,6,4,6,6,2,NA,NA,NA,NA,2,1,Completed,1.5,2.63,1.55,2.6,1.55,2.63,1.52,2.54,2.025341936165339,0.5090574904160119,2.145329309721077,0.29222234926335655,2.025341936165339,2.145329309721077,0.5090574904160119,0.29222234926335655,-0.20441834278650886,Wawrinka S.,FALSE,Machac T.,TRUE
19,Indian Wells,BNP Paribas Open,2024-03-07,Masters 1000,Outdoor,Hard,1st Round,3,Lestienne C.,Kudla D.,100,179,606,342,3,6,6,2,6,4,NA,NA,NA,NA,2,1,Completed,1.73,2.1,1.87,2.02,1.87,2.1,1.79,2.02,0.7317711519326175,0.3962033015557032,1.712159113533937,0.6372866740396891,0.7317711519326175,1.712159113533937,0.3962033015557032,0.6372866740396891,-1.3064741616594548,Kudla D.,FALSE,Lestienne C.,TRUE
19,Indian Wells,BNP Paribas Open,2024-03-07,Masters 1000,Outdoor,Hard,1st Round,3,Coric B.,Ofner S.,35,38,1194,1116,6,2,3,6,6,0,NA,NA,NA,NA,2,1,Completed,1.3,3.5,1.36,3.42,1.37,3.5,1.33,3.36,1.9204410952299718,0.3214697877596322,1.957510841660405,0.34844330437241394,1.9204410952299718,1.957510841660405,0.3214697877596322,0.34844330437241394,-0.07819237283605765,Ofner S.,FALSE,Coric B.,TRUE
19,Indian Wells,BNP Paribas Open,2024-03-07,Masters 1000,Outdoor,Hard,1st Round,3,Seyboth Wild T.,Wolf J.J.,65,94,820,640,6,2,6,1,NA,NA,NA,NA,NA,NA,2,0,Completed,1.57,2.38,1.64,2.39,1.65,2.43,1.6,2.35,1.1611384200463644,0.5405439763993787,1.9121273447328266,0.2707070467529421,1.1611384200463644,1.9121273447328266,0.5405439763993787,0.2707070467529421,-1.2422460052235424,Wolf J.J.,FALSE,Seyboth Wild T.,TRUE
19,Indian Wells,BNP Paribas Open,2024-03-08,Masters 1000,Outdoor,Hard,1st Round,3,Muller A.,Grenier H.,88,146,689,455,7,6,7,5,NA,NA,NA,NA,NA,NA,2,0,Completed,1.8,2,1.89,2,1.89,2.02,1.82,1.98,1.375196402868667,0.4126678070443312,1.8964052083467713,0.6597020899492443,1.375196402868667,1.8964052083467713,0.4126678070443312,0.6597020899492443,-0.6698138273914336,Grenier H.,FALSE,Muller A.,TRUE
19,Indian Wells,BNP Paribas Open,2024-03-08,Masters 1000,Outdoor,Hard,1st Round,3,Tabilo A.,Kotov P.,39,67,1116,819,4,6,6,3,7,5,NA,NA,NA,NA,2,1,Completed,1.62,2.3,1.66,2.34,1.7,2.34,1.64,2.26,1.3857597706314095,0.5754391970887959,2.148274432687303,0.3435175202295553,1.3857597706314095,2.148274432687303,0.5754391970887959,0.3435175202295553,-1.1377843702060526,Kotov P.,FALSE,Tabilo A.,TRUE
19,Indian Wells,BNP Paribas Open,2024-03-08,Masters 1000,Outdoor,Hard,1st Round,3,Shapovalov D.,Van De Zandschulp B.,131,82,485,750,6,1,6,4,NA,NA,NA,NA,NA,NA,2,0,Completed,1.62,2.3,1.68,2.3,1.7,2.3,1.64,2.24,1.9232509424570086,0.3585869849537481,2.11500917830429,0.2764197124375463,1.9232509424570086,2.11500917830429,0.3585869849537481,0.2764197124375463,-0.4235308573796619,Van De Zandschulp B.,FALSE,Shapovalov D.,TRUE
20,Miami,Miami Open,2024-03-20,Masters 1000,Outdoor,Hard,1st Round,3,Van Assche L.,Kotov P.,80,67,736,823,6,3,7,5,NA,NA,NA,NA,NA,NA,2,0,Completed,1.73,2.1,1.67,2.31,1.75,2.36,1.66,2.21,1.2363610878112266,0.3757025733226659,2.063877750901899,0.3378440820362951,1.2363610878112266,2.063877750901899,0.3757025733226659,0.3378440820362951,-1.6377927905920557,Kotov P.,FALSE,Van Assche L.,TRUE
20,Miami,Miami Open,2024-03-20,Masters 1000,Outdoor,Hard,1st Round,3,Shapovalov D.,Darderi L.,126,75,505,771,6,3,6,7,6,4,NA,NA,NA,NA,2,1,Completed,1.25,4,1.25,4.37,1.3,4.37,1.24,3.95,2.009433425426256,0.35123475997815556,2.0928789756292083,0.8430354496546019,2.009433425426256,2.0928789756292083,0.35123475997815556,0.8430354496546019,-0.09136939049774542,Darderi L.,FALSE,Shapovalov D.,TRUE
20,Miami,Miami Open,2024-03-21,Masters 1000,Outdoor,Hard,1st Round,3,Michelsen A.,Klein L.,73,128,776,502,7,6,6,2,NA,NA,NA,NA,NA,NA,2,0,Completed,1.73,2.1,1.76,2.17,1.77,2.21,1.72,2.1,2.0605454037905164,0.46480338802661364,2.506243533529572,0.9930359765159577,2.0605454037905164,2.506243533529572,0.46480338802661364,0.9930359765159577,-0.4064987346730961,Klein L.,FALSE,Michelsen A.,TRUE
20,Miami,Miami Open,2024-03-21,Masters 1000,Outdoor,Hard,1st Round,3,Altmaier D.,Mayot H.,54,141,951,472,6,2,7,5,NA,NA,NA,NA,NA,NA,2,0,Completed,1.73,2.1,1.81,2.1,1.82,2.12,1.76,2.04,1.5653375706789918,0.3030569945744371,2.419366553498772,0.7882036449056476,1.5653375706789918,2.419366553498772,0.3030569945744371,0.7882036449056476,-1.0113344339904418,Mayot H.,FALSE,Altmaier D.,TRUE
20,Miami,Miami Open,2024-03-21,Masters 1000,Outdoor,Hard,1st Round,3,Ofner S.,Nishikori K.,40,351,1076,143,6,3,6,4,NA,NA,NA,NA,NA,NA,2,0,Completed,1.8,2,1.87,2.03,1.87,2.1,1.8,2,1.90217155238287,0.34262528178042656,2.7684971031540875,1.1301081629222962,1.90217155238287,2.7684971031540875,0.34262528178042656,1.1301081629222962,-0.7336115726442627,Nishikori K.,FALSE,Ofner S.,TRUE
21,Estoril,Estoril Open,2024-04-01,ATP250,Outdoor,Clay,1st Round,3,Borges N.,Pouille L.,62,241,871,252,0,6,7,6,6,3,NA,NA,NA,NA,2,1,Completed,1.5,2.63,1.45,2.93,1.53,2.93,1.46,2.69,1.1373470103647494,0.3763408945690181,1.7433005401815416,0.9696008439164956,1.1373470103647494,1.7433005401815416,0.3763408945690181,0.9696008439164956,-0.5826050014560844,Pouille L.,FALSE,Borges N.,TRUE
21,Estoril,Estoril Open,2024-04-03,ATP250,Outdoor,Clay,1st Round,3,Martinez P.,Altmaier D.,77,54,741,955,6,4,6,2,NA,NA,NA,NA,NA,NA,2,0,Completed,1.73,2.1,1.72,2.23,1.75,2.23,1.7,2.14,1.0599866120262325,0.5070419813322018,1.6140262201812379,0.2993028270568676,1.0599866120262325,1.6140262201812379,0.5070419813322018,0.2993028270568676,-0.9409798689226191,Altmaier D.,FALSE,Martinez P.,TRUE
23,Marrakech,Grand Prix Hassan II,2024-04-02,ATP250,Outdoor,Clay,1st Round,3,Berrettini M.,Shevchenko A.,135,56,470,934,6,2,6,1,NA,NA,NA,NA,NA,NA,2,0,Completed,1.62,2.3,1.61,2.46,1.62,2.6,1.56,2.41,2.0693240251177025,0.4296860499934098,2.101569804494673,0.3051576735892985,2.0693240251177025,2.101569804494673,0.4296860499934098,0.3051576735892985,-0.061184979995706254,Shevchenko A.,FALSE,Berrettini M.,TRUE
24,Monte Carlo,Monte Carlo Masters,2024-04-07,Masters 1000,Outdoor,Clay,1st Round,3,Coric B.,Bublik A.,33,18,1204,1992,6,1,6,1,NA,NA,NA,NA,NA,NA,2,0,Completed,1.53,2.5,1.59,2.5,1.59,3.1,1.54,2.46,1.977929301497909,0.3168323919154003,2.1985986657066925,0.28251756087084706,1.977929301497909,2.1985986657066925,0.3168323919154003,0.28251756087084706,-0.5198354965642431,Bublik A.,FALSE,Coric B.,TRUE
24,Monte Carlo,Monte Carlo Masters,2024-04-08,Masters 1000,Outdoor,Clay,1st Round,3,Tabilo A.,O Connell C.,45,62,1051,886,6,3,6,4,NA,NA,NA,NA,NA,NA,2,0,Completed,1.57,2.38,1.58,2.52,1.6,2.75,1.55,2.44,1.8035345572486798,0.5267603126677851,2.042375496830662,0.2948037842849859,1.8035345572486798,2.042375496830662,0.5267603126677851,0.2948037842849859,-0.3956654324160284,O Connell C.,FALSE,Tabilo A.,TRUE
25,Barcelona,Barcelona Open,2024-04-15,ATP500,Outdoor,Clay,1st Round,3,Nakashima B.,Evans D.,87,49,695,996,7,6,6,2,NA,NA,NA,NA,NA,NA,2,0,Completed,1.5,2.63,1.51,2.75,1.53,2.8,1.48,2.65,1.5884757449879705,0.33142578420510166,1.7453029843908061,0.2938910062219254,1.5884757449879705,1.7453029843908061,0.33142578420510166,0.2938910062219254,-0.3540425207086516,Evans D.,FALSE,Nakashima B.,TRUE
25,Barcelona,Barcelona Open,2024-04-15,ATP500,Outdoor,Clay,1st Round,3,Bautista Agut R.,Safiullin R.,84,38,703,1139,6,3,7,6,NA,NA,NA,NA,NA,NA,2,0,Completed,1.67,2.2,1.76,2.17,1.76,2.3,1.67,2.21,2.024444252697962,0.2947072339879565,2.2048184632086185,0.2844439256619066,2.024444252697962,2.2048184632086185,0.2947072339879565,0.2844439256619066,-0.4403817648963678,Safiullin R.,FALSE,Bautista Agut R.,TRUE
25,Barcelona,Barcelona Open,2024-04-15,ATP500,Outdoor,Clay,1st Round,3,Hardt N.,Landaluce M.,229,328,260,160,2,6,6,4,6,3,NA,NA,NA,NA,2,1,Completed,1.8,2,1.87,2.02,1.9,2.07,1.84,1.97,0,4,0.7420104921094883,1.0572270899171492,0,0.7420104921094883,4,1.0572270899171492,-0.1793440494236622,Landaluce M.,FALSE,Hardt N.,TRUE
25,Barcelona,Barcelona Open,2024-04-16,ATP500,Outdoor,Clay,1st Round,3,Carballes Baena R.,Grenier H.,72,159,771,407,6,2,6,4,NA,NA,NA,NA,NA,NA,2,0,Completed,1.17,5.5,1.18,5.43,1.2,5.6,1.17,5.11,1.475597728077924,0.2890099765648964,1.600937132339217,0.6228201972633367,1.475597728077924,1.600937132339217,0.2890099765648964,0.6228201972633367,-0.1825484733827861,Grenier H.,FALSE,Carballes Baena R.,TRUE
25,Barcelona,Barcelona Open,2024-04-16,ATP500,Outdoor,Clay,1st Round,3,Munar J.,Nishioka Y.,73,71,770,788,6,3,6,1,NA,NA,NA,NA,NA,NA,2,0,Completed,1.25,4,1.3,3.85,1.3,4.05,1.27,3.74,1.6270289793235277,0.30838569483660244,2.060385285777442,0.2931298677806278,1.6270289793235277,2.060385285777442,0.30838569483660244,0.2931298677806278,-1.0185295101039185,Nishioka Y.,FALSE,Munar J.,TRUE
26,Bucharest,Tiriac Open,2024-04-15,ATP250,Outdoor,Clay,1st Round,3,Rinderknech A.,Gaston H.,79,96,729,642,6,7,6,4,7,5,NA,NA,NA,NA,2,1,Completed,1.67,2.2,1.65,2.37,1.68,2.5,1.62,2.27,1.017441327043123,0.3431031691152511,1.2223758218630305,0.45552247024335574,1.017441327043123,1.2223758218630305,0.3431031691152511,0.45552247024335574,-0.35935699687906275,Gaston H.,FALSE,Rinderknech A.,TRUE
26,Bucharest,Tiriac Open,2024-04-15,ATP250,Outdoor,Clay,1st Round,3,Coria F.,Bonzi B.,83,182,711,336,6,4,6,2,NA,NA,NA,NA,NA,NA,2,0,Completed,1.5,2.63,1.43,2.98,1.52,3,1.43,2.76,1.3185299584005905,0.391550422677737,1.62707646462145,0.3464788449126466,1.3185299584005905,1.62707646462145,0.391550422677737,0.3464788449126466,-0.5901381455578624,Bonzi B.,FALSE,Coria F.,TRUE
26,Bucharest,Tiriac Open,2024-04-16,ATP250,Outdoor,Clay,1st Round,3,Albot R.,Kovacevic A.,139,97,459,638,7,6,4,6,6,1,NA,NA,NA,NA,2,1,Completed,1.62,2.3,1.6,2.49,1.65,2.49,1.58,2.34,1.031447666542731,0.4584218913438044,1.2728963049787392,0.44610565158369286,1.031447666542731,1.2728963049787392,0.4584218913438044,0.44610565158369286,-0.37746588549114896,Kovacevic A.,FALSE,Albot R.,TRUE
26,Bucharest,Tiriac Open,2024-04-16,ATP250,Outdoor,Clay,1st Round,3,Moutet C.,Shapovalov D.,92,121,652,510,6,4,6,2,NA,NA,NA,NA,NA,NA,2,0,Completed,1.8,2,1.85,2.05,1.9,2.05,1.81,1.97,0.8080269553286037,0.41667714031068376,2.0056625683587908,0.3406853636572861,0.8080269553286037,2.0056625683587908,0.41667714031068376,0.3406853636572861,-2.2251571144797055,Shapovalov D.,FALSE,Moutet C.,TRUE
26,Bucharest,Tiriac Open,2024-04-16,ATP250,Outdoor,Clay,1st Round,3,Borges N.,Wawrinka S.,55,86,911,697,3,6,7,5,6,2,NA,NA,NA,NA,2,1,Completed,1.62,2.3,1.58,2.53,1.62,2.53,1.57,2.37,1.198525997545418,0.36946461401376146,2.1026330812963483,0.2856813246954931,1.198525997545418,2.1026330812963483,0.36946461401376146,0.2856813246954931,-1.9358611218766055,Wawrinka S.,FALSE,Borges N.,TRUE
27,Munich,BMW Open,2024-04-16,ATP250,Outdoor,Clay,1st Round,3,Van De Zandschulp B.,Gakhov I.,89,280,670,202,6,4,2,6,6,3,NA,NA,NA,NA,2,1,Completed,1.25,4,1.31,3.79,1.31,4,1.28,3.62,2.124492124181071,0.270157841916824,2.9828975335013737,1.556020788738356,2.124492124181071,2.9828975335013737,0.270157841916824,1.556020788738356,-0.5435356459356879,Gakhov I.,FALSE,Van De Zandschulp B.,TRUE
28,Madrid,Mutua Madrid Open,2024-04-24,Masters 1000,Outdoor,Clay,1st Round,3,Seyboth Wild T.,Safiullin R.,63,42,849,1139,6,4,6,4,NA,NA,NA,NA,NA,NA,2,0,Completed,1.73,2.1,1.85,2.05,1.85,2.1,1.8,2,1.569543749917726,0.48173434630597745,2.1485524414335533,0.28105853375276807,1.569543749917726,2.1485524414335533,0.48173434630597745,0.28105853375276807,-1.0381537735124382,Safiullin R.,FALSE,Seyboth Wild T.,TRUE
28,Madrid,Mutua Madrid Open,2024-04-25,Masters 1000,Outdoor,Clay,1st Round,3,Machac T.,Ruusuvuori E.,50,71,1013,795,6,4,1,6,6,2,NA,NA,NA,NA,2,1,Completed,1.5,2.63,1.53,2.65,1.54,2.75,1.49,2.6,2.281963909402462,0.47638627781411125,2.291740693876569,0.28289027996999827,2.281963909402462,2.291740693876569,0.47638627781411125,0.28289027996999827,-0.017646050228930996,Ruusuvuori E.,FALSE,Machac T.,TRUE
28,Madrid,Mutua Madrid Open,2024-04-25,Masters 1000,Outdoor,Clay,1st Round,3,Kecmanovic M.,Zhang Zh.,66,49,830,1038,6,3,6,2,NA,NA,NA,NA,NA,NA,2,0,Completed,1.67,2.2,1.74,2.2,1.78,2.22,1.68,2.17,1.6668527385394811,0.26267276583937993,2.2048045924518136,0.29169139380271963,1.6668527385394811,2.2048045924518136,0.26267276583937993,0.29169139380271963,-1.3704685515483188,Zhang Zh.,FALSE,Kecmanovic M.,TRUE
28,Madrid,Mutua Madrid Open,2024-04-25,Masters 1000,Outdoor,Clay,1st Round,3,Fonseca J.,Michelsen A.,242,70,241,799,4,6,6,0,6,2,NA,NA,NA,NA,2,1,Completed,1.57,2.38,1.57,2.56,1.62,2.6,1.54,2.44,1.605162888617765,0.8205356564673478,2.0496560467478857,0.4374393186261301,1.605162888617765,2.0496560467478857,0.8205356564673478,0.4374393186261301,-0.4780237207583055,Michelsen A.,FALSE,Fonseca J.,TRUE
29,Rome,Internazionali BNL d'Italia,2024-05-08,Masters 1000,Outdoor,Clay,1st Round,3,Monteiro T.,Monfils G.,106,38,590,1145,6,2,7,5,NA,NA,NA,NA,NA,NA,2,0,Completed,1.67,2.2,1.73,2.21,1.75,2.36,1.69,2.17,1.5145556361143335,0.3950847964077435,2.5265986379314858,0.3236785557028841,1.5145556361143335,2.5265986379314858,0.3950847964077435,0.3236785557028841,-1.98150596702129,Monfils G.,FALSE,Monteiro T.,TRUE
29,Rome,Internazionali BNL d'Italia,2024-05-08,Masters 1000,Outdoor,Clay,1st Round,3,Atmane T.,Eubanks C.,137,43,463,1053,6,4,6,4,NA,NA,NA,NA,NA,NA,2,0,Completed,1.5,2.63,1.55,2.6,1.56,2.63,1.51,2.54,0.45634766476985655,0.8793847334730177,1.8947691688918666,0.2892853973576742,0.45634766476985655,1.8947691688918666,0.8793847334730177,0.2892853973576742,-1.5537990673975943,Eubanks C.,FALSE,Atmane T.,TRUE
29,Rome,Internazionali BNL d'Italia,2024-05-09,Masters 1000,Outdoor,Clay,1st Round,3,Koepfer D.,Vavassori A.,52,168,932,355,6,4,6,3,NA,NA,NA,NA,NA,NA,2,0,Completed,1.67,2.2,1.75,2.2,1.75,2.33,1.66,2.21,1.3563677794590592,0.4293657740915013,2.205132061961413,0.5843802324583461,1.3563677794590592,2.205132061961413,0.4293657740915013,0.5843802324583461,-1.1704530536856819,Vavassori A.,FALSE,Koepfer D.,TRUE
29,Rome,Internazionali BNL d'Italia,2024-05-09,Masters 1000,Outdoor,Clay,1st Round,3,Munar J.,Hijikata R.,68,79,805,724,6,4,7,5,NA,NA,NA,NA,NA,NA,2,0,Completed,1.08,8,1.11,7.89,1.12,8,1.1,7.01,1.701068760693333,0.2995766709560821,1.9599235014995584,0.3590360651150337,1.701068760693333,1.9599235014995584,0.2995766709560821,0.3590360651150337,-0.553577367134794,Hijikata R.,FALSE,Munar J.,TRUE
29,Rome,Internazionali BNL d'Italia,2024-05-09,Masters 1000,Outdoor,Clay,1st Round,3,Seyboth Wild T.,Barrere G.,61,115,839,560,6,4,6,2,NA,NA,NA,NA,NA,NA,2,0,Completed,1.4,3,1.47,2.89,1.47,3,1.43,2.83,1.715478333406184,0.4621172186629936,1.8398640229061354,0.2953207080793892,1.715478333406184,1.8398640229061354,0.4621172186629936,0.2953207080793892,-0.22680654486040688,Barrere G.,FALSE,Seyboth Wild T.,TRUE
29,Rome,Internazionali BNL d'Italia,2024-05-09,Masters 1000,Outdoor,Clay,1st Round,3,Medjedovic H.,Popyrin A.,121,42,522,1057,6,3,6,2,NA,NA,NA,NA,NA,NA,2,0,Completed,1.8,2,1.83,2.02,1.95,2.06,1.81,1.99,1.923524234602266,0.48776397909179237,2.2102695933224825,0.28079364613432123,1.923524234602266,2.2102695933224825,0.48776397909179237,0.28079364613432123,-0.5094857862560653,Popyrin A.,FALSE,Medjedovic H.,TRUE
29,Rome,Internazionali BNL d'Italia,2024-05-09,Masters 1000,Outdoor,Clay,1st Round,3,Napolitano S.,Wolf J.J.,125,101,506,605,6,2,7,6,NA,NA,NA,NA,NA,NA,2,0,Completed,1.44,2.75,1.48,2.83,1.52,2.83,1.45,2.73,-3.809388503525991,2.6148371597104725,1.873840183184604,0.27113387263110833,-3.809388503525991,1.873840183184604,2.6148371597104725,0.27113387263110833,-2.161863342950904,Wolf J.J.,FALSE,Napolitano S.,TRUE
29,Rome,Internazionali BNL d'Italia,2024-05-09,Masters 1000,Outdoor,Clay,1st Round,3,Moutet C.,Safiullin R.,83,39,715,1138,3,6,7,6,6,2,NA,NA,NA,NA,2,1,Completed,1.73,2.1,1.81,2.1,1.81,2.1,1.76,2.06,0.911354863863244,0.3931380141238731,2.098300291433882,0.27808147657672977,0.911354863863244,2.098300291433882,0.3931380141238731,0.27808147657672977,-2.464862699065744,Safiullin R.,FALSE,Moutet C.,TRUE
29,Rome,Internazionali BNL d'Italia,2024-05-09,Masters 1000,Outdoor,Clay,1st Round,3,Carballes Baena R.,O Connell C.,62,66,826,807,6,7,5,0,NA,NA,NA,NA,NA,NA,0,1,Retired,1.44,2.75,1.43,3.01,1.46,3.01,1.42,2.85,1.5803022530182511,0.2819722433076285,1.9082950610833609,0.28578302690313573,1.5803022530182511,1.9082950610833609,0.2819722433076285,0.28578302690313573,-0.816974238158667,O Connell C.,FALSE,Carballes Baena R.,TRUE
31,Lyon,Lyon Open,2024-05-19,ATP250,Outdoor,Clay,1st Round,3,Vukic A.,Mcdonald M.,93,74,647,735,6,2,6,2,NA,NA,NA,NA,NA,NA,2,0,Completed,1.67,2.2,1.65,2.31,1.68,2.31,1.64,2.25,1.1624057985147818,0.3184912408815987,2.0085213815636247,0.2622989848927975,1.1624057985147818,2.0085213815636247,0.3184912408815987,0.2622989848927975,-2.050700177450773,Mcdonald M.,FALSE,Vukic A.,TRUE
31,Lyon,Lyon Open,2024-05-20,ATP250,Outdoor,Clay,1st Round,3,Rinderknech A.,Evans D.,73,60,739,831,6,3,4,6,7,6,NA,NA,NA,NA,2,1,Completed,1.67,2.2,1.68,2.3,1.73,2.3,1.66,2.19,0.9877349909165659,0.32713322911022485,1.6225019897068682,0.28887829288404115,0.9877349909165659,1.6225019897068682,0.32713322911022485,0.28887829288404115,-1.4544696958952237,Evans D.,FALSE,Rinderknech A.,TRUE
32,Paris,French Open,2024-05-26,Grand Slam,Outdoor,Clay,1st Round,5,Martinez P.,Tirante T.A.,48,109,995,580,5,7,6,4,3,6,6,4,6,3,3,2,Completed,1.29,3.75,1.31,3.91,1.35,3.91,1.3,3.58,1.0851614661303615,0.4577905681145202,2.359627312757847,0.9214176774260158,1.0851614661303615,2.359627312757847,0.4577905681145202,0.9214176774260158,-1.2386990292339253,Tirante T.A.,FALSE,Martinez P.,TRUE
32,Paris,French Open,2024-05-26,Grand Slam,Outdoor,Clay,1st Round,5,Altmaier D.,Djere L.,83,52,702,960,7,5,6,4,6,7,5,7,7,6,3,2,Completed,1.53,2.5,1.61,2.49,1.61,2.55,1.56,2.44,1.4399701089084638,0.2830045288221321,2.1702567398189787,0.26625025776696,1.4399701089084638,2.1702567398189787,0.2830045288221321,0.26625025776696,-1.8794576415452589,Djere L.,FALSE,Altmaier D.,TRUE
32,Paris,French Open,2024-05-27,Grand Slam,Outdoor,Clay,1st Round,5,Squire H.,Purcell M.,221,94,280,647,6,2,6,2,3,6,4,6,7,6,3,2,Completed,1.44,2.75,1.51,2.75,1.56,2.78,1.48,2.68,0,4,1.602729051528663,0.3237256422987246,0,1.602729051528663,4,0.3237256422987246,-0.39937646102134444,Purcell M.,FALSE,Squire H.,TRUE
32,Paris,French Open,2024-05-27,Grand Slam,Outdoor,Clay,1st Round,5,Zverev A.,Nadal R.,4,275,6305,205,6,3,7,6,6,3,NA,NA,NA,NA,3,0,Completed,1.3,3.5,1.31,3.81,1.34,3.81,1.31,3.49,3.225800755458322,0.2389089506937036,3.23882093907722,0.9124183931215669,3.225800755458322,3.23882093907722,0.2389089506937036,0.9124183931215669,-0.013804587361300292,Nadal R.,FALSE,Zverev A.,TRUE
32,Paris,French Open,2024-05-28,Grand Slam,Outdoor,Clay,1st Round,5,Munar J.,Bautista Agut R.,64,81,810,715,6,1,4,6,6,4,6,1,NA,NA,3,1,Completed,1.67,2.2,1.69,2.3,1.8,2.3,1.69,2.2,1.7098719388345653,0.2932961994149356,2.0608798399189343,0.2893498981131879,1.7098719388345653,2.0608798399189343,0.2932961994149356,0.2893498981131879,-0.8519558453607274,Bautista Agut R.,FALSE,Munar J.,TRUE
32,Paris,French Open,2024-05-28,Grand Slam,Outdoor,Clay,1st Round,5,Zeppieri G.,Mannarino A.,148,22,420,1865,4,6,6,2,6,1,6,2,NA,NA,3,1,Completed,1.22,4.33,1.23,4.71,1.27,4.71,1.23,4.28,0.7717948484376144,0.7112070967288799,2.577042354164317,0.2533056532602317,0.7717948484376144,2.577042354164317,0.7112070967288799,0.2533056532602317,-2.3911521768378567,Mannarino A.,FALSE,Zeppieri G.,TRUE
33,Stuttgart,Stuttgart Open,2024-06-10,ATP250,Outdoor,Grass,1st Round,3,Koepfer D.,Zhang Zh.,65,44,801,1066,4,6,7,6,7,6,NA,NA,NA,NA,2,1,Completed,1.8,2,1.79,2.08,1.81,2.12,1.76,2.02,1.5165693822070474,0.41280331200508186,2.16436656452721,0.28485618383898936,1.5165693822070474,2.16436656452721,0.41280331200508186,0.28485618383898936,-1.2915975780209723,Zhang Zh.,FALSE,Koepfer D.,TRUE
33,Stuttgart,Stuttgart Open,2024-06-10,ATP250,Outdoor,Grass,1st Round,3,Hanfmann Y.,Squire H.,91,178,646,344,6,3,6,3,NA,NA,NA,NA,NA,NA,2,0,Completed,1.67,2.2,1.71,2.21,1.81,2.3,1.66,2.18,2.200388565259427,0.26144459752001953,3.9559187309506583,2.439702931185097,2.200388565259427,3.9559187309506583,0.26144459752001953,2.439702931185097,-0.7154707502634234,Squire H.,FALSE,Hanfmann Y.,TRUE
33,Stuttgart,Stuttgart Open,2024-06-10,ATP250,Outdoor,Grass,1st Round,3,Medjedovic H.,Marozsan F.,131,42,497,1122,6,7,6,1,6,4,NA,NA,NA,NA,2,1,Completed,1.57,2.38,1.65,2.31,1.68,2.38,1.61,2.28,1.956649355145325,0.457208465654383,2.3328333511862067,0.3581412657339259,1.956649355145325,2.3328333511862067,0.457208465654383,0.3581412657339259,-0.6477226569412156,Marozsan F.,FALSE,Medjedovic H.,TRUE
33,Stuttgart,Stuttgart Open,2024-06-11,ATP250,Outdoor,Grass,1st Round,3,Duckworth J.,Herbert P.H.,101,139,611,448,6,4,7,6,NA,NA,NA,NA,NA,NA,2,0,Completed,1.8,2,1.82,2.05,1.83,2.1,1.79,2,1.0977481327941332,0.6016144608712628,2.552439612565561,0.9546715667718733,1.0977481327941332,2.552439612565561,0.6016144608712628,0.9546715667718733,-1.2891370378098077,Herbert P.H.,FALSE,Duckworth J.,TRUE
33,Stuttgart,Stuttgart Open,2024-06-11,ATP250,Outdoor,Grass,1st Round,3,Nakashima B.,Eubanks C.,70,45,750,1017,7,6,6,4,NA,NA,NA,NA,NA,NA,2,0,Completed,1.57,2.38,1.62,2.38,1.69,2.42,1.57,2.34,1.4977316062441295,0.3143594228844541,1.7803394272510527,0.2842006037176501,1.4977316062441295,1.7803394272510527,0.3143594228844541,0.2842006037176501,-0.6668695518600778,Eubanks C.,FALSE,Nakashima B.,TRUE
34,'s-Hertogenbosch,Rosmalen Grass Court Championships,2024-06-11,ATP250,Outdoor,Grass,1st Round,3,Brouwer G.,Mensik J.,232,79,259,708,6,1,3,6,6,3,NA,NA,NA,NA,2,1,Completed,1.67,2.2,1.68,2.25,1.72,2.29,1.65,2.19,1.5257278309193703,0.484026510860992,3.297541343335412,0.722054205305057,1.5257278309193703,3.297541343335412,0.484026510860992,0.722054205305057,-2.038259184358832,Mensik J.,FALSE,Brouwer G.,TRUE
34,'s-Hertogenbosch,Rosmalen Grass Court Championships,2024-06-11,ATP250,Outdoor,Grass,1st Round,3,Vukic A.,Purcell M.,87,100,674,612,6,3,7,6,NA,NA,NA,NA,NA,NA,2,0,Completed,1.62,2.3,1.65,2.32,1.7,2.34,1.63,2.23,1.2165956759985581,0.30958607647683206,1.5434984687417743,0.3237162816093666,1.2165956759985581,1.5434984687417743,0.30958607647683206,0.3237162816093666,-0.7298177968500871,Purcell M.,FALSE,Vukic A.,TRUE
35,Halle,Halle Open,2024-06-18,ATP500,Outdoor,Grass,1st Round,3,Duckworth J.,Fonseca J.,88,217,665,283,6,4,6,4,NA,NA,NA,NA,NA,NA,2,0,Completed,1.44,2.75,1.46,2.92,1.48,2.92,1.44,2.74,1.3939409781506646,0.5701758630943626,1.8509091045581494,0.7393954271697799,1.3939409781506646,1.8509091045581494,0.5701758630943626,0.7393954271697799,-0.4894135105896033,Fonseca J.,FALSE,Duckworth J.,TRUE
35,Halle,Halle Open,2024-06-19,ATP500,Outdoor,Grass,1st Round,3,Struff J.L.,Darderi L.,41,34,1080,1231,6,7,7,5,7,6,NA,NA,NA,NA,2,1,Completed,1.17,5,1.21,5.04,1.22,5.05,1.18,4.69,2.560598292232589,0.2973648533714592,2.613460302599822,0.5561242375453784,2.560598292232589,2.613460302599822,0.2973648533714592,0.5561242375453784,-0.08382351477880458,Darderi L.,FALSE,Struff J.L.,TRUE
36,Queens Club,Queen's Club Championships,2024-06-17,ATP500,Outdoor,Grass,1st Round,3,Raonic M.,Norrie C.,186,39,335,1150,6,7,6,3,7,6,NA,NA,NA,NA,2,1,Completed,1.57,2.38,1.63,2.42,1.67,2.45,1.61,2.29,2.392557983509208,0.5790471650341967,2.418591030702058,0.27907729407018683,2.392557983509208,2.418591030702058,0.5790471650341967,0.27907729407018683,-0.04050004339575547,Norrie C.,FALSE,Raonic M.,TRUE
36,Queens Club,Queen's Club Championships,2024-06-18,ATP500,Outdoor,Grass,1st Round,3,Korda S.,Khachanov K.,23,22,1775,1780,7,5,7,6,NA,NA,NA,NA,NA,NA,2,0,Completed,1.67,2.2,1.72,2.23,1.73,2.25,1.68,2.15,2.7782250066814935,0.28772709190741574,3.039860150568969,0.29087711195835003,2.7782250066814935,3.039860150568969,0.28772709190741574,0.29087711195835003,-0.6394742437003481,Khachanov K.,FALSE,Korda S.,TRUE
37,Eastbourne,Eastbourne International,2024-06-24,ATP250,Outdoor,Grass,1st Round,3,Purcell M.,Djere L.,94,52,627,936,6,1,4,6,6,3,NA,NA,NA,NA,2,1,Completed,1.53,2.5,1.59,2.5,1.59,2.75,1.54,2.45,1.447592383997803,0.31646379023707266,2.1220123633015695,0.2656278437725671,1.447592383997803,2.1220123633015695,0.31646379023707266,0.2656278437725671,-1.6323156686199187,Djere L.,FALSE,Purcell M.,TRUE
37,Eastbourne,Eastbourne International,2024-06-24,ATP250,Outdoor,Grass,1st Round,3,Shang J.,Etcheverry T.,104,31,595,1290,7,5,3,6,7,6,NA,NA,NA,NA,2,1,Completed,1.73,2.1,1.65,2.36,1.74,2.36,1.69,2.15,1.7984943976261287,0.43242178608741577,2.1633360913299176,0.26560778662508583,1.7984943976261287,2.1633360913299176,0.43242178608741577,0.26560778662508583,-0.7189280160397742,Etcheverry T.,FALSE,Shang J.,TRUE
37,Eastbourne,Eastbourne International,2024-06-24,ATP250,Outdoor,Grass,1st Round,3,Giron M.,Cerundolo F.,46,27,1005,1565,7,6,7,6,NA,NA,NA,NA,NA,NA,2,0,Completed,1.73,2.1,1.76,2.17,1.76,2.25,1.7,2.13,1.860636356840757,0.2477135824206801,2.515185502912762,0.26220635764248773,1.860636356840757,2.515185502912762,0.2477135824206801,0.26220635764248773,-1.8145958969407159,Cerundolo F.,FALSE,Giron M.,TRUE
38,Mallorca,Mallorca Championships,2024-06-25,ATP250,Outdoor,Grass,1st Round,3,Jubb P.,Marterer M.,289,87,191,679,6,1,6,2,NA,NA,NA,NA,NA,NA,2,0,Completed,1.8,2,1.93,1.95,1.93,2.12,1.81,1.98,0,4,1.3926781743028758,0.41412165380794996,0,1.3926781743028758,4,0.41412165380794996,-0.34631847520378667,Marterer M.,FALSE,Jubb P.,TRUE
39,London,Wimbledon,2024-07-01,Grand Slam,Outdoor,Grass,1st Round,5,Shapovalov D.,Jarry N.,121,20,530,1825,6,1,7,5,6,4,NA,NA,NA,NA,3,0,Completed,1.57,2.38,1.58,2.56,1.63,2.56,1.57,2.41,1.978838005227108,0.31629902176154173,2.635064696402545,0.2704996142857128,1.978838005227108,2.635064696402545,0.31629902176154173,0.2704996142857128,-1.576743323352286,Jarry N.,FALSE,Shapovalov D.,TRUE
39,London,Wimbledon,2024-07-01,Grand Slam,Outdoor,Grass,1st Round,5,Thompson J.,Kotov P.,40,53,1206,893,5,7,5,7,6,4,6,4,6,4,3,2,Completed,1.22,4.33,1.24,4.62,1.29,4.62,1.23,4.18,1.9756154744043881,0.2777241933900432,2.0897421187724636,0.3123208226988648,1.9756154744043881,2.0897421187724636,0.2777241933900432,0.3123208226988648,-0.27306852368400963,Kotov P.,FALSE,Thompson J.,TRUE
39,London,Wimbledon,2024-07-01,Grand Slam,Outdoor,Grass,1st Round,5,Berrettini M.,Fucsovics M.,59,70,845,785,7,6,6,2,3,6,6,1,NA,NA,3,1,Completed,1.17,5,1.21,5.11,1.21,5.32,1.18,4.9,2.1971980006999043,0.39122459074111243,2.231678285817309,0.29087818303136176,2.1971980006999043,2.231678285817309,0.39122459074111243,0.29087818303136176,-0.07072722047853633,Fucsovics M.,FALSE,Berrettini M.,TRUE
39,London,Wimbledon,2024-07-01,Grand Slam,Outdoor,Grass,1st Round,5,Nakashima B.,Baez S.,65,18,825,2020,6,2,6,3,6,4,NA,NA,NA,NA,3,0,Completed,1.14,5.5,1.17,5.92,1.18,6,1.16,5.37,1.6226918309881975,0.30537404111330263,2.06010173013402,0.2620134561320394,1.6226918309881975,2.06010173013402,0.30537404111330263,0.2620134561320394,-1.0870745801965258,Baez S.,FALSE,Nakashima B.,TRUE
39,London,Wimbledon,2024-07-01,Grand Slam,Outdoor,Grass,1st Round,5,Harris L.,Michelsen A.,118,55,541,881,3,6,4,6,7,6,6,2,7,6,3,2,Completed,1.73,2.1,1.82,2.11,1.85,2.11,1.77,2.06,1.328942198172171,0.43728127706567016,1.722543444337275,0.37309725448232606,1.328942198172171,1.722543444337275,0.43728127706567016,0.37309725448232606,-0.6847398713253502,Michelsen A.,FALSE,Harris L.,TRUE
39,London,Wimbledon,2024-07-01,Grand Slam,Outdoor,Grass,1st Round,5,Vukic A.,Ofner S.,69,45,789,1038,6,7,6,4,6,4,3,6,7,6,3,2,Completed,1.67,2.2,1.79,2.14,1.79,2.25,1.71,2.14,1.3603026319690934,0.2993549355163021,1.9600939074566186,0.3004933382648659,1.3603026319690934,1.9600939074566186,0.2993549355163021,0.3004933382648659,-1.4140766355784518,Ofner S.,FALSE,Vukic A.,TRUE
39,London,Wimbledon,2024-07-01,Grand Slam,Outdoor,Grass,1st Round,5,Bublik A.,Mensik J.,23,78,1730,738,4,6,6,7,6,4,6,4,6,2,3,2,Completed,1.44,2.75,1.44,3.03,1.47,3.03,1.44,2.82,2.214907272319985,0.27922351938918444,2.888307345706529,0.6183123659430874,2.214907272319985,2.888307345706529,0.27922351938918444,0.6183123659430874,-0.992576560459496,Mensik J.,FALSE,Bublik A.,TRUE
39,London,Wimbledon,2024-07-02,Grand Slam,Outdoor,Grass,1st Round,5,Fearnley J.,Moro Canas A.,277,188,206,321,7,5,6,4,7,6,NA,NA,NA,NA,3,0,Completed,1.5,2.63,1.49,2.84,1.55,2.84,1.48,2.67,-1.7608323764894058,3.063700004340868,4.014277733235321,2.427834777284145,-1.7608323764894058,4.014277733235321,3.063700004340868,2.427834777284145,-1.477370779966981,Moro Canas A.,FALSE,Fearnley J.,TRUE
39,London,Wimbledon,2024-07-02,Grand Slam,Outdoor,Grass,1st Round,5,Walton A.,Coria F.,101,72,607,776,6,3,6,3,7,5,NA,NA,NA,NA,3,0,Completed,1.25,4,1.26,4.29,1.31,4.29,1.25,3.97,0.760175638582517,0.9288382108906912,1.3587215787476652,0.37048789064655563,0.760175638582517,1.3587215787476652,0.9288382108906912,0.37048789064655563,-0.5985454316632055,Coria F.,FALSE,Walton A.,TRUE
39,London,Wimbledon,2024-07-03,Grand Slam,Outdoor,Grass,1st Round,5,Safiullin R.,Cerundolo F.,44,30,1045,1315,6,7,3,6,7,5,6,3,6,4,3,2,Completed,1.73,2.1,1.76,2.19,1.78,2.19,1.73,2.1,1.9213074105800856,0.2689216231743676,2.451709641354166,0.25932348487167056,1.9213074105800856,2.451709641354166,0.2689216231743676,0.25932348487167056,-1.419754251888243,Cerundolo F.,FALSE,Safiullin R.,TRUE
39,London,Wimbledon,2024-07-03,Grand Slam,Outdoor,Grass,1st Round,5,Pouille L.,Djere L.,212,51,284,936,3,6,7,6,3,6,6,3,6,1,3,2,Completed,1.5,2.63,1.55,2.59,1.57,2.65,1.52,2.53,1.1622063080362086,0.8461173696741464,2.065728044923749,0.26422772937736033,1.1622063080362086,2.065728044923749,0.8461173696741464,0.26422772937736033,-1.0192992154378004,Djere L.,FALSE,Pouille L.,TRUE
39,London,Wimbledon,2024-07-03,Grand Slam,Outdoor,Grass,1st Round,5,Rinderknech A.,Nishikori K.,76,401,754,118,5,7,6,4,6,7,6,3,6,2,3,2,Completed,1.36,3.2,1.39,3.26,1.41,3.26,1.37,3.11,1.181865708477294,0.30856884127594,2.1662469566306464,0.8847387603907864,1.181865708477294,2.1662469566306464,0.30856884127594,0.8847387603907864,-1.0505619390870253,Nishikori K.,FALSE,Rinderknech A.,TRUE
40,Bastad,Nordea Open,2024-07-16,ATP250,Outdoor,Clay,1st Round,3,Carballes Baena R.,Safiullin R.,54,67,906,785,5,7,7,6,6,3,NA,NA,NA,NA,2,1,Completed,1.62,2.3,1.61,2.46,1.65,2.46,1.6,2.3,1.7594076310649136,0.27181660797736995,1.988086801691773,0.2664068550778759,1.7594076310649136,1.988086801691773,0.27181660797736995,0.2664068550778759,-0.6008375184989406,Safiullin R.,FALSE,Carballes Baena R.,TRUE
40,Bastad,Nordea Open,2024-07-16,ATP250,Outdoor,Clay,1st Round,3,Skatov T.,Daniel T.,223,90,265,676,6,7,6,2,7,6,NA,NA,NA,NA,2,1,Completed,1.67,2.2,1.68,2.29,1.68,2.35,1.65,2.2,-1.8374409376732366,2.832738331546981,1.4726627252039735,0.31405038898308274,-1.8374409376732366,1.4726627252039735,2.832738331546981,0.31405038898308274,-1.1614016978650537,Daniel T.,FALSE,Skatov T.,TRUE
41,Gstaad,Suisse Open Gstaad,2024-07-15,ATP250,Outdoor,Clay,1st Round,3,Riedi L.,Barrere G.,134,131,473,475,7,6,7,5,NA,NA,NA,NA,NA,NA,2,0,Completed,1.67,2.2,1.66,2.34,1.68,2.34,1.64,2.23,1.0150356986498137,1.105914204152819,1.742305919606928,0.289564415642916,1.0150356986498137,1.742305919606928,1.105914204152819,0.289564415642916,-0.6361736253427511,Barrere G.,FALSE,Riedi L.,TRUE
41,Gstaad,Suisse Open Gstaad,2024-07-15,ATP250,Outdoor,Clay,1st Round,3,Fognini F.,Droguet T.,80,141,727,445,6,4,6,3,NA,NA,NA,NA,NA,NA,2,0,Completed,1.73,2.1,1.76,2.17,1.8,2.17,1.73,2.07,2.115168354537026,0.3750252761235871,2.33583279182523,1.2815139552649388,2.115168354537026,2.33583279182523,0.3750252761235871,1.2815139552649388,-0.16525940246086518,Droguet T.,FALSE,Fognini F.,TRUE
41,Gstaad,Suisse Open Gstaad,2024-07-15,ATP250,Outdoor,Clay,1st Round,3,Varillas J.P.,Thiem D.,162,133,367,473,6,3,5,7,7,6,NA,NA,NA,NA,2,1,Completed,1.57,2.38,1.62,2.43,1.66,2.5,1.58,2.34,1.3186437380564118,0.3754133075449889,1.6153351769134945,0.31441268187670646,1.3186437380564118,1.6153351769134945,0.3754133075449889,0.31441268187670646,-0.6058833817994635,Thiem D.,FALSE,Varillas J.P.,TRUE
41,Gstaad,Suisse Open Gstaad,2024-07-16,ATP250,Outdoor,Clay,1st Round,3,Heide G.,Napolitano S.,178,125,334,497,7,6,5,7,7,6,NA,NA,NA,NA,2,1,Completed,1.73,2.1,1.91,1.98,1.93,2.15,1.76,2.04,-2.5759214538859108,2.5902687279984233,0.46449222651946337,1.0436389362252008,-2.5759214538859108,0.46449222651946337,2.5902687279984233,1.0436389362252008,-1.0887352545075624,Napolitano S.,FALSE,Heide G.,TRUE
41,Gstaad,Suisse Open Gstaad,2024-07-16,ATP250,Outdoor,Clay,1st Round,3,Van De Zandschulp B.,Stricker D.,87,175,687,340,6,3,6,3,NA,NA,NA,NA,NA,NA,2,0,Completed,1.62,2.3,1.63,2.41,1.67,2.5,1.59,2.31,2.1010152464476146,0.26197060363281227,2.259130258456168,0.509438477725293,2.1010152464476146,2.259130258456168,0.26197060363281227,0.509438477725293,-0.27601508937322505,Stricker D.,FALSE,Van De Zandschulp B.,TRUE
42,Hamburg,European Open,2024-07-15,ATP250,Outdoor,Clay,1st Round,3,Marterer M.,Kwon S.W.,108,349,587,145,6,4,6,7,7,5,NA,NA,NA,NA,2,1,Completed,1.62,2.3,1.66,2.35,1.69,2.4,1.6,2.28,1.2203519466028458,0.4067229220747929,2.215214674675183,0.5119714522839732,1.2203519466028458,2.215214674675183,0.4067229220747929,0.5119714522839732,-1.521512924743848,Kwon S.W.,FALSE,Marterer M.,TRUE
43,Newport,Hall of Fame Championships,2024-07-15,ATP250,Outdoor,Grass,1st Round,3,Cressy M.,Albot R.,180,149,333,411,6,4,4,6,7,6,NA,NA,NA,NA,2,1,Completed,1.53,2.5,1.59,2.49,1.59,2.57,1.54,2.42,0.876522912452967,0.3940126909426947,1.1081719320400216,0.43917181854759035,0.876522912452967,1.1081719320400216,0.3940126909426947,0.43917181854759035,-0.39261536994892193,Albot R.,FALSE,Cressy M.,TRUE
44,Atlanta,Atlanta Open,2024-07-23,ATP250,Outdoor,Hard,1st Round,3,Rinderknech A.,Wolf J.J.,64,120,806,519,6,3,6,2,NA,NA,NA,NA,NA,NA,2,0,Completed,1.67,2.2,1.7,2.27,1.73,2.27,1.67,2.17,1.30604650276545,0.29975751344271634,1.7610979801758007,0.27137792162571694,1.30604650276545,1.7610979801758007,0.29975751344271634,0.27137792162571694,-1.1253844986744437,Wolf J.J.,FALSE,Rinderknech A.,TRUE
44,Atlanta,Atlanta Open,2024-07-24,ATP250,Outdoor,Hard,1st Round,3,Purcell M.,O Connell C.,66,93,795,653,4,6,7,5,6,2,NA,NA,NA,NA,2,1,Completed,1.62,2.3,1.66,2.35,1.67,2.35,1.62,2.25,1.391557562364527,0.3084808433599965,1.8241205594950767,0.2830242894621207,1.391557562364527,1.8241205594950767,0.3084808433599965,0.2830242894621207,-1.0332466909598328,O Connell C.,FALSE,Purcell M.,TRUE
45,Kitzbuhel,Generali Open,2024-07-23,ATP250,Outdoor,Clay,1st Round,3,Diaz Acosta F.,Coria F.,77,73,737,747,2,6,6,3,6,0,NA,NA,NA,NA,2,1,Completed,1.73,2.1,1.68,2.3,1.74,2.3,1.69,2.14,0.9628996016879969,0.4752202868785678,1.182173214348941,0.3621461524806673,0.9628996016879969,1.182173214348941,0.4752202868785678,0.3621461524806673,-0.3669964816799718,Coria F.,FALSE,Diaz Acosta F.,TRUE
46,Umag,Croatia Open,2024-07-21,ATP250,Outdoor,Clay,1st Round,3,Marozsan F.,Shevchenko A.,49,58,995,885,6,4,4,6,7,6,NA,NA,NA,NA,2,1,Completed,1.57,2.38,1.67,2.34,1.67,2.46,1.59,2.31,2.123002072077627,0.32896150840743354,2.135119726922041,0.28254358578779776,2.123002072077627,2.135119726922041,0.32896150840743354,0.28254358578779776,-0.027943827444376953,Shevchenko A.,FALSE,Marozsan F.,TRUE
47,Washington,Citi Open,2024-07-29,ATP500,Outdoor,Hard,1st Round,3,Shapovalov D.,Bautista Agut R.,139,76,450,745,6,1,6,4,NA,NA,NA,NA,NA,NA,2,0,Completed,1.5,2.63,1.52,2.69,1.62,2.69,1.54,2.46,1.953618362286377,0.30819836644207416,2.0673200803272285,0.28129595434687127,1.953618362286377,2.0673200803272285,0.30819836644207416,0.28129595434687127,-0.27249003252933385,Bautista Agut R.,FALSE,Shapovalov D.,TRUE
47,Washington,Citi Open,2024-07-30,ATP500,Outdoor,Hard,1st Round,3,Albot R.,Diaz Acosta F.,152,62,411,827,7,6,6,3,NA,NA,NA,NA,NA,NA,2,0,Completed,1.5,2.63,1.52,2.71,1.53,2.75,1.49,2.6,0.997753636723993,0.4292004271988288,1.0958549898430339,0.4562173903173021,0.997753636723993,1.0958549898430339,0.4292004271988288,0.4562173903173021,-0.15661727227941993,Diaz Acosta F.,FALSE,Albot R.,TRUE
48,Montreal,Canadian Open,2024-08-06,Masters 1000,Outdoor,Hard,1st Round,3,Etcheverry T.,Jarry N.,38,24,1255,1710,7,6,6,7,6,2,NA,NA,NA,NA,2,1,Completed,1.73,2.1,1.77,2.15,1.8,2.25,1.74,2.1,2.0926022477017145,0.26059970643059216,2.595933947169581,0.2687527255090597,2.0926022477017145,2.595933947169581,0.26059970643059216,0.2687527255090597,-1.3445373249612382,Jarry N.,FALSE,Etcheverry T.,TRUE
48,Montreal,Canadian Open,2024-08-07,Masters 1000,Outdoor,Hard,1st Round,3,Humbert U.,Fils A.,15,23,2360,1770,6,2,6,2,NA,NA,NA,NA,NA,NA,2,0,Completed,1.62,2.3,1.65,2.35,1.65,2.35,1.62,2.27,2.4258141391966244,0.262484231040374,2.620408986382905,0.28702575488187676,2.4258141391966244,2.620408986382905,0.262484231040374,0.28702575488187676,-0.5003087038278055,Fils A.,FALSE,Humbert U.,TRUE
48,Montreal,Canadian Open,2024-08-07,Masters 1000,Outdoor,Hard,1st Round,3,Rinderknech A.,Mannarino A.,65,31,786,1340,6,4,2,6,6,4,NA,NA,NA,NA,2,1,Completed,1.5,2.63,1.56,2.57,1.56,2.63,1.52,2.53,1.3753084542222007,0.2949401773328414,2.4281908369051686,0.25295293735523006,1.3753084542222007,2.4281908369051686,0.2949401773328414,0.25295293735523006,-2.709739164474245,Mannarino A.,FALSE,Rinderknech A.,TRUE
48,Montreal,Canadian Open,2024-08-08,Masters 1000,Outdoor,Hard,1st Round,3,Kokkinakis T.,Monfils G.,81,34,697,1315,6,3,6,3,NA,NA,NA,NA,NA,NA,2,0,Completed,1.73,2.1,1.84,2.05,1.84,2.12,1.78,2.04,2.186060965688434,0.309118855641738,2.554818999253795,0.30871197957626617,2.186060965688434,2.554818999253795,0.309118855641738,0.30871197957626617,-0.844086227958282,Monfils G.,FALSE,Kokkinakis T.,TRUE
49,Cincinnati,Western & Southern Financial Group Masters,2024-08-13,Masters 1000,Outdoor,Hard,1st Round,3,Michelsen A.,Griekspoor T.,57,41,905,1220,6,1,5,7,6,2,NA,NA,NA,NA,2,1,Completed,1.8,2,1.89,2,1.9,2,1.82,1.97,1.5841382347740498,0.36075835481406426,2.7320311533640305,0.2643498668679509,1.5841382347740498,2.7320311533640305,0.36075835481406426,0.2643498668679509,-2.5665905175840242,Griekspoor T.,FALSE,Michelsen A.,TRUE
49,Cincinnati,Western & Southern Financial Group Masters,2024-08-13,Masters 1000,Outdoor,Hard,1st Round,3,Shelton B.,Opelka R.,14,322,2955,157,7,6,7,6,NA,NA,NA,NA,NA,NA,2,0,Completed,1.44,2.75,1.52,2.7,1.55,2.8,1.47,2.67,2.359326218149816,0.274091301392417,4.680120953441825,2.0074217393288745,2.359326218149816,4.680120953441825,0.274091301392417,2.0074217393288745,-1.1454789909354306,Opelka R.,FALSE,Shelton B.,TRUE
49,Cincinnati,Western & Southern Financial Group Masters,2024-08-13,Masters 1000,Outdoor,Hard,1st Round,3,Musetti L.,Jarry N.,18,25,2250,1710,4,6,7,6,7,6,NA,NA,NA,NA,2,1,Completed,1.4,3,1.44,3,1.44,3.1,1.41,2.89,2.49142352039071,0.26167600782408396,2.545227072057318,0.2675940465538755,2.49142352039071,2.545227072057318,0.26167600782408396,0.2675940465538755,-0.1437545080896953,Jarry N.,FALSE,Musetti L.,TRUE
49,Cincinnati,Western & Southern Financial Group Masters,2024-08-14,Masters 1000,Outdoor,Hard,1st Round,3,Borges N.,Mannarino A.,39,33,1265,1340,6,4,3,6,6,1,NA,NA,NA,NA,2,1,Completed,1.33,3.4,1.38,3.26,1.41,3.4,1.35,3.15,1.2760505503820387,0.3284395380537707,2.3692420587828895,0.25214407880508277,1.2760505503820387,2.3692420587828895,0.3284395380537707,0.25214407880508277,-2.6401497466856236,Mannarino A.,FALSE,Borges N.,TRUE
50,Winston-Salem,Winston-Salem Open at Wake Forest University,2024-08-18,ATP250,Outdoor,Hard,1st Round,3,Vukic A.,Evans D.,94,187,604,324,2,6,6,4,6,1,NA,NA,NA,NA,2,1,Completed,1.53,2.5,1.63,2.4,1.63,2.6,1.57,2.37,1.3573452994244652,0.2922801061105592,1.487945591762442,0.28257869361635146,1.3573452994244652,1.487945591762442,0.2922801061105592,0.28257869361635146,-0.32124481543705313,Evans D.,FALSE,Vukic A.,TRUE
50,Winston-Salem,Winston-Salem Open at Wake Forest University,2024-08-18,ATP250,Outdoor,Hard,1st Round,3,Cazaux A.,Van De Zandschulp B.,97,73,596,739,6,1,7,6,NA,NA,NA,NA,NA,NA,2,0,Completed,1.8,2,1.94,1.94,1.99,2,1.86,1.92,1.267518129920343,0.5650454227844214,2.1344533157662804,0.26058283519556846,1.267518129920343,2.1344533157662804,0.5650454227844214,0.26058283519556846,-1.3932540550227936,Van De Zandschulp B.,FALSE,Cazaux A.,TRUE
50,Winston-Salem,Winston-Salem Open at Wake Forest University,2024-08-19,ATP250,Outdoor,Hard,1st Round,3,Goffin D.,Munar J.,90,82,635,682,7,5,4,6,6,3,NA,NA,NA,NA,2,1,Completed,1.73,2.1,1.81,2.09,1.85,2.13,1.76,2.05,1.442577014133145,0.3494260130086113,1.667678985694136,0.2787232009814591,1.442577014133145,1.667678985694136,0.3494260130086113,0.2787232009814591,-0.503613872291314,Munar J.,FALSE,Goffin D.,TRUE
50,Winston-Salem,Winston-Salem Open at Wake Forest University,2024-08-19,ATP250,Outdoor,Hard,1st Round,3,Carreno Busta P.,Kumar O.,300,434,177,101,6,2,6,0,NA,NA,NA,NA,NA,NA,2,0,Completed,1.14,5.5,1.17,5.86,1.17,5.86,1.14,5.47,1.2988471991574961,0.6473688881713472,1.460086042715032,0.8733275478729942,1.2988471991574961,1.460086042715032,0.6473688881713472,0.8733275478729942,-0.14832009046324934,Kumar O.,FALSE,Carreno Busta P.,TRUE
51,New York,US Open,2024-08-26,Grand Slam,Outdoor,Hard,1st Round,5,Shang J.,Bublik A.,72,27,754,1650,6,4,3,6,5,7,6,3,6,4,3,2,Completed,1.67,2.2,1.71,2.27,1.74,2.33,1.67,2.2,2.0841781547524247,0.3996604624067643,2.219443544210494,0.2753723920111392,2.0841781547524247,2.219443544210494,0.3996604624067643,0.2753723920111392,-0.2787002466038726,Bublik A.,FALSE,Shang J.,TRUE
51,New York,US Open,2024-08-26,Grand Slam,Outdoor,Hard,1st Round,5,Popyrin A.,Kwon S.W.,28,340,1635,145,7,5,6,2,6,3,NA,NA,NA,NA,3,0,Completed,1.1,7,1.12,7.54,1.14,7.65,1.11,6.62,2.006144881709597,0.2619918480938758,2.0289827602573367,0.4835046130270703,2.006144881709597,2.0289827602573367,0.2619918480938758,0.4835046130270703,-0.04152915181449122,Kwon S.W.,FALSE,Popyrin A.,TRUE
51,New York,US Open,2024-08-26,Grand Slam,Outdoor,Hard,1st Round,5,Rinderknech A.,Eubanks C.,56,106,915,545,6,4,4,6,3,6,6,3,7,6,3,2,Completed,1.67,2.2,1.67,2.35,1.71,2.35,1.67,2.22,1.4592931508525717,0.2903925650291074,1.7507140472239355,0.27536325959290464,1.4592931508525717,1.7507140472239355,0.2903925650291074,0.27536325959290464,-0.7282046822366892,Eubanks C.,FALSE,Rinderknech A.,TRUE
51,New York,US Open,2024-08-26,Grand Slam,Outdoor,Hard,1st Round,5,Baez S.,Darderi L.,23,37,1800,1291,6,4,6,7,6,0,7,6,NA,NA,3,1,Completed,1.73,2.1,1.71,2.27,1.74,2.27,1.7,2.17,2.0677626299493057,0.25707105521724277,2.5314251539031707,0.46027943268856936,2.0677626299493057,2.5314251539031707,0.25707105521724277,0.46027943268856936,-0.8794767680570431,Darderi L.,FALSE,Baez S.,TRUE
51,New York,US Open,2024-08-27,Grand Slam,Outdoor,Hard,1st Round,5,Machac T.,Fognini F.,39,71,1224,759,7,5,6,1,6,3,NA,NA,NA,NA,3,0,Completed,1.2,4.5,1.24,4.54,1.26,4.54,1.23,4.24,2.1533462820117815,0.38367165742288295,2.2338012822932933,0.3660095191699499,2.1533462820117815,2.2338012822932933,0.38367165742288295,0.3660095191699499,-0.15172981823672949,Fognini F.,FALSE,Machac T.,TRUE
51,New York,US Open,2024-08-27,Grand Slam,Outdoor,Hard,1st Round,5,Bergs Z.,Kotov P.,80,60,697,864,6,2,4,6,6,2,3,6,7,6,3,2,Completed,1.8,2,1.75,2.21,1.8,2.21,1.75,2.09,1.1931929247352902,0.4872269705528315,2.0453625665295374,0.3014732768187297,1.1931929247352902,2.0453625665295374,0.4872269705528315,0.3014732768187297,-1.4873265200615033,Kotov P.,FALSE,Bergs Z.,TRUE
51,New York,US Open,2024-08-28,Grand Slam,Outdoor,Hard,1st Round,5,Bellucci M.,Wawrinka S.,101,176,555,333,6,4,7,6,6,3,NA,NA,NA,NA,3,0,Completed,1.4,3,1.4,3.2,1.47,3.2,1.39,3,1.5196143426970967,0.8446196578351991,2.02665814366007,0.2787865377288215,1.5196143426970967,2.02665814366007,0.8446196578351991,0.2787865377288215,-0.5700705488195008,Wawrinka S.,FALSE,Bellucci M.,TRUE
52,Chengdu,Chengdu Open,2024-09-19,ATP250,Outdoor,Hard,1st Round,3,O Connell C.,Kotov P.,75,61,720,864,6,4,7,5,NA,NA,NA,NA,NA,NA,2,0,Completed,1.67,2.2,1.7,2.24,1.7,2.28,1.66,2.19,1.869598274235629,0.2753235198524889,1.9924879413755885,0.2989057153725331,1.869598274235629,1.9924879413755885,0.2753235198524889,0.2989057153725331,-0.3023981612557296,Kotov P.,FALSE,O Connell C.,TRUE
52,Chengdu,Chengdu Open,2024-09-19,ATP250,Outdoor,Hard,1st Round,3,Safiullin R.,Fognini F.,56,79,915,694,6,3,4,6,6,4,NA,NA,NA,NA,2,1,Completed,1.2,4.5,1.23,4.47,1.25,4.5,1.21,4.25,1.9115553961343534,0.264197921796357,2.1669759741785133,0.3600536677534974,1.9115553961343534,2.1669759741785133,0.264197921796357,0.3600536677534974,-0.5719402191382966,Fognini F.,FALSE,Safiullin R.,TRUE
53,Hangzhou,Hangzhou Open,2024-09-18,ATP250,Outdoor,Hard,1st Round,3,Cilic M.,Svajda Z.,777,135,28,452,5,7,6,3,6,0,NA,NA,NA,NA,2,1,Completed,1.73,2.1,1.81,2.1,1.82,2.1,1.76,2.04,0.6702523222881314,0.9201100224298208,0.8558077840474376,0.5981565140098792,0.6702523222881314,0.8558077840474376,0.9201100224298208,0.5981565140098792,-0.1690789375917367,Svajda Z.,FALSE,Cilic M.,TRUE
53,Hangzhou,Hangzhou Open,2024-09-19,ATP250,Outdoor,Hard,1st Round,3,Hijikata R.,Dzumhur D.,81,86,681,655,2,6,7,6,6,2,NA,NA,NA,NA,2,1,Completed,1.73,2.1,1.85,2.05,1.85,2.14,1.74,2.08,1.8436084388266896,0.3121407191329035,1.9581782466740627,1.0091437867949886,1.8436084388266896,1.9581782466740627,0.3121407191329035,1.0091437867949886,-0.10846170325545747,Dzumhur D.,FALSE,Hijikata R.,TRUE
53,Hangzhou,Hangzhou Open,2024-09-19,ATP250,Outdoor,Hard,1st Round,3,Bu Y.,Gaston H.,124,77,484,714,7,5,6,3,NA,NA,NA,NA,NA,NA,2,0,Completed,1.44,2.75,1.53,2.65,1.53,2.78,1.46,2.64,-2.5161886068982966,2.5115005194405464,1.2635076192021015,0.3860302649767543,-2.5161886068982966,1.2635076192021015,2.5115005194405464,0.3860302649767543,-1.4874868410795574,Gaston H.,FALSE,Bu Y.,TRUE
53,Hangzhou,Hangzhou Open,2024-09-19,ATP250,Outdoor,Hard,1st Round,3,Shevchenko A.,Trungelliti M.,58,138,870,423,6,1,6,1,NA,NA,NA,NA,NA,NA,2,0,Completed,1.73,2.1,1.78,2.14,1.78,2.29,1.68,2.14,2.115823005268074,0.2783503342555511,2.5948464089279337,1.1077033097335613,2.115823005268074,2.5948464089279337,0.2783503342555511,1.1077033097335613,-0.4194083755900096,Trungelliti M.,FALSE,Shevchenko A.,TRUE
53,Hangzhou,Hangzhou Open,2024-09-19,ATP250,Outdoor,Hard,1st Round,3,Bellucci M.,Karatsev A.,108,115,529,508,6,4,6,0,NA,NA,NA,NA,NA,NA,2,0,Completed,1.73,2.1,1.77,2.16,1.77,2.18,1.71,2.1,1.9477059907831762,0.7551380378382777,2.0269236054752966,0.2872622171112201,1.9477059907831762,2.0269236054752966,0.7551380378382777,0.2872622171112201,-0.09804993510430085,Karatsev A.,FALSE,Bellucci M.,TRUE
54,Beijing,China Open,2024-09-27,ATP500,Outdoor,Hard,1st Round,3,Safiullin R.,Wawrinka S.,69,233,790,243,6,3,6,4,NA,NA,NA,NA,NA,NA,2,0,Completed,1.4,3,1.41,3.11,1.41,3.15,1.38,2.99,1.9472081307915365,0.2627668111921924,2.0020901267288194,0.27893085116841343,1.9472081307915365,2.0020901267288194,0.2627668111921924,0.27893085116841343,-0.1432170327401561,Wawrinka S.,FALSE,Safiullin R.,TRUE
55,Tokyo,Japan Open Tennis Championships,2024-09-26,ATP500,Outdoor,Hard,1st Round,3,O Connell C.,Etcheverry T.,79,35,700,1370,6,4,7,6,NA,NA,NA,NA,NA,NA,2,0,Completed,1.73,2.1,1.83,2.08,1.83,2.11,1.76,2.03,1.9182906035747422,0.27299635201192635,2.2170889598902503,0.2556978131342369,1.9182906035747422,2.2170889598902503,0.27299635201192635,0.2556978131342369,-0.7988336308761418,Etcheverry T.,FALSE,O Connell C.,TRUE
56,Shanghai,Shanghai Masters,2024-10-02,Masters 1000,Outdoor,Hard,1st Round,3,Wu Y.,Nagal S.,560,83,63,681,6,3,6,3,NA,NA,NA,NA,NA,NA,2,0,Completed,1.57,2.38,1.63,2.42,1.67,2.42,1.6,2.3,1.4674501646458797,0.3799783677809053,1.467647982160746,0.5344822232124912,1.4674501646458797,1.467647982160746,0.3799783677809053,0.5344822232124912,-3.016496588298877e-4,Nagal S.,FALSE,Wu Y.,TRUE
56,Shanghai,Shanghai Masters,2024-10-02,Masters 1000,Outdoor,Hard,1st Round,3,Shapovalov D.,Sonego L.,102,49,568,1081,7,6,7,6,NA,NA,NA,NA,NA,NA,2,0,Completed,1.5,2.63,1.66,2.34,1.66,2.63,1.59,2.34,1.8745039448369567,0.29687271686017824,2.144162274376626,0.2455350104588387,1.8745039448369567,2.144162274376626,0.29687271686017824,0.2455350104588387,-0.699948972942518,Sonego L.,FALSE,Shapovalov D.,TRUE
56,Shanghai,Shanghai Masters,2024-10-02,Masters 1000,Outdoor,Hard,1st Round,3,Daniel T.,Gerasimov E.,93,304,619,170,6,7,6,3,6,4,NA,NA,NA,NA,2,1,Completed,1.29,3.75,1.35,3.47,1.35,3.75,1.3,3.43,1.3375201294777748,0.301876625030464,1.7184376453961503,1.3622006724656668,1.3375201294777748,1.7184376453961503,0.301876625030464,1.3622006724656668,-0.27301039247955206,Gerasimov E.,FALSE,Daniel T.,TRUE
56,Shanghai,Shanghai Masters,2024-10-03,Masters 1000,Outdoor,Hard,1st Round,3,Kecmanovic M.,Hijikata R.,55,78,945,718,6,2,6,2,NA,NA,NA,NA,NA,NA,2,0,Completed,1.53,2.5,1.55,2.58,1.58,2.6,1.53,2.46,1.7573247781506922,0.2429907037239938,1.8761082457825289,0.3098337927085912,1.7573247781506922,1.8761082457825289,0.2429907037239938,0.3098337927085912,-0.30166996509986815,Hijikata R.,FALSE,Kecmanovic M.,TRUE
56,Shanghai,Shanghai Masters,2024-10-03,Masters 1000,Outdoor,Hard,1st Round,3,Atmane T.,Kovacevic A.,161,76,369,740,6,4,7,6,NA,NA,NA,NA,NA,NA,2,0,Completed,1.73,2.1,1.75,2.18,1.76,2.32,1.69,2.14,0.8334903390594323,0.6738179890838069,1.0497805145953336,0.37368548422691916,0.8334903390594323,1.0497805145953336,0.6738179890838069,0.37368548422691916,-0.2807137489222956,Kovacevic A.,FALSE,Atmane T.,TRUE
57,Almaty,Almaty Open,2024-10-15,ATP250,Indoor,Hard,1st Round,3,Diallo G.,O Connell C.,118,72,497,762,7,6,6,2,NA,NA,NA,NA,NA,NA,2,0,Completed,1.8,2,1.94,1.94,1.94,2,1.87,1.91,0.40438676057188694,0.678280127587813,1.935187775989981,0.2679899361171047,0.40438676057188694,1.935187775989981,0.678280127587813,0.2679899361171047,-2.0989924463458443,O Connell C.,FALSE,Diallo G.,TRUE
57,Almaty,Almaty Open,2024-10-15,ATP250,Indoor,Hard,1st Round,3,Virtanen O.,Fognini F.,116,76,499,721,6,3,7,6,NA,NA,NA,NA,NA,NA,2,0,Completed,1.57,2.38,1.58,2.57,1.64,2.6,1.54,2.44,0.9839921834878798,0.7626402335496957,2.141765436297787,0.34881049022601457,0.9839921834878798,2.141765436297787,0.7626402335496957,0.34881049022601457,-1.3805642899586719,Fognini F.,FALSE,Virtanen O.,TRUE
59,Stockholm,Nordic Open,2024-10-15,ATP250,Indoor,Hard,1st Round,3,Kecmanovic M.,Norrie C.,55,52,965,989,6,4,6,4,NA,NA,NA,NA,NA,NA,2,0,Completed,1.8,2,1.88,2.02,1.95,2.02,1.84,1.94,1.7881864189888714,0.24119305164232674,2.3616155463473474,0.27050659776400504,1.7881864189888714,2.3616155463473474,0.24119305164232674,0.27050659776400504,-1.5822247358120995,Norrie C.,FALSE,Kecmanovic M.,TRUE
60,Basel,Swiss Indoors,2024-10-22,ATP500,Indoor,Hard,1st Round,3,Van De Zandschulp B.,Bublik A.,67,32,804,1460,3,6,6,4,4,0,NA,NA,NA,NA,1,1,Retired,1.67,2.2,1.73,2.22,1.74,2.23,1.68,2.15,2.0566991114000537,0.2543294373047569,2.1335934920914057,0.2727313738150503,2.0566991114000537,2.1335934920914057,0.2543294373047569,0.2727313738150503,-0.20619794504390818,Bublik A.,FALSE,Van De Zandschulp B.,TRUE
60,Basel,Swiss Indoors,2024-10-23,ATP500,Indoor,Hard,1st Round,3,Wawrinka S.,Mannarino A.,169,57,343,929,6,3,3,6,7,5,NA,NA,NA,NA,2,1,Completed,1.57,2.38,1.65,2.37,1.7,2.4,1.59,2.31,2.0443858402555626,0.2727004431663802,2.3648181693439145,0.24341449669048582,2.0443858402555626,2.3648181693439145,0.2727004431663802,0.24341449669048582,-0.8766108694483449,Mannarino A.,FALSE,Wawrinka S.,TRUE
62,Paris,BNP Paribas Masters,2024-10-28,Masters 1000,Indoor,Hard,1st Round,3,Giron M.,Shang J.,49,51,1105,1075,7,6,7,6,NA,NA,NA,NA,NA,NA,2,0,Completed,1.62,2.3,1.72,2.23,1.72,2.3,1.65,2.23,1.8714553586960943,0.2409191010067651,2.1126920083479006,0.36461417639235233,1.8714553586960943,2.1126920083479006,0.2409191010067651,0.36461417639235233,-0.5520050843752329,Shang J.,FALSE,Giron M.,TRUE
62,Paris,BNP Paribas Masters,2024-10-28,Masters 1000,Indoor,Hard,1st Round,3,Kecmanovic M.,Baez S.,55,26,965,1690,6,4,6,7,7,5,NA,NA,NA,NA,2,1,Completed,1.4,3,NA,NA,1.4,3,1.4,3,1.8640244533327854,0.23806644623340356,2.0553044939051803,0.2572753868827596,1.8640244533327854,2.0553044939051803,0.23806644623340356,0.2572753868827596,-0.5456992290842729,Baez S.,FALSE,Kecmanovic M.,TRUE
63,Belgrade,Belgrade Open,2024-11-04,ATP250,Indoor,Hard,1st Round,3,Altmaier D.,Darderi L.,93,43,625,1248,7,6,6,3,NA,NA,NA,NA,NA,NA,2,0,Completed,1.8,2,1.79,2.12,1.86,2.18,1.77,2.02,1.3940151210201581,0.27737041543537616,1.9219860591290168,0.37892665930437336,1.3940151210201581,1.9219860591290168,0.27737041543537616,0.37892665930437336,-1.124310487139665,Darderi L.,FALSE,Altmaier D.,TRUE
63,Belgrade,Belgrade Open,2024-11-04,ATP250,Indoor,Hard,1st Round,3,Cilic M.,Muller A.,196,68,298,790,7,6,6,3,NA,NA,NA,NA,NA,NA,2,0,Completed,1.44,2.75,1.54,2.63,1.54,2.78,1.47,2.65,0.5965385704250495,0.6867324582721362,1.6807990424956727,0.32851363207023226,0.5965385704250495,1.6807990424956727,0.6867324582721362,0.32851363207023226,-1.4242899454496956,Muller A.,FALSE,Cilic M.,TRUE
63,Belgrade,Belgrade Open,2024-11-04,ATP250,Indoor,Hard,1st Round,3,Shapovalov D.,Fucsovics M.,78,91,718,629,6,7,7,5,6,1,NA,NA,NA,NA,2,1,Completed,1.57,2.38,1.66,2.35,1.66,2.45,1.58,2.34,1.977949530616744,0.2921827093598238,2.0871934830245458,0.2820978681118087,1.977949530616744,2.0871934830245458,0.2921827093598238,0.2820978681118087,-0.26898082400139034,Fucsovics M.,FALSE,Shapovalov D.,TRUE
63,Belgrade,Belgrade Open,2024-11-05,ATP250,Indoor,Hard,1st Round,3,Safiullin R.,Fognini F.,60,74,898,745,6,3,6,3,NA,NA,NA,NA,NA,NA,2,0,Completed,1.22,4.33,1.27,4.09,1.27,4.34,1.23,3.99,1.994865855719723,0.2580833717036526,1.9957946353223723,0.3374720564005801,1.994865855719723,1.9957946353223723,0.2580833717036526,0.3374720564005801,-0.0021861541633077654,Fognini F.,FALSE,Safiullin R.,TRUE
64,Metz,Open de Moselle,2024-11-03,ATP250,Indoor,Hard,1st Round,3,Moutet C.,Nagal S.,66,83,804,697,7,5,4,0,NA,NA,NA,NA,NA,NA,2,0,Completed,1.29,3.75,1.34,3.53,1.34,3.75,1.31,3.43,1.0046511821051771,0.34167588865019205,1.2259750806998821,0.5060581228344003,1.0046511821051771,1.2259750806998821,0.34167588865019205,0.5060581228344003,-0.36246716536697354,Nagal S.,FALSE,Moutet C.,TRUE
64,Metz,Open de Moselle,2024-11-04,ATP250,Indoor,Hard,1st Round,3,Gasquet R.,Monteiro T.,133,100,445,609,4,6,6,4,7,6,NA,NA,NA,NA,2,1,Completed,1.73,2.1,1.76,2.17,1.8,2.2,1.74,2.07,1.1398643617666735,0.309799113185035,1.509273278847754,0.34910454086203624,1.1398643617666735,1.509273278847754,0.309799113185035,0.34910454086203624,-0.7914602715833543,Monteiro T.,FALSE,Gasquet R.,TRUE
64,Metz,Open de Moselle,2024-11-05,ATP250,Indoor,Hard,1st Round,3,Gaston H.,Droguet T.,81,174,712,338,7,6,4,6,6,3,NA,NA,NA,NA,2,1,Completed,1.8,2,1.9,1.99,1.9,2.02,1.81,1.97,1.1275761339717132,0.3738181966707737,1.5830071151938239,1.0652697260138688,1.1275761339717132,1.5830071151938239,0.3738181966707737,1.0652697260138688,-0.4034092927623106,Droguet T.,FALSE,Gaston H.,TRUE
64,Metz,Open de Moselle,2024-11-05,ATP250,Indoor,Hard,1st Round,3,Bonzi B.,Bautista Agut R.,124,47,473,1151,7,6,6,3,NA,NA,NA,NA,NA,NA,2,0,Completed,1.8,2,1.89,1.99,1.94,2.14,1.84,1.95,1.5822073111279458,0.3362245266588598,2.0854203347335636,0.26903516743090033,1.5822073111279458,2.0854203347335636,0.3362245266588598,0.26903516743090033,-1.1685991280442989,Bautista Agut R.,FALSE,Bonzi B.,TRUE
