idx,Date,ATP,Tournament,Round,Winner,Loser,Elo_w_pre,Elo_l_pre,p_win_elo,p_lose_elo,B365W,B365L,p_win_book,actual,set_name
2617,2024-01-01,1,Brisbane International,1st Round,Safiullin R.,Shelton B.,1577.5515126347857,1616.7733047001539,0.4437938652493044,0.5562061347506956,2.3,1.62,0.413265306122449,1,ATP250
2618,2024-01-01,1,Brisbane International,1st Round,Rune H.,Purcell M.,1638.4427826739025,1445.3973495285438,0.752363723927131,0.24763627607286898,1.25,4,0.7619047619047619,1,ATP250
2619,2024-01-01,1,Brisbane International,1st Round,Dimitrov G.,Murray A.,1772.4102544813766,1491.026434652609,0.8347641623773363,0.1652358376226637,1.33,3.4,0.7188160676532769,1,ATP250
2620,2024-01-01,2,Hong Kong Tennis Open,1st Round,Shang J.,Djere L.,1446.7501868106121,1590.5774831925576,0.30408156912621837,0.6959184308737816,2.3,1.62,0.413265306122449,1,ATP250
2621,2024-01-01,2,Hong Kong Tennis Open,1st Round,Kotov P.,Borges N.,1555.6069852488824,1412.7336437294769,0.6947551131040193,0.3052448868959807,2,1.8,0.47368421052631576,1,ATP250
2622,2024-01-01,2,Hong Kong Tennis Open,1st Round,Ruusuvuori E.,Bonzi B.,1523.7975506883777,1480.1869394023186,0.5624331672671293,0.43756683273287067,1.62,2.3,0.586734693877551,1,ATP250
2623,2024-01-01,2,Hong Kong Tennis Open,1st Round,Van De Zandschulp B.,Mochizuki S.,1481.1792867383194,1507.5961275616419,0.4620562013233696,0.5379437986766304,1.3,3.5,0.7291666666666667,1,ATP250
2624,2024-01-02,1,Brisbane International,1st Round,Hanfmann Y.,Korda S.,1484.2941536179299,1620.1080022853205,0.3139304897282855,0.6860695102717145,4.5,1.2,0.21052631578947367,1,ATP250
2625,2024-01-02,1,Brisbane International,1st Round,Klein L.,Baez S.,1483.931637875786,1566.278858771306,0.38366314673955415,0.6163368532604458,2,1.8,0.47368421052631576,1,ATP250
2626,2024-01-02,1,Brisbane International,1st Round,Duckworth J.,Wolf J.J.,1449.8889525738248,1507.2591271145104,0.4181799727501772,0.5818200272498228,2.38,1.57,0.39746835443037976,1,ATP250
2627,2024-01-02,1,Brisbane International,1st Round,Altmaier D.,Tu L.,1444.124964058892,1464.5155374939027,0.4706892506497215,0.5293107493502784,1.57,2.38,0.6025316455696202,1,ATP250
2628,2024-01-02,1,Brisbane International,1st Round,Machac T.,Etcheverry T.,1484.4276634636417,1531.031105053605,0.4333316173615866,0.5666683826384133,1.36,3.2,0.7017543859649122,1,ATP250
2629,2024-01-02,1,Brisbane International,1st Round,Thompson J.,Vukic A.,1550.088707495004,1453.5671384522113,0.6354391404878107,0.3645608595121893,1.57,2.38,0.6025316455696202,1,ATP250
2630,2024-01-02,1,Brisbane International,1st Round,Arnaldi M.,Fucsovics M.,1559.9756342142173,1550.2955477886671,0.5139271606541036,0.4860728393458964,1.91,1.91,NA,1,ATP250
2631,2024-01-02,1,Brisbane International,1st Round,Nadal R.,Thiem D.,1500.6925416571262,1521.1763675162167,0.47055551291035425,0.5294444870896458,1.62,2.3,0.586734693877551,1,ATP250
2632,2024-01-02,1,Brisbane International,1st Round,Hijikata R.,Kokkinakis T.,1502.8155906191394,1493.7922715925515,0.5129826811028072,0.4870173188971928,2.63,1.5,0.36319612590799033,1,ATP250
2633,2024-01-02,2,Hong Kong Tennis Open,1st Round,Kecmanovic M.,Daniel T.,1462.172518961567,1437.6960623952464,0.5351662944135773,0.4648337055864227,1.57,2.38,0.6025316455696202,1,ATP250
2634,2024-01-02,2,Hong Kong Tennis Open,1st Round,Broady L.,Cachin P.,1496.2766719677197,1482.7397864500042,0.5194712923832815,0.4805287076167185,1.36,3.2,0.7017543859649122,1,ATP250
2635,2024-01-02,2,Hong Kong Tennis Open,1st Round,Ofner S.,Mcdonald M.,1530.4827680221397,1560.470815327946,0.45695058172340364,0.5430494182765964,2.75,1.44,0.3436754176610979,1,ATP250
2636,2024-01-02,2,Hong Kong Tennis Open,1st Round,Struff J.L.,Cilic M.,1550.1805224278994,1499.3591279625089,0.5726206583187174,0.42737934168128255,1.53,2.5,0.6203473945409429,1,ATP250
2637,2024-01-02,2,Hong Kong Tennis Open,1st Round,Bautista Agut R.,Marozsan F.,1474.8261725731134,1563.3025013981098,0.37535512987980163,0.6246448701201983,1.62,2.3,0.586734693877551,1,ATP250
2638,2024-01-02,2,Hong Kong Tennis Open,1st Round,Huesler M.A.,Sachko V.,1321.613960209817,1471.7395754981412,0.2964641551396878,0.7035358448603122,1.53,2.5,0.6203473945409429,1,ATP250
2639,2024-01-02,2,Hong Kong Tennis Open,1st Round,Fils A.,Gojo B.,1546.6836027688175,1516.30872777219,0.5436019281340114,0.4563980718659886,1.53,2.5,0.6203473945409429,1,ATP250
2640,2024-01-02,2,Hong Kong Tennis Open,1st Round,Musetti L.,Wong C.,1557.1863515274943,1500,0.5815625463391505,0.4184374536608495,1.2,4.5,0.7894736842105263,1,ATP250
2641,2024-01-03,1,Brisbane International,1st Round,Humbert U.,Michelsen A.,1669.4558675411292,1521.8584586550821,0.7004914055754559,0.29950859442454414,1.4,3,0.6818181818181818,1,ATP250
2671,2024-01-07,4,ASB Classic,1st Round,Altmaier D.,Giron M.,1456.6113696891953,1491.2966407619913,0.4502490532376187,0.5497509467623813,2.63,1.5,0.36319612590799033,1,ATP250
2672,2024-01-07,4,ASB Classic,1st Round,Daniel T.,Vukic A.,1422.8213838164809,1441.9011909478213,0.4725695195302095,0.5274304804697905,1.73,2.1,0.5483028720626633,1,ATP250
2673,2024-01-08,3,Adelaide International,1st Round,Draper J.,Baez S.,1634.7469383109767,1546.5560794669718,0.6242594977766193,0.37574050222338073,1.17,5,0.8103727714748785,1,ATP250
2674,2024-01-08,3,Adelaide International,1st Round,Shevchenko A.,Etcheverry T.,1547.646626954084,1512.8977168091758,0.5498416223566147,0.4501583776433853,1.73,2.1,0.5483028720626633,1,ATP250
2675,2024-01-08,3,Adelaide International,1st Round,Kecmanovic M.,Mcdonald M.,1466.1681092179213,1543.093233943095,0.3910700316260862,0.6089299683739138,1.5,2.63,0.6368038740920097,1,ATP250
2676,2024-01-08,3,Adelaide International,1st Round,Lajovic D.,Kokkinakis T.,1521.154824783292,1478.2077173878413,0.5614929731358889,0.43850702686411114,2.75,1.44,0.3436754176610979,1,ATP250
2677,2024-01-08,3,Adelaide International,1st Round,Arnaldi M.,Zapata Miralles B.,1573.2073682197258,1438.2847095356176,0.6849635451948742,0.31503645480512577,1.13,6,0.8415147265077139,1,ATP250
2678,2024-01-08,4,ASB Classic,1st Round,Van Assche L.,Wolf J.J.,1437.7209155416188,1488.640886242516,0.4272404773982809,0.572759522601719,2.3,1.62,0.413265306122449,1,ATP250
2679,2024-01-08,4,ASB Classic,1st Round,Tabilo A.,Gojo B.,1486.7062149046155,1501.7039894724783,0.47842986364185575,0.5215701363581442,2.63,1.5,0.36319612590799033,1,ATP250
2680,2024-01-08,4,ASB Classic,1st Round,Van De Zandschulp B.,Eubanks C.,1481.0439834901401,1503.6360038341727,0.46753321563631417,0.5324667843636859,1.44,2.75,0.6563245823389022,1,ATP250
2681,2024-01-08,4,ASB Classic,1st Round,Muller A.,Bonzi B.,1443.8584626878612,1466.1848007548667,0.46791396988178047,0.5320860301182195,2,1.8,0.47368421052631576,1,ATP250
2682,2024-01-08,4,ASB Classic,1st Round,Borges N.,Michelsen A.,1402.9658073488054,1512.2741836334967,0.3476852454467394,0.6523147545532606,2.75,1.44,0.3436754176610979,1,ATP250
2683,2024-01-08,4,ASB Classic,1st Round,Marozsan F.,Monfils G.,1543.3138655542634,1616.366125320888,0.3963917007097837,0.6036082992902163,2.5,1.53,0.3796526054590571,1,ATP250
2684,2024-01-08,4,ASB Classic,1st Round,Carballes Baena R.,Bautista Agut R.,1441.3226500953795,1501.9464692169665,0.41363009210671553,0.5863699078932845,6,1.13,0.15848527349228608,1,ATP250
2685,2024-01-09,3,Adelaide International,1st Round,O Connell C.,Rinderknech A.,1459.2550949772146,1431.966439757988,0.5391909749463563,0.46080902505364374,2.1,1.73,0.4516971279373368,1,ATP250
2686,2024-01-09,3,Adelaide International,1st Round,Bolt A.,Seyboth Wild T.,1470.748424494042,1464.2008249167225,0.5094216378902467,0.49057836210975325,1.73,2.1,0.5483028720626633,1,ATP250
2687,2024-01-09,3,Adelaide International,1st Round,Thompson J.,Diaz Acosta F.,1568.9975719742754,1470.487880949958,0.6380862099664141,0.3619137900335859,1.2,4.5,0.7894736842105263,1,ATP250
2688,2024-01-09,3,Adelaide International,1st Round,Sonego L.,Hanfmann Y.,1545.4784323109086,1488.517136376522,0.5812472504416875,0.41875274955831254,1.62,2.3,0.586734693877551,1,ATP250
2689,2024-01-09,3,Adelaide International,1st Round,Lehecka J.,Walton A.,1516.3618953673742,1500,0.5235292685464219,0.4764707314535781,1.3,3.5,0.7291666666666667,1,ATP250
2690,2024-01-09,3,Adelaide International,1st Round,Bublik A.,Mccabe J.,1545.5910453098033,1500,0.5652367778646071,0.43476322213539287,1.3,3.5,0.7291666666666667,1,ATP250
2691,2024-01-09,3,Adelaide International,1st Round,Evans D.,Hijikata R.,1483.7266578655542,1527.4938442792736,0.43734502875870823,0.5626549712412918,1.8,2,0.5263157894736842,1,ATP250
2692,2024-01-09,4,ASB Classic,1st Round,Ofner S.,Shapovalov D.,1562.2246719978891,1527.0694554032182,0.5504204663628512,0.44957953363714875,1.8,2,0.5263157894736842,1,ATP250
2693,2024-01-09,4,ASB Classic,1st Round,Purcell M.,Pannu K.,1437.472988694212,1469.7192722355414,0.4537266593752529,0.5462733406247471,1.04,13,0.9259259259259259,1,ATP250
2694,2024-01-09,4,ASB Classic,1st Round,Fils A.,Gasquet R.,1559.5080144489878,1394.6327689279042,0.7209337838776603,0.2790662161223397,1.33,3.4,0.7188160676532769,1,ATP250
2846,2024-01-29,6,Open Sud de France,1st Round,Mmoh M.,Bonzi B.,1564.572059742528,1437.9122352329337,0.6746104996693015,0.32538950033069847,2.3,1.62,0.413265306122449,1,ATP250
2847,2024-01-29,6,Open Sud de France,1st Round,Paire B.,Murray A.,1445.1587862094464,1470.3259565746196,0.4638447451862233,0.5361552548137767,3.75,1.29,0.25595238095238093,1,ATP250
2848,2024-01-29,6,Open Sud de France,1st Round,Martinez P.,Munar J.,1387.6777474662356,1493.2065008698744,0.35263600759759234,0.6473639924024077,1.91,1.91,NA,1,ATP250
2849,2024-01-30,6,Open Sud de France,1st Round,Muller A.,Escoffier A.,1449.5355612024882,1500,0.4278822805205983,0.5721177194794017,1.44,2.75,0.6563245823389022,1,ATP250
2850,2024-01-30,6,Open Sud de France,1st Round,Barrere G.,Blanchet U.,1460.1497225598425,1500,0.4429010138863154,0.5570989861136846,1.53,2.5,0.6203473945409429,1,ATP250
2851,2024-01-30,6,Open Sud de France,1st Round,Mayot H.,Pouille L.,1519.0966049167973,1503.6710258696892,0.5221846177473561,0.47781538225264386,1.91,1.91,NA,1,ATP250
2852,2024-01-30,6,Open Sud de France,1st Round,Shapovalov D.,Gaston H.,1497.1237142878126,1463.3799149495644,0.5484091157415811,0.45159088425841887,1.8,2,0.5263157894736842,1,ATP250
2853,2024-01-30,6,Open Sud de France,1st Round,Cazaux A.,Marterer M.,1519.545295228578,1502.4252068117753,0.524617866226161,0.475382133773839,1.4,3,0.6818181818181818,1,ATP250
2854,2024-01-30,6,Open Sud de France,1st Round,Llamas Ruiz P.,Gasquet R.,1500.1644637487786,1383.2562811431312,0.6621695718622624,0.33783042813773756,2.63,1.5,0.36319612590799033,1,ATP250
2855,2024-01-31,6,Open Sud de France,1st Round,Shevchenko A.,Svrcina D.,1523.4074316762585,1500.9767803042714,0.53223552794884,0.46776447205116,1.36,3.2,0.7017543859649122,1,ATP250
2856,2024-01-31,6,Open Sud de France,1st Round,Lestienne C.,Zapata Miralles B.,1378.6534364286404,1419.8013627356509,0.4410586953718369,0.558941304628163,1.25,4,0.7619047619047619,1,ATP250
2857,2024-01-31,6,Open Sud de France,1st Round,Cobolli F.,Monfils G.,1519.7625735727715,1587.4396211817243,0.40381831436129784,0.5961816856387021,3.4,1.33,0.28118393234672306,1,ATP250
2872,2024-02-05,7,Cordoba Open,1st Round,Munar J.,Galan D.E.,1472.4908531129972,1392.795810375087,0.6127203387409039,0.3872796612590961,1.73,2.1,0.5483028720626633,1,ATP250
2873,2024-02-05,7,Cordoba Open,1st Round,Bagnis F.,Cerundolo J.M.,1418.6883279436722,1462.7431683147788,0.43693760415576066,0.5630623958442393,1.67,2.2,0.5684754521963824,1,ATP250
2874,2024-02-05,7,Cordoba Open,1st Round,Dellien H.,Seyboth Wild T.,1403.873653446249,1443.9045345372085,0.44264450911619135,0.5573554908838086,2.75,1.44,0.3436754176610979,1,ATP250
2875,2024-02-05,7,Cordoba Open,1st Round,Ramos-Vinolas A.,Cachin P.,1415.0012318144036,1452.0971133314392,0.4468166773732666,0.5531833226267334,2.1,1.73,0.4516971279373368,1,ATP250
2876,2024-02-05,9,Open 13,1st Round,Musetti L.,Marterer M.,1546.1160116754204,1487.2129785310124,0.5839653539629247,0.4160346460370753,1.53,2.5,0.6203473945409429,1,ATP250
2877,2024-02-05,9,Open 13,1st Round,Bautista Agut R.,Gasquet R.,1472.409408207712,1372.4457074427237,0.6400168589213652,0.3599831410786348,1.5,2.63,0.6368038740920097,1,ATP250
2878,2024-02-05,9,Open 13,1st Round,Shevchenko A.,Bonzi B.,1536.4812288929904,1427.4997712223512,0.6518878181516279,0.3481121818483721,1.73,2.1,0.5483028720626633,1,ATP250
2879,2024-02-06,7,Cordoba Open,1st Round,Diaz Acosta F.,Gomez F.,1451.0637598872838,1500,0.4300371354124691,0.569962864587531,1.25,4,0.7619047619047619,1,ATP250
2880,2024-02-06,7,Cordoba Open,1st Round,Coria F.,Altmaier D.,1434.1417488089787,1484.0518884806081,0.4286635649545735,0.5713364350454265,2.5,1.53,0.3796526054590571,1,ATP250
2881,2024-02-06,7,Cordoba Open,1st Round,Darderi L.,Barrios M.,1483.0976273748188,1475.745259432158,0.5105793288411593,0.4894206711588407,1.44,2.75,0.6563245823389022,1,ATP250
2882,2024-02-06,7,Cordoba Open,1st Round,Carballes Baena R.,Navone M.,1454.3078013074446,1500,0.43462013426835716,0.5653798657316429,1.8,2,0.5263157894736842,1,ATP250
2883,2024-02-06,7,Cordoba Open,1st Round,Burruchaga R.,Schwartzman D.,1500,1489.567307209816,0.515009340960294,0.48499065903970595,1.91,1.91,NA,1,ATP250
2884,2024-02-06,7,Cordoba Open,1st Round,Hanfmann Y.,Varillas J.P.,1464.512577527255,1478.4053163234407,0.4800173907896962,0.5199826092103038,1.44,2.75,0.6563245823389022,1,ATP250
2885,2024-02-06,8,Dallas Open,1st Round,Purcell M.,Krueger M.,1447.558512498717,1503.5407661123527,0.42012512678452596,0.579874873215474,1.36,3.2,0.7017543859649122,1,ATP250
2886,2024-02-06,8,Dallas Open,1st Round,Michelsen A.,Sandgren T.,1521.736195554694,1500,0.5312401527799837,0.4687598472200163,1.4,3,0.6818181818181818,1,ATP250
2887,2024-02-06,8,Dallas Open,1st Round,Duckworth J.,Svajda Z.,1460.0052446347017,1476.447789645968,0.47635492557809933,0.5236450744219007,1.73,2.1,0.5483028720626633,1,ATP250
2888,2024-02-06,8,Dallas Open,1st Round,Giron M.,Moreno De Alboran N.,1465.6397993476633,1468.4852984755983,0.49590508913526316,0.5040949108647368,1.33,3.4,0.7188160676532769,1,ATP250
2889,2024-02-06,8,Dallas Open,1st Round,Eubanks C.,Johnson S.,1496.5546318460745,1462.1922553774443,0.5492908223065218,0.4507091776934782,1.5,2.63,0.6368038740920097,1,ATP250
2890,2024-02-06,8,Dallas Open,1st Round,Mmoh M.,Nava E.,1573.7941810884272,1463.7291117622412,0.6533020114382031,0.3466979885617969,1.67,2.2,0.5684754521963824,1,ATP250
2891,2024-02-06,8,Dallas Open,1st Round,Nishioka Y.,Atmane T.,1522.477607104233,1479.5216125154636,0.561505569344397,0.438494430655603,1.67,2.2,0.5684754521963824,1,ATP250
2892,2024-02-06,9,Open 13,1st Round,Davidovich Fokina A.,Barrere G.,1585.122354639016,1464.7306818846544,0.6666406654823448,0.3333593345176552,1.53,2.5,0.6203473945409429,1,ATP250
2893,2024-02-06,9,Open 13,1st Round,Zhang Zh.,Zeppieri G.,1554.2809415096299,1472.8916874566432,0.6150320290650859,0.3849679709349141,NA,NA,NA,1,ATP250
2894,2024-02-06,9,Open 13,1st Round,Machac T.,Murray A.,1512.6602116774702,1453.1689884205787,0.5847877218277306,0.41521227817226936,1.44,2.75,0.6563245823389022,1,ATP250
2895,2024-02-06,9,Open 13,1st Round,Rinderknech A.,Cressy M.,1407.6257132820003,1370.5388822213235,0.553170445296521,0.44682955470347896,2,1.8,0.47368421052631576,1,ATP250
2896,2024-02-06,9,Open 13,1st Round,Gaston H.,Shapovalov D.,1448.929006653295,1497.6250933678225,0.4303760099140922,0.5696239900859078,2.75,1.44,0.3436754176610979,1,ATP250
2897,2024-02-06,9,Open 13,1st Round,Korda S.,Grenier H.,1616.6097034231113,1477.004180066143,0.6907512902131695,0.3092487097868305,1.2,4.5,0.7894736842105263,1,ATP250
2898,2024-02-06,9,Open 13,1st Round,Lehecka J.,Goffin D.,1595.1430893422112,1477.1527938571019,0.6635616267234627,0.33643837327653725,1.53,2.5,0.6203473945409429,1,ATP250
2899,2024-02-07,7,Cordoba Open,1st Round,Tirante T.A.,Comesana F.,1503.8599567639178,1500,0.5055546957806439,0.49444530421935606,2,1.8,0.47368421052631576,1,ATP250
2903,2024-02-07,8,Dallas Open,1st Round,Thompson J.,Neff A.,1562.041812741096,1500,0.5883482677611147,0.4116517322388853,1.03,15,0.9357454772301934,1,ATP250
2904,2024-02-07,8,Dallas Open,1st Round,Koepfer D.,Kovacevic A.,1509.2016087802776,1449.0885626489753,0.5856565993725746,0.41434340062742536,1.36,3.2,0.7017543859649122,1,ATP250
2905,2024-02-07,8,Dallas Open,1st Round,Kudla D.,Albot R.,1468.8354187700704,1432.7202761321794,0.551787478877812,0.448212521122188,1.73,2.1,0.5483028720626633,1,ATP250
2906,2024-02-07,8,Dallas Open,1st Round,Hijikata R.,Quinn E.,1495.2151408991565,1466.4814967960053,0.5412570197611785,0.45874298023882154,1.67,2.2,0.5684754521963824,1,ATP250
2909,2024-02-07,9,Open 13,1st Round,Ruusuvuori E.,Van Assche L.,1586.47891484505,1474.223258787558,0.6561526160330176,0.34384738396698245,1.36,3.2,0.7017543859649122,1,ATP250
2910,2024-02-07,9,Open 13,1st Round,Auger-Aliassime F.,Halys Q.,1582.6203464382208,1479.5565446031035,0.6441180482371521,0.35588195176284787,1.25,4,0.7619047619047619,1,ATP250
2949,2024-02-12,10,Argentina Open,1st Round,Diaz Acosta F.,Altmaier D.,1474.5224064367742,1465.7691225591545,0.5125943235278305,0.4874056764721695,2.2,1.67,0.43152454780361754,1,ATP250
2950,2024-02-12,10,Argentina Open,1st Round,Djere L.,Cilic M.,1547.4581856119642,1472.5356549700837,0.6061813693095784,0.39381863069042156,1.44,2.75,0.6563245823389022,1,ATP250
2951,2024-02-12,10,Argentina Open,1st Round,Wawrinka S.,Cachin P.,1513.8836199662364,1434.3952470073837,0.612437995203651,0.38756200479634895,1.62,2.3,0.586734693877551,1,ATP250
2952,2024-02-12,11,Delray Beach Open,1st Round,Lestienne C.,Vukic A.,1386.749342366973,1415.077953635868,0.4593219561346098,0.5406780438653902,2.1,1.73,0.4516971279373368,1,ATP250
2953,2024-02-12,11,Delray Beach Open,1st Round,Arnaldi M.,Nishioka Y.,1569.9146244961094,1536.5094288852122,0.5479263481512253,0.4520736518487747,1.67,2.2,0.5684754521963824,1,ATP250
2954,2024-02-12,11,Delray Beach Open,1st Round,Borges N.,Diallo G.,1482.606460241805,1464.1163350638385,0.5265843360631853,0.47341566393681467,1.73,2.1,0.5483028720626633,1,ATP250
2959,2024-02-13,10,Argentina Open,1st Round,Etcheverry T.,Carballes Baena R.,1522.3817885004974,1454.7619631148402,0.596102380957624,0.403897619042376,1.33,3.4,0.7188160676532769,1,ATP250
2960,2024-02-13,10,Argentina Open,1st Round,Tabilo A.,Hanfmann Y.,1530.8068561083028,1483.5443211236006,0.567599794270882,0.43240020572911797,2,1.8,0.47368421052631576,1,ATP250
2961,2024-02-13,10,Argentina Open,1st Round,Coria F.,Ofner S.,1470.228403868125,1517.6509775243928,0.432174115559274,0.567825884440726,1.8,2,0.5263157894736842,1,ATP250
2962,2024-02-13,10,Argentina Open,1st Round,Vavassori A.,Seyboth Wild T.,1493.844418098548,1426.0691588289267,0.59631778615349,0.40368221384651004,1.91,1.91,NA,1,ATP250
2963,2024-02-13,10,Argentina Open,1st Round,Ugo Carabelli C.,Varillas J.P.,1482.8952799201272,1461.765872828711,0.5303702288837631,0.46962977111623694,1.62,2.3,0.586734693877551,1,ATP250
2964,2024-02-13,10,Argentina Open,1st Round,Galan D.E.,Schwartzman D.,1380.402861214796,1474.0476061205454,0.3684056992843617,0.6315943007156384,2,1.8,0.47368421052631576,1,ATP250
2965,2024-02-13,10,Argentina Open,1st Round,Darderi L.,Navone M.,1562.4123112239106,1481.9078442965874,0.6138254093818868,0.3861745906181132,1.8,2,0.5263157894736842,1,ATP250
2966,2024-02-13,10,Argentina Open,1st Round,Lajovic D.,Fils A.,1500.6612412334464,1558.8900944316335,0.4169778141404488,0.5830221858595512,2.75,1.44,0.3436754176610979,1,ATP250
2967,2024-02-13,11,Delray Beach Open,1st Round,Kypson P.,Kecmanovic M.,1470.790463121264,1528.1192773483538,0.4182379022628323,0.5817620977371677,3.5,1.3,0.27083333333333337,1,ATP250
2968,2024-02-13,11,Delray Beach Open,1st Round,Hijikata R.,Broady L.,1494.473335099475,1504.461284458536,0.485630143758878,0.5143698562411221,1.57,2.38,0.6025316455696202,1,ATP250
2969,2024-02-13,11,Delray Beach Open,1st Round,Thompson J.,Evans D.,1572.775097412013,1474.938634641234,0.6371907741766668,0.3628092258233332,1.57,2.38,0.6025316455696202,1,ATP250
2970,2024-02-13,11,Delray Beach Open,1st Round,Svajda Z.,Purcell M.,1459.6911472644672,1450.8350213605058,0.5127422300914706,0.4872577699085294,1.91,1.91,NA,1,ATP250
2971,2024-02-13,11,Delray Beach Open,1st Round,Moreno De Alboran N.,Kovacevic A.,1452.3542613279267,1435.8295738288978,0.5237630212777931,0.47623697872220694,2.1,1.73,0.4516971279373368,1,ATP250
2972,2024-02-13,11,Delray Beach Open,1st Round,Cobolli F.,Daniel T.,1531.3889968050612,1456.93956399009,0.6055310437431551,0.39446895625684486,1.8,2,0.5263157894736842,1,ATP250
2973,2024-02-13,11,Delray Beach Open,1st Round,Albot R.,Shang J.,1418.3774754562694,1533.3913134389363,0.34027412342878466,0.6597258765712153,2.1,1.73,0.4516971279373368,1,ATP250
2974,2024-02-13,11,Delray Beach Open,1st Round,Giron M.,Nava E.,1529.5811782636817,1452.6347761282636,0.6089591352928412,0.3910408647071588,1.33,3.4,0.7188160676532769,1,ATP250
2982,2024-02-14,10,Argentina Open,1st Round,Baez S.,Zapata Miralles B.,1547.2039238926513,1391.6187999831666,0.7100485736158242,0.2899514263841758,1.2,4.5,0.7894736842105263,1,ATP250
2987,2024-02-14,11,Delray Beach Open,1st Round,Michelsen A.,Kokkinakis T.,1522.4999522272553,1480.0728808585297,0.5607557658123392,0.4392442341876608,2,1.8,0.47368421052631576,1,ATP250
3032,2024-02-19,13,Qatar Exxon Mobil Open,1st Round,Kotov P.,Sonego L.,1555.2464588969176,1545.8613766459769,0.5135029349774484,0.48649706502255163,2.2,1.67,0.43152454780361754,1,ATP250
3033,2024-02-19,13,Qatar Exxon Mobil Open,1st Round,Zhang Zh.,Musetti L.,1553.5199921943388,1529.2546924196022,0.5348639056650839,0.4651360943349161,2.2,1.67,0.43152454780361754,1,ATP250
3034,2024-02-19,13,Qatar Exxon Mobil Open,1st Round,Fucsovics M.,Bautista Agut R.,1540.7769131768582,1474.7742897046255,0.5938590276807517,0.4061409723192483,1.73,2.1,0.5483028720626633,1,ATP250
3035,2024-02-19,13,Qatar Exxon Mobil Open,1st Round,Marozsan F.,Kopriva V.,1548.5115979423942,1488.677526794051,0.585266851210838,0.414733148789162,1.44,2.75,0.6563245823389022,1,ATP250
3036,2024-02-19,13,Qatar Exxon Mobil Open,1st Round,Popyrin A.,Shelbayh A.,1536.5927477184484,1444.024468034988,0.6301512780958104,0.3698487219041896,1.5,2.63,0.6368038740920097,1,ATP250
3037,2024-02-19,14,Los Cabos Open,1st Round,Evans D.,Safiullin R.,1463.3287394148874,1581.5003418312062,0.3362054125447555,0.6637945874552444,2.75,1.44,0.3436754176610979,1,ATP250
3038,2024-02-19,14,Los Cabos Open,1st Round,Michelsen A.,Lestienne C.,1526.3900661533248,1391.9046022470886,0.6844202186624964,0.31557978133750364,1.33,3.4,0.7188160676532769,1,ATP250
3043,2024-02-20,13,Qatar Exxon Mobil Open,1st Round,Ruusuvuori E.,Zeppieri G.,1603.7470021739998,1460.572712386726,0.6951223794068607,0.3048776205931393,1.33,3.4,0.7188160676532769,1,ATP250
3044,2024-02-20,13,Qatar Exxon Mobil Open,1st Round,Mensik J.,Davidovich Fokina A.,1529.656827490583,1580.809707271864,0.4269124241070439,0.5730875758929561,2.5,1.53,0.3796526054590571,1,ATP250
3045,2024-02-20,13,Qatar Exxon Mobil Open,1st Round,O Connell C.,Struff J.L.,1491.0051270242966,1546.8457198659985,0.4203238032902815,0.5796761967097185,2.38,1.57,0.39746835443037976,1,ATP250
3046,2024-02-20,13,Qatar Exxon Mobil Open,1st Round,Gasquet R.,Shevchenko A.,1360.9262469282073,1572.07769854916,0.22873190102876745,0.7712680989712326,3.2,1.36,0.2982456140350877,1,ATP250
3047,2024-02-20,13,Qatar Exxon Mobil Open,1st Round,Grenier H.,Marterer M.,1467.1082213529644,1473.899869857826,0.4902272768808549,0.5097727231191451,2,1.8,0.47368421052631576,1,ATP250
3048,2024-02-20,13,Qatar Exxon Mobil Open,1st Round,Murray A.,Muller A.,1439.882195519066,1456.6266883907278,0.4759213773865378,0.5240786226134622,1.91,1.91,NA,1,ATP250
3049,2024-02-20,13,Qatar Exxon Mobil Open,1st Round,Monfils G.,Van De Zandschulp B.,1576.8660518058,1477.3976773539196,0.63935966460565,0.36064033539435003,1.67,2.2,0.5684754521963824,1,ATP250
3050,2024-02-20,14,Los Cabos Open,1st Round,Purcell M.,Arnaldi M.,1435.2427727234328,1565.0480862596796,0.32142747039464853,0.6785725296053515,2.38,1.57,0.39746835443037976,1,ATP250
3051,2024-02-20,14,Los Cabos Open,1st Round,Kovacevic A.,Holt B.,1420.5899905097872,1472.4513781413038,0.4259148845857504,0.5740851154142497,1.67,2.2,0.5684754521963824,1,ATP250
3052,2024-02-20,14,Los Cabos Open,1st Round,Kokkinakis T.,Draper J.,1466.0170653645246,1652.671944701579,0.2545535912658724,0.7454464087341276,3.75,1.29,0.25595238095238093,1,ATP250
3053,2024-02-20,14,Los Cabos Open,1st Round,Borges N.,Koepfer D.,1489.903489056574,1526.070122690056,0.44813921569265724,0.5518607843073428,2,1.8,0.47368421052631576,1,ATP250
3054,2024-02-20,14,Los Cabos Open,1st Round,Hijikata R.,Kecmanovic M.,1521.542695882697,1509.5028902207644,0.5173197408757085,0.48268025912429147,3,1.4,0.3181818181818181,1,ATP250
3055,2024-02-20,14,Los Cabos Open,1st Round,Thompson J.,Escobedo E.,1583.0090657157346,1468.023318681315,0.6596895749721355,0.34031042502786446,1.14,5.5,0.8283132530120482,1,ATP250
3071,2024-02-21,14,Los Cabos Open,1st Round,Nishioka Y.,Cobolli F.,1522.0430720260513,1541.9298550128472,0.4714118328078935,0.5285881671921064,1.8,2,0.5263157894736842,1,ATP250
3072,2024-02-21,14,Los Cabos Open,1st Round,Nava E.,Schwartzman D.,1440.1214684576346,1453.836588497645,0.4802726016480326,0.5197273983519675,1.8,2,0.5263157894736842,1,ATP250
3073,2024-02-21,14,Los Cabos Open,1st Round,Giron M.,Daniel T.,1566.3720341806134,1444.316557389871,0.6687657019542845,0.33123429804571547,1.4,3,0.6818181818181818,1,ATP250
3074,2024-02-21,14,Los Cabos Open,1st Round,Vukic A.,Pacheco Mendez R.,1397.7762562321755,1476.3090264979287,0.38886848846331423,0.6111315115366858,1.22,4.33,0.7801801801801801,1,ATP250
3121,2024-02-26,18,Chile Open,1st Round,Martinez P.,Passaro F.,1396.9508730954378,1464.5021497275657,0.40399262785115386,0.5960073721488461,1.5,2.63,0.6368038740920097,1,ATP250
3122,2024-02-26,18,Chile Open,1st Round,Coria F.,Molcan A.,1493.4103714253642,1506.153882039395,0.4816688337835476,0.5183311662164525,2.2,1.67,0.43152454780361754,1,ATP250
3123,2024-02-26,18,Chile Open,1st Round,Diaz Acosta F.,Cachin P.,1559.899938222109,1409.6101024140003,0.7037329772353409,0.2962670227646591,1.44,2.75,0.6563245823389022,1,ATP250
3141,2024-02-27,18,Chile Open,1st Round,Moutet C.,Carballes Baena R.,1387.8608126997071,1429.7213178210989,0.4400477083058927,0.5599522916941073,2,1.8,0.47368421052631576,1,ATP250
3142,2024-02-27,18,Chile Open,1st Round,Seyboth Wild T.,Burruchaga R.,1442.9230903670546,1497.9421529096867,0.4214764908267939,0.5785235091732062,1.53,2.5,0.6203473945409429,1,ATP250
3143,2024-02-27,18,Chile Open,1st Round,Cerundolo J.M.,Hanfmann Y.,1444.725171647763,1476.4603958270538,0.45445593242038623,0.5455440675796137,2.38,1.57,0.39746835443037976,1,ATP250
3144,2024-02-27,18,Chile Open,1st Round,Munar J.,Zapata Miralles B.,1483.4507511707188,1373.2015803381114,0.6535420095164348,0.3464579904835652,1.44,2.75,0.6563245823389022,1,ATP250
3145,2024-02-27,18,Chile Open,1st Round,Ramos-Vinolas A.,Dellien H.,1423.4346485714077,1401.399171994565,0.5316691482359546,0.46833085176404543,2.1,1.73,0.4516971279373368,1,ATP250
3146,2024-02-27,18,Chile Open,1st Round,Tirante T.A.,Fonseca J.,1501.378263725289,1501.7447069206742,0.4994726460460926,0.5005273539539075,2.2,1.67,0.43152454780361754,1,ATP250
3147,2024-02-27,18,Chile Open,1st Round,Varillas J.P.,Comesana F.,1429.3994879380655,1469.8543887486505,0.44204240983848336,0.5579575901615166,1.73,2.1,0.5483028720626633,1,ATP250
3148,2024-02-27,18,Chile Open,1st Round,Barrios M.,Garin C.,1465.969021110943,1522.2061901256618,0.4197676780688292,0.5802323219311708,3,1.4,0.3181818181818181,1,ATP250
3164,2024-02-28,18,Chile Open,1st Round,Darderi L.,Bagnis F.,1557.9285032000673,1476.0113078321288,0.6157513315246367,0.3842486684753633,1.53,2.5,0.6203473945409429,1,ATP250
3385,2024-04-01,21,Estoril Open,1st Round,Bautista Agut R.,Kecmanovic M.,1467.8310988337864,1482.4801245724195,0.4789308410183603,0.5210691589816396,2.3,1.62,0.413265306122449,1,ATP250
3386,2024-04-01,21,Estoril Open,1st Round,Thiem D.,Marterer M.,1490.3669075007367,1443.4491372232733,0.5671126419827311,0.43288735801726885,1.62,2.3,0.586734693877551,1,ATP250
3387,2024-04-01,21,Estoril Open,1st Round,Borges N.,Pouille L.,1463.3740536802877,1494.738276262651,0.4549854680297155,0.5450145319702845,1.5,2.63,0.6368038740920097,1,ATP250
3388,2024-04-01,22,U.S. Men's Clay Court Championships,1st Round,Nakashima B.,Ajdukovic D.,1451.801775162035,1483.2477138923464,0.4548688246788116,0.5451311753211884,1.4,3,0.6818181818181818,1,ATP250
3389,2024-04-01,22,U.S. Men's Clay Court Championships,1st Round,Bergs Z.,Kypson P.,1439.9612377387748,1497.0889116014378,0.4185196528361407,0.5814803471638593,1.91,1.91,NA,1,ATP250
3390,2024-04-01,23,Grand Prix Hassan II,1st Round,Munar J.,Van Assche L.,1466.755242598048,1457.7804665881126,0.5129128689323755,0.48708713106762447,2,1.8,0.47368421052631576,1,ATP250
3391,2024-04-01,23,Grand Prix Hassan II,1st Round,Kotov P.,Benchetrit E.,1510.9831227898464,1481.9143313643665,0.5417360133754385,0.45826398662456147,1.25,4,0.7619047619047619,1,ATP250
3392,2024-04-01,23,Grand Prix Hassan II,1st Round,Navone M.,Dougaz A.,1526.5446632239361,1500,0.538126685421964,0.46187331457803604,1.29,3.75,0.744047619047619,1,ATP250
3393,2024-04-02,22,U.S. Men's Clay Court Championships,1st Round,Hijikata R.,Eubanks C.,1498.0787221825997,1477.2922493402043,0.5298784983082914,0.47012150169170863,2.2,1.67,0.43152454780361754,1,ATP250
3394,2024-04-02,22,U.S. Men's Clay Court Championships,1st Round,Wolf J.J.,Ritschard A.,1453.2946232085442,1483.292035197994,0.45693720479546784,0.5430627952045322,1.73,2.1,0.5483028720626633,1,ATP250
3395,2024-04-02,22,U.S. Men's Clay Court Championships,1st Round,Darderi L.,Kudla D.,1541.7819779024892,1451.2867925347805,0.6273657111273467,0.37263428887265326,1.33,3.4,0.7188160676532769,1,ATP250
3396,2024-04-02,22,U.S. Men's Clay Court Championships,1st Round,Galan D.E.,Paire B.,1358.4041704230374,1449.587943867676,0.3717081011491259,0.6282918988508741,1.5,2.63,0.6368038740920097,1,ATP250
3397,2024-04-02,22,U.S. Men's Clay Court Championships,1st Round,Duckworth J.,Brouwer G.,1494.3324920697478,1475.9778450566387,0.5263899144490992,0.4736100855509008,2.5,1.53,0.3796526054590571,1,ATP250
3398,2024-04-02,22,U.S. Men's Clay Court Championships,1st Round,Purcell M.,Michelsen A.,1412.8849974355705,1550.5359587226762,0.31165730191993557,0.6883426980800644,3,1.4,0.3181818181818181,1,ATP250
3399,2024-04-02,22,U.S. Men's Clay Court Championships,1st Round,Mmoh M.,Varillas J.P.,1558.4217071301714,1438.5456168646622,0.6659807735701953,0.33401922642980475,2.5,1.53,0.3796526054590571,1,ATP250
3400,2024-04-02,22,U.S. Men's Clay Court Championships,1st Round,Kovacevic A.,Kokkinakis T.,1446.0375834624172,1517.0512438585881,0.3992028940118952,0.6007971059881048,2.63,1.5,0.36319612590799033,1,ATP250
3401,2024-04-02,23,Grand Prix Hassan II,1st Round,Vukic A.,Muller A.,1412.9360398843658,1438.9937993955587,0.4625700250073362,0.5374299749926639,2.38,1.57,0.39746835443037976,1,ATP250
3402,2024-04-02,23,Grand Prix Hassan II,1st Round,Nagal S.,Moutet C.,1461.9562391660852,1438.8917557403906,0.5331437863660788,0.46685621363392116,2.38,1.57,0.39746835443037976,1,ATP250
3403,2024-04-02,23,Grand Prix Hassan II,1st Round,Cobolli F.,Shelbayh A.,1515.2363273027006,1432.189308934054,0.617288974423865,0.382711025576135,1.33,3.4,0.7188160676532769,1,ATP250
3404,2024-04-02,23,Grand Prix Hassan II,1st Round,Berrettini M.,Shevchenko A.,1530.8709202903826,1555.78713428161,0.4642040307308488,0.5357959692691512,1.62,2.3,0.586734693877551,1,ATP250
3405,2024-04-02,23,Grand Prix Hassan II,1st Round,Fognini F.,Gaston H.,1495.087015699517,1459.9928771326872,0.5503334603025429,0.44966653969745707,1.73,2.1,0.5483028720626633,1,ATP250
3406,2024-04-02,23,Grand Prix Hassan II,1st Round,Moreno De Alboran N.,Diaz Acosta F.,1442.8467081005294,1531.7236211429254,0.3748146244466026,0.6251853755533974,3,1.4,0.3181818181818181,1,ATP250
3407,2024-04-02,23,Grand Prix Hassan II,1st Round,Wawrinka S.,Ramos-Vinolas A.,1485.631741861464,1424.9832411408213,0.5864043672734677,0.4135956327265323,1.44,2.75,0.6563245823389022,1,ATP250
3408,2024-04-02,23,Grand Prix Hassan II,1st Round,Goffin D.,Rinderknech A.,1459.2146556376142,1441.9438600337621,0.5248342209047963,0.47516577909520374,1.73,2.1,0.5483028720626633,1,ATP250
3409,2024-04-03,21,Estoril Open,1st Round,Fucsovics M.,Cachin P.,1532.7983635593691,1376.6726604057153,0.7106888157413944,0.2893111842586056,1.44,2.75,0.6563245823389022,1,ATP250
3410,2024-04-03,21,Estoril Open,1st Round,Martinez P.,Altmaier D.,1450.549139599245,1455.264629973952,0.4932142805010857,0.5067857194989143,1.73,2.1,0.5483028720626633,1,ATP250
3411,2024-04-03,21,Estoril Open,1st Round,Choinski J.,Fonseca J.,1463.5540030949871,1485.7278315941492,0.4681325511099713,0.5318674488900287,2.1,1.73,0.4516971279373368,1,ATP250
3412,2024-04-03,21,Estoril Open,1st Round,Llamas Ruiz P.,Koepfer D.,1501.2866506831076,1574.4617413108847,0.3962225354746042,0.6037774645253958,2.75,1.44,0.3436754176610979,1,ATP250
3413,2024-04-03,21,Estoril Open,1st Round,Jorda Sanchis D.,Faria J.,1500,1500,0.5,0.5,3,1.4,0.3181818181818181,1,ATP250
3414,2024-04-03,21,Estoril Open,1st Round,Garin C.,Rodionov J.,1503.6387558238644,1475.9026780431977,0.5398308469259423,0.4601691530740577,1.4,3,0.6818181818181818,1,ATP250
3415,2024-04-03,21,Estoril Open,1st Round,Fils A.,Sousa J.,1522.378633694213,1444.902447340865,0.609685108150781,0.39031489184921897,1.25,4,0.7619047619047619,1,ATP250
3416,2024-04-03,21,Estoril Open,1st Round,Monfils G.,Rocha H.,1646.1435433882393,1484.9748792954717,0.7166209031941034,0.28337909680589657,1.36,3.2,0.7017543859649122,1,ATP250
3417,2024-04-03,21,Estoril Open,1st Round,Van De Zandschulp B.,Coria F.,1474.713232242168,1498.459951074364,0.46587884057577617,0.5341211594242239,2,1.8,0.47368421052631576,1,ATP250
3418,2024-04-03,22,U.S. Men's Clay Court Championships,1st Round,Giron M.,Shapovalov D.,1526.0141009589377,1486.7701651602074,0.5562375992262796,0.4437624007737204,2.2,1.67,0.43152454780361754,1,ATP250
3419,2024-04-03,22,U.S. Men's Clay Court Championships,1st Round,Thompson J.,Wu Y.,1597.2220148420527,1498.753393698418,0.6380316118317951,0.36196838816820487,1.73,2.1,0.5483028720626633,1,ATP250
3526,2024-04-15,26,Tiriac Open,1st Round,Seyboth Wild T.,Nardi L.,1506.116731891117,1471.0673621521205,0.5502696848508738,0.4497303151491262,1.67,2.2,0.5684754521963824,1,ATP250
3527,2024-04-15,26,Tiriac Open,1st Round,Navone M.,Darderi L.,1551.0214998278054,1568.6114346584816,0.47470765487716227,0.5252923451228377,2,1.8,0.47368421052631576,1,ATP250
3528,2024-04-15,26,Tiriac Open,1st Round,Rinderknech A.,Gaston H.,1426.7385551027155,1445.6035478623685,0.4728777422424043,0.5271222577575957,1.67,2.2,0.5684754521963824,1,ATP250
3529,2024-04-15,26,Tiriac Open,1st Round,Coria F.,Bonzi B.,1475.4223353740642,1416.3601814032033,0.5841878723344442,0.41581212766555575,1.5,2.63,0.6368038740920097,1,ATP250
3530,2024-04-15,27,BMW Open,1st Round,Michelsen A.,Rehberg M.,1528.5089923841142,1485.3166931505807,0.5618404651473946,0.4381595348526054,1.36,3.2,0.7017543859649122,1,ATP250
3531,2024-04-15,27,BMW Open,1st Round,Draper J.,Kopriva V.,1622.902819399629,1461.5115843031601,0.7168810155537848,0.2831189844462152,1.17,5,0.8103727714748785,1,ATP250
3532,2024-04-15,27,BMW Open,1st Round,Moro Canas A.,Thiem D.,1500,1482.831030531812,0.5246880406987229,0.4753119593012771,2.5,1.53,0.3796526054590571,1,ATP250
3533,2024-04-15,27,BMW Open,1st Round,Molleker R.,Passaro F.,1484.6263190964432,1445.4299138188026,0.5561700615992843,0.4438299384007157,2.1,1.73,0.4516971279373368,1,ATP250
3545,2024-04-16,26,Tiriac Open,1st Round,Fonseca J.,Sonego L.,1468.7080732296683,1529.723469409703,0.4130834891061841,0.5869165108938159,3.4,1.33,0.28118393234672306,1,ATP250
3546,2024-04-16,26,Tiriac Open,1st Round,Fucsovics M.,Vacherot V.,1552.8143073630608,1478.806198088281,0.6049240583361586,0.3950759416638414,1.3,3.5,0.7291666666666667,1,ATP250
3547,2024-04-16,26,Tiriac Open,1st Round,Albot R.,Kovacevic A.,1429.2018791707517,1455.5213524811147,0.46219552043872764,0.5378044795612724,1.62,2.3,0.586734693877551,1,ATP250
3548,2024-04-16,26,Tiriac Open,1st Round,Moutet C.,Shapovalov D.,1414.933464093949,1472.5697683354483,0.41780728388198257,0.5821927161180174,1.8,2,0.5263157894736842,1,ATP250
3549,2024-04-16,26,Tiriac Open,1st Round,Martinez P.,Taberner C.,1513.3560346636193,1500,0.5192114165372348,0.4807885834627652,1.22,4.33,0.7801801801801801,1,ATP250
3550,2024-04-16,26,Tiriac Open,1st Round,Borges N.,Wawrinka S.,1485.1846351569295,1478.7173594886547,0.5093060830360144,0.49069391696398557,1.62,2.3,0.586734693877551,1,ATP250
3551,2024-04-16,26,Tiriac Open,1st Round,Kecmanovic M.,Goffin D.,1484.1032888389984,1457.8874625109559,0.5376561689278134,0.4623438310721866,1.53,2.5,0.6203473945409429,1,ATP250
3552,2024-04-16,27,BMW Open,1st Round,Rodionov J.,Vukic A.,1461.177265144828,1429.350810809568,0.5456742658850715,0.4543257341149285,2.2,1.67,0.43152454780361754,1,ATP250
3553,2024-04-16,27,BMW Open,1st Round,Daniel T.,O Connell C.,1429.7234749605263,1548.0094594966274,0.3360584842646843,0.6639415157353157,2.5,1.53,0.3796526054590571,1,ATP250
3554,2024-04-16,27,BMW Open,1st Round,Garin C.,Koepfer D.,1541.0451861262634,1543.2581782062402,0.49681529145944725,0.5031847085405527,1.91,1.91,NA,1,ATP250
3555,2024-04-16,27,BMW Open,1st Round,Galan D.E.,Ugo Carabelli C.,1368.95023361034,1493.4531173625044,0.32812091437096874,0.6718790856290313,2,1.8,0.47368421052631576,1,ATP250
3556,2024-04-16,27,BMW Open,1st Round,Auger-Aliassime F.,Marterer M.,1558.4220615198412,1429.5967417667207,0.6773408582245395,0.3226591417754605,1.2,4.5,0.7894736842105263,1,ATP250
3557,2024-04-16,27,BMW Open,1st Round,Van De Zandschulp B.,Gakhov I.,1483.8933756680453,1509.3833958570867,0.4633825875288763,0.5366174124711237,1.25,4,0.7619047619047619,1,ATP250
3558,2024-04-16,27,BMW Open,1st Round,Hanfmann Y.,Shevchenko A.,1487.1662349304383,1538.641663264997,0.4264582195088885,0.5735417804911115,1.67,2.2,0.5684754521963824,1,ATP250
3559,2024-04-16,27,BMW Open,1st Round,Huesler M.A.,Topo M.,1337.0011489847877,1485.552083405501,0.29835826728904014,0.7016417327109599,1.33,3.4,0.7188160676532769,1,ATP250
3569,2024-04-17,26,Tiriac Open,1st Round,Barrere G.,Kokkinakis T.,1454.0631831800895,1497.8257364669687,0.4373515916765523,0.5626484083234478,1.91,1.91,NA,1,ATP250
3799,2024-05-19,30,Geneva Open,1st Round,Baez S.,Nagal S.,1617.368248837878,1476.3446306318147,0.6924923450000635,0.3075076549999365,1.2,4.5,0.7894736842105263,1,ATP250
3800,2024-05-19,30,Geneva Open,1st Round,Carballes Baena R.,Altmaier D.,1507.0210815124492,1452.56912749777,0.5777272999581312,0.4222727000418688,1.91,1.91,NA,1,ATP250
3801,2024-05-19,31,Lyon Open,1st Round,Vukic A.,Mcdonald M.,1411.78661673227,1493.1612899862382,0.3849878439400666,0.6150121560599334,1.67,2.2,0.5684754521963824,1,ATP250
3802,2024-05-19,31,Lyon Open,1st Round,Muller A.,Gasquet R.,1490.552529212392,1380.7555631855787,0.6529523676224258,0.3470476323775742,1.4,3,0.6818181818181818,1,ATP250
3803,2024-05-20,30,Geneva Open,1st Round,Shevchenko A.,Marozsan F.,1538.5420252332208,1586.5654267716732,0.4313255656064318,0.5686744343935681,2.2,1.67,0.43152454780361754,1,ATP250
3804,2024-05-20,30,Geneva Open,1st Round,Ofner S.,Hijikata R.,1447.6262585591946,1478.0749366765556,0.4562926702761482,0.5437073297238517,1.29,3.75,0.744047619047619,1,ATP250
3805,2024-05-20,30,Geneva Open,1st Round,Ruusuvuori E.,Giron M.,1548.4693410384164,1513.1744279199697,0.5506194533933574,0.4493805466066426,1.73,2.1,0.5483028720626633,1,ATP250
3806,2024-05-20,30,Geneva Open,1st Round,Cobolli F.,Karatsev A.,1524.0291723861455,1566.1803582400428,0.4396354408372015,0.5603645591627985,1.5,2.63,0.6368038740920097,1,ATP250
3807,2024-05-20,31,Lyon Open,1st Round,Etcheverry T.,Sanchez Izquierdo N.,1559.9570739712938,1500,0.5854387082061808,0.4145612917938192,1.07,9,0.893743793445879,1,ATP250
3808,2024-05-20,31,Lyon Open,1st Round,Kotov P.,Cachin P.,1549.0770038814674,1389.258999014993,0.7150393323565792,0.28496066764342076,1.57,2.38,0.6025316455696202,1,ATP250
3809,2024-05-20,31,Lyon Open,1st Round,Rinderknech A.,Evans D.,1405.1382555551775,1395.6750742444256,0.5136152459050249,0.48638475409497506,1.67,2.2,0.5684754521963824,1,ATP250
3810,2024-05-20,31,Lyon Open,1st Round,Koepfer D.,Barranco Cosano J.,1535.4277642212398,1500,0.5508086746173194,0.4491913253826806,1.22,4.33,0.7801801801801801,1,ATP250
3811,2024-05-21,30,Geneva Open,1st Round,Michelsen A.,Kovacevic A.,1495.1007402486064,1424.3414037577754,0.6004459270920737,0.3995540729079263,2,1.8,0.47368421052631576,1,ATP250
3812,2024-05-21,30,Geneva Open,1st Round,Moreno De Alboran N.,Goffin D.,1448.022433043575,1443.0924599166458,0.507094325515439,0.492905674484561,2.5,1.53,0.3796526054590571,1,ATP250
3813,2024-05-21,30,Geneva Open,1st Round,Hanfmann Y.,Murray A.,1481.6378205125459,1492.8022891695289,0.4839385659685365,0.5160614340314635,1.62,2.3,0.586734693877551,1,ATP250
3814,2024-05-21,30,Geneva Open,1st Round,Griekspoor T.,Eubanks C.,1616.0512262293794,1431.6282147757418,0.7430008082227633,0.25699919177723674,1.17,5,0.8103727714748785,1,ATP250
3815,2024-05-21,30,Geneva Open,1st Round,Machac T.,Draper J.,1606.4193803729754,1629.735117983808,0.46649623592933365,0.5335037640706664,2.63,1.5,0.36319612590799033,1,ATP250
3816,2024-05-21,30,Geneva Open,1st Round,Shapovalov D.,Coria F.,1475.7184140673087,1474.4466247946775,0.501830243713222,0.49816975628677795,1.62,2.3,0.586734693877551,1,ATP250
3818,2024-05-21,31,Lyon Open,1st Round,Seyboth Wild T.,Martinez P.,1534.7552855541883,1506.4249031460818,0.5406805758680345,0.45931942413196547,1.91,1.91,NA,1,ATP250
3819,2024-05-21,31,Lyon Open,1st Round,Mpetshi G.,Sonego L.,1482.3087109485798,1505.2990862335175,0.4669623966958252,0.5330376033041748,2.3,1.62,0.413265306122449,1,ATP250
3820,2024-05-21,31,Lyon Open,1st Round,Gaston H.,Galan D.E.,1428.7356356141254,1364.2483324188604,0.591753440368344,0.408246559631656,1.91,1.91,NA,1,ATP250
3821,2024-05-21,31,Lyon Open,1st Round,Tiafoe F.,Munar J.,1550.6841026365544,1477.2804679651463,0.6040921540770279,0.3959078459229721,2.63,1.5,0.36319612590799033,1,ATP250
3822,2024-05-21,31,Lyon Open,1st Round,Darderi L.,Daniel T.,1580.9438040190862,1446.3444854161967,0.6845617609285806,0.31543823907141944,1.4,3,0.6818181818181818,1,ATP250
3823,2024-05-21,31,Lyon Open,1st Round,Nishioka Y.,Fanselow S.,1497.098960417894,1500,0.4958251654630373,0.5041748345369628,1.3,3.5,0.7291666666666667,1,ATP250
3972,2024-06-10,33,Stuttgart Open,1st Round,Draper J.,Ofner S.,1590.8425218437758,1482.479842064217,0.6510790628543776,0.34892093714562245,1.25,4,0.7619047619047619,1,ATP250
3973,2024-06-10,33,Stuttgart Open,1st Round,Koepfer D.,Zhang Zh.,1551.6768219816463,1563.2988733339528,0.4832807592523545,0.5167192407476455,1.8,2,0.5263157894736842,1,ATP250
3974,2024-06-10,33,Stuttgart Open,1st Round,Hanfmann Y.,Squire H.,1482.1363461704586,1501.8670975042667,0.47163565206285624,0.5283643479371438,1.67,2.2,0.5684754521963824,1,ATP250
3975,2024-06-10,33,Stuttgart Open,1st Round,Medjedovic H.,Marozsan F.,1506.3366036047728,1573.6757653174645,0.4042866654353861,0.595713334564614,1.57,2.38,0.6025316455696202,1,ATP250
3976,2024-06-10,34,Rosmalen Grass Court Championships,1st Round,Nardi L.,Goffin D.,1450.9141995850086,1445.1832571266045,0.5082467412482192,0.4917532587517808,2.75,1.44,0.3436754176610979,1,ATP250
3977,2024-06-11,33,Stuttgart Open,1st Round,Musetti L.,Mpetshi G.,1545.7930210630466,1531.9331037892066,0.5199354505078234,0.4800645494921766,1.67,2.2,0.5684754521963824,1,ATP250
3978,2024-06-11,33,Stuttgart Open,1st Round,Duckworth J.,Herbert P.H.,1495.759096697542,1522.745742308897,0.46124101091130076,0.5387589890886992,1.8,2,0.5263157894736842,1,ATP250
3979,2024-06-11,33,Stuttgart Open,1st Round,Nakashima B.,Eubanks C.,1478.2815359167328,1422.1825658087014,0.5800385464092489,0.4199614535907511,1.57,2.38,0.6025316455696202,1,ATP250
3980,2024-06-11,33,Stuttgart Open,1st Round,Berrettini M.,Safiullin R.,1581.0459926202693,1480.5624403953589,0.6407060287970561,0.35929397120294393,1.57,2.38,0.6025316455696202,1,ATP250
3981,2024-06-11,33,Stuttgart Open,1st Round,Rinderknech A.,Michelsen A.,1459.7381922897373,1513.8771435643948,0.4227123230777375,0.5772876769222626,2.5,1.53,0.3796526054590571,1,ATP250
3982,2024-06-11,33,Stuttgart Open,1st Round,Shapovalov D.,Martineau M.,1509.1548216422643,1484.8216430148402,0.5349611149171928,0.4650388850828072,1.2,4.5,0.7894736842105263,1,ATP250
3983,2024-06-11,33,Stuttgart Open,1st Round,Giron M.,Murray A.,1483.0601340009775,1459.6773684510495,0.5335997906759228,0.4664002093240772,2.38,1.57,0.39746835443037976,1,ATP250
3984,2024-06-11,33,Stuttgart Open,1st Round,Struff J.L.,Cobolli F.,1662.5874893316336,1572.4878649618054,0.626833236966717,0.373166763033283,1.14,5.5,0.8283132530120482,1,ATP250
3985,2024-06-11,34,Rosmalen Grass Court Championships,1st Round,Mannarino A.,Napolitano S.,1525.6018163931453,1489.837453581023,0.5512880295865646,0.44871197041343536,1.3,3.5,0.7291666666666667,1,ATP250
3986,2024-06-11,34,Rosmalen Grass Court Championships,1st Round,Brouwer G.,Mensik J.,1460.8223223190098,1611.2428897616662,0.29611014514057876,0.7038898548594212,1.67,2.2,0.5684754521963824,1,ATP250
3987,2024-06-11,34,Rosmalen Grass Court Championships,1st Round,Mcdonald M.,Van De Zandschulp B.,1464.1761086021772,1483.3894370048067,0.472377949349396,0.527622050650604,2,1.8,0.47368421052631576,1,ATP250
3988,2024-06-11,34,Rosmalen Grass Court Championships,1st Round,Fils A.,Cazaux A.,1490.1721352986367,1515.7437520225592,0.46326579248688976,0.5367342075131103,1.62,2.3,0.586734693877551,1,ATP250
3989,2024-06-11,34,Rosmalen Grass Court Championships,1st Round,Raonic M.,Thompson J.,1559.105077340067,1539.0856715180887,0.5287783986875935,0.47122160131240654,2.38,1.57,0.39746835443037976,1,ATP250
3990,2024-06-11,34,Rosmalen Grass Court Championships,1st Round,Vukic A.,Purcell M.,1411.810949539735,1423.2898984422836,0.48348647278448464,0.5165135272155154,1.62,2.3,0.586734693877551,1,ATP250
3991,2024-06-11,34,Rosmalen Grass Court Championships,1st Round,Griekspoor T.,Kecmanovic M.,1642.5710643553703,1537.0279479557962,0.6473828666930621,0.3526171333069379,1.33,3.4,0.7188160676532769,1,ATP250
3992,2024-06-11,34,Rosmalen Grass Court Championships,1st Round,Bautista Agut R.,Huesler M.A.,1487.4525448761397,1377.5324265850013,0.6531129957433591,0.3468870042566409,1.67,2.2,0.5684754521963824,1,ATP250
3993,2024-06-11,34,Rosmalen Grass Court Championships,1st Round,Popyrin A.,Hijikata R.,1528.6349040791617,1450.3271622395223,0.6108236233875927,0.38917637661240734,1.67,2.2,0.5684754521963824,1,ATP250
3994,2024-06-11,34,Rosmalen Grass Court Championships,1st Round,Korda S.,Schoolkate T.,1633.661665752971,1500,0.6833950680459998,0.3166049319540002,1.25,4,0.7619047619047619,1,ATP250
3995,2024-06-11,34,Rosmalen Grass Court Championships,1st Round,Bergs Z.,Van Rijthoven T.,1459.3657762009439,1485.5306729404938,0.46241670972843435,0.5375832902715656,1.4,3,0.6818181818181818,1,ATP250
4082,2024-06-23,38,Mallorca Championships,1st Round,Michelsen A.,Borges N.,1484.7671005363707,1499.6939077062639,0.478531804761167,0.5214681952388329,1.67,2.2,0.5684754521963824,1,ATP250
4083,2024-06-23,38,Mallorca Championships,1st Round,Bautista Agut R.,Daniel T.,1485.9818846722305,1426.4624773371245,0.58482711509393,0.41517288490606996,1.4,3,0.6818181818181818,1,ATP250
4084,2024-06-23,38,Mallorca Championships,1st Round,Carballes Baena R.,Carreno Busta P.,1516.3614137059692,1459.4012309009604,0.5812456908168191,0.4187543091831809,2,1.8,0.47368421052631576,1,ATP250
4085,2024-06-24,37,Eastbourne International,1st Round,Harris B.,Fearnley J.,1518.328593654312,1500,0.5263525249508036,0.47364747504919635,2.2,1.67,0.43152454780361754,1,ATP250
4086,2024-06-24,37,Eastbourne International,1st Round,Vukic A.,Marozsan F.,1446.9756505281712,1564.0787595507934,0.337579461891568,0.662420538108432,2.2,1.67,0.43152454780361754,1,ATP250
4087,2024-06-24,37,Eastbourne International,1st Round,Purcell M.,Djere L.,1398.9969547959981,1499.4571104499157,0.3593249757134526,0.6406750242865473,1.53,2.5,0.6203473945409429,1,ATP250
4088,2024-06-24,37,Eastbourne International,1st Round,Shang J.,Etcheverry T.,1489.0149402726854,1571.74039365045,0.38314842492101325,0.6168515750789867,1.73,2.1,0.5483028720626633,1,ATP250
4089,2024-06-24,37,Eastbourne International,1st Round,Giron M.,Cerundolo F.,1526.7091707784734,1601.6751000433437,0.3937589932539401,0.60624100674606,1.73,2.1,0.5483028720626633,1,ATP250
4090,2024-06-24,38,Mallorca Championships,1st Round,Hijikata R.,Nardi L.,1456.219914277318,1458.1676533583336,0.4971970075057141,0.5028029924942858,1.8,2,0.5263157894736842,1,ATP250
4091,2024-06-24,38,Mallorca Championships,1st Round,Fognini F.,Brouwer G.,1522.800284370568,1492.9927256936392,0.5427915882362037,0.45720841176379634,2.75,1.44,0.3436754176610979,1,ATP250
4092,2024-06-24,38,Mallorca Championships,1st Round,Shevchenko A.,Lestienne C.,1537.4836692677268,1381.7547323527613,0.7102189822639791,0.28978101773602094,2.1,1.73,0.4516971279373368,1,ATP250
4093,2024-06-24,38,Mallorca Championships,1st Round,Darderi L.,Martinez P.,1573.3843925100603,1481.1787697096659,0.629664603782741,0.37033539621725897,1.53,2.5,0.6203473945409429,1,ATP250
4094,2024-06-24,38,Mallorca Championships,1st Round,Ofner S.,Munar J.,1458.7353411856914,1476.1245239495688,0.4749958294613135,0.5250041705386865,1.44,2.75,0.6563245823389022,1,ATP250
4095,2024-06-24,38,Mallorca Championships,1st Round,Monfils G.,Thiem D.,1587.8833170930527,1467.6210478341711,0.6664751037275183,0.3335248962724817,1.4,3,0.6818181818181818,1,ATP250
4096,2024-06-25,37,Eastbourne International,1st Round,Ruusuvuori E.,Norrie C.,1544.03374797867,1542.7697930169768,0.5018189693836247,0.4981810306163753,2.75,1.44,0.3436754176610979,1,ATP250
4097,2024-06-25,37,Eastbourne International,1st Round,Seyboth Wild T.,Mccabe J.,1535.4654106759363,1470.332209085845,0.592651354060942,0.40734864593905795,1.53,2.5,0.6203473945409429,1,ATP250
4098,2024-06-25,37,Eastbourne International,1st Round,Nishioka Y.,Broady L.,1501.4935423861737,1488.00144905882,0.5194069286737945,0.48059307132620555,1.4,3,0.6818181818181818,1,ATP250
4099,2024-06-25,37,Eastbourne International,1st Round,Kecmanovic M.,Zhang Zh.,1508.486399476322,1593.4833612652544,0.3800627617007762,0.6199372382992239,2,1.8,0.47368421052631576,1,ATP250
4100,2024-06-25,37,Eastbourne International,1st Round,Hussey G.,Navone M.,1500,1564.628837546395,0.4080497490738717,0.5919502509261283,2.38,1.57,0.39746835443037976,1,ATP250
4101,2024-06-25,37,Eastbourne International,1st Round,Cobolli F.,Rinderknech A.,1552.5667696212931,1470.3987975698883,0.6160928293512689,0.38390717064873114,2.2,1.67,0.43152454780361754,1,ATP250
4102,2024-06-25,37,Eastbourne International,1st Round,Sonego L.,Searle H.,1511.4202873636023,1500,0.5164291980903648,0.4835708019096352,1.33,3.4,0.7188160676532769,1,ATP250
4103,2024-06-25,38,Mallorca Championships,1st Round,Jubb P.,Marterer M.,1500,1415.4607615095074,0.6193162280385994,0.3806837719614006,1.8,2,0.5263157894736842,1,ATP250
4104,2024-06-25,38,Mallorca Championships,1st Round,Walton A.,Hanfmann Y.,1443.764972808004,1484.7369281776769,0.4413084336603266,0.5586915663396734,2.3,1.62,0.413265306122449,1,ATP250
4105,2024-06-25,38,Mallorca Championships,1st Round,Mensik J.,Eubanks C.,1588.7184144061648,1442.5183611755158,0.698801068298725,0.301198931701275,2.5,1.53,0.3796526054590571,1,ATP250
4257,2024-07-15,40,Nordea Open,1st Round,Kotov P.,Garin C.,1565.4049392756135,1566.1609607706987,0.4989119993268722,0.5010880006731278,1.8,2,0.5263157894736842,1,ATP250
4258,2024-07-15,40,Nordea Open,1st Round,Norrie C.,Kovalik J.,1559.2676371685513,1534.4796507379704,0.5356123759461013,0.46438762405389866,1.57,2.38,0.6025316455696202,1,ATP250
4259,2024-07-15,41,Suisse Open Gstaad,1st Round,Riedi L.,Barrere G.,1467.7980747010454,1475.5162103274251,0.48889453671820654,0.5111054632817935,1.67,2.2,0.5684754521963824,1,ATP250
4260,2024-07-15,41,Suisse Open Gstaad,1st Round,Struff J.L.,Ramos-Vinolas A.,1715.9465230120945,1385.6162111131912,0.8700650603435475,0.12993493965645253,1.17,5,0.8103727714748785,1,ATP250
4261,2024-07-15,41,Suisse Open Gstaad,1st Round,Fognini F.,Droguet T.,1546.0412080277092,1504.9995693847202,0.5587904645318558,0.44120953546814423,1.73,2.1,0.5483028720626633,1,ATP250
4262,2024-07-15,41,Suisse Open Gstaad,1st Round,Varillas J.P.,Thiem D.,1427.8570016189085,1456.9482511534518,0.4582318921716948,0.5417681078283052,1.57,2.38,0.6025316455696202,1,ATP250
4263,2024-07-15,41,Suisse Open Gstaad,1st Round,Galan D.E.,Kopriva V.,1337.806074619506,1449.9936609340962,0.3439357951018416,0.6560642048981584,1.73,2.1,0.5483028720626633,1,ATP250
4264,2024-07-15,42,European Open,1st Round,Cobolli F.,Altmaier D.,1560.6346742072058,1458.3925935577345,0.6430330051953411,0.3569669948046589,1.67,2.2,0.5684754521963824,1,ATP250
4265,2024-07-15,42,European Open,1st Round,Blanchet U.,Popyrin A.,1482.172832444362,1542.241947250829,0.4144047687547307,0.5855952312452692,3.4,1.33,0.28118393234672306,1,ATP250
4266,2024-07-15,42,European Open,1st Round,Marterer M.,Kwon S.W.,1392.0315945875009,1499.4566292578415,0.35014811691071623,0.6498518830892838,1.62,2.3,0.586734693877551,1,ATP250
4267,2024-07-15,42,European Open,1st Round,Djere L.,Bergs Z.,1462.8791704180094,1456.4134117665487,0.5093039006294235,0.49069609937057646,2,1.8,0.47368421052631576,1,ATP250
4268,2024-07-15,42,European Open,1st Round,Shevchenko A.,Molleker R.,1520.9900709184324,1488.676466894984,0.5463693910795901,0.45363060892040985,1.53,2.5,0.6203473945409429,1,ATP250
4269,2024-07-15,42,European Open,1st Round,Cerundolo F.,Comesana F.,1560.7409471882088,1483.4927368163114,0.6093727678988735,0.3906272321011265,1.25,4,0.7619047619047619,1,ATP250
4270,2024-07-15,42,European Open,1st Round,Martinez P.,Arnaldi M.,1464.6058836451791,1598.6244563355287,0.3161605704338734,0.6838394295661265,3.2,1.36,0.2982456140350877,1,ATP250
4271,2024-07-15,43,Hall of Fame Championships,1st Round,Kovacevic A.,Mayot H.,1405.585437880349,1498.801925599252,0.36897950595561985,0.6310204940443802,2.38,1.57,0.39746835443037976,1,ATP250
4272,2024-07-15,43,Hall of Fame Championships,1st Round,Cressy M.,Albot R.,1349.2205415288922,1428.5884717620147,0.3877265834224515,0.6122734165775485,1.53,2.5,0.6203473945409429,1,ATP250
4273,2024-07-15,43,Hall of Fame Championships,1st Round,Vukic A.,Wong C.,1514.4597154019139,1472.7693149474806,0.5597109967746304,0.44028900322536957,1.14,5.5,0.8283132530120482,1,ATP250
4274,2024-07-15,43,Hall of Fame Championships,1st Round,Opelka R.,Lestienne C.,1500,1366.1947504058169,0.6835738752161136,0.31642612478388643,2.1,1.73,0.4516971279373368,1,ATP250
4275,2024-07-16,40,Nordea Open,1st Round,Carballes Baena R.,Safiullin R.,1512.417657887471,1488.2075838057178,0.5347848150387985,0.4652151849612015,1.62,2.3,0.586734693877551,1,ATP250
4276,2024-07-16,40,Nordea Open,1st Round,Tirante T.A.,Faria J.,1480.2085149030124,1484,0.4945438309220242,0.5054561690779757,2,1.8,0.47368421052631576,1,ATP250
4277,2024-07-16,40,Nordea Open,1st Round,Monteiro T.,Coria F.,1490.2325392529865,1436.3704066160985,0.576898773631296,0.42310122636870395,1.73,2.1,0.5483028720626633,1,ATP250
4278,2024-07-16,40,Nordea Open,1st Round,Skatov T.,Daniel T.,1480.0397751491191,1409.2473069360112,0.6004916823337806,0.3995083176662194,1.67,2.2,0.5684754521963824,1,ATP250
4279,2024-07-16,40,Nordea Open,1st Round,Yevseyev D.,Muller A.,1486.360006368918,1501.0175443636458,0.47891861266152147,0.5210813873384785,5.5,1.14,0.1716867469879518,1,ATP250
4280,2024-07-16,40,Nordea Open,1st Round,Ajdukovic D.,Van Assche L.,1450.813262451268,1438.6963965437988,0.5174305055642501,0.4825694944357499,2.1,1.73,0.4516971279373368,1,ATP250
4281,2024-07-16,40,Nordea Open,1st Round,Nagal S.,Ymer E.,1447.0039335533854,1458.3491141354432,0.48367877332300024,0.5163212266769998,1.53,2.5,0.6203473945409429,1,ATP250
4282,2024-07-16,40,Nordea Open,1st Round,Rocha H.,Ugo Carabelli C.,1475.906748197683,1471.9529866223754,0.5056896746867139,0.4943103253132861,2.38,1.57,0.39746835443037976,1,ATP250
4283,2024-07-16,40,Nordea Open,1st Round,Nadal R.,Borg L.,1554.7141215666913,1481.5783516012432,0.6037233139851514,0.39627668601484856,1.01,26,0.9626064420584968,1,ATP250
4284,2024-07-16,40,Nordea Open,1st Round,Borges N.,Pellegrino A.,1468.5294276497252,1500,0.4548336631016958,0.5451663368983042,1.29,3.75,0.744047619047619,1,ATP250
4285,2024-07-16,41,Suisse Open Gstaad,1st Round,Hanfmann Y.,Moreno De Alboran N.,1465.4515455001633,1439.307754805618,0.5375530877070949,0.46244691229290513,NA,NA,NA,1,ATP250
4286,2024-07-16,41,Suisse Open Gstaad,1st Round,Halys Q.,Gasquet R.,1497.0382820381972,1378.5117394778204,0.6642504183494493,0.3357495816505507,1.53,2.5,0.6203473945409429,1,ATP250
4287,2024-07-16,41,Suisse Open Gstaad,1st Round,Medjedovic H.,Huesler M.A.,1512.407474395587,1366.4320424487887,0.6985288450696855,0.3014711549303145,1.4,3,0.6818181818181818,1,ATP250
4288,2024-07-16,41,Suisse Open Gstaad,1st Round,Heide G.,Napolitano S.,1472.497221150319,1475.4786705277932,0.4957094547586938,0.5042905452413062,1.73,2.1,0.5483028720626633,1,ATP250
4289,2024-07-16,41,Suisse Open Gstaad,1st Round,Berrettini M.,Cachin P.,1618.2616319827107,1376.4927869777669,0.8008688178163778,0.19913118218362225,1.17,5,0.8103727714748785,1,ATP250
4290,2024-07-16,41,Suisse Open Gstaad,1st Round,Van De Zandschulp B.,Stricker D.,1473.3961560667935,1526.5472122690228,0.4241006554921359,0.5758993445078642,1.62,2.3,0.586734693877551,1,ATP250
4291,2024-07-16,41,Suisse Open Gstaad,1st Round,Klein L.,Wawrinka S.,1502.595908265065,1474.5484541543144,0.5402760779022426,0.45972392209775736,2.1,1.73,0.4516971279373368,1,ATP250
4292,2024-07-16,42,European Open,1st Round,Darderi L.,Hardt N.,1562.4313021732594,1499.7902339659336,0.5891834848270748,0.41081651517292517,NA,NA,NA,1,ATP250
4293,2024-07-16,42,European Open,1st Round,Fils A.,Munar J.,1556.9786212910806,1474.180133059393,0.6169509352301245,0.38304906476987555,1.53,2.5,0.6203473945409429,1,ATP250
4294,2024-07-16,42,European Open,1st Round,Lajovic D.,Meligeni Alves F.,1555.7947895601517,1472.3785849287615,0.6177909150181533,0.3822090849818467,1.73,2.1,0.5483028720626633,1,ATP250
4295,2024-07-16,42,European Open,1st Round,Zhang Zh.,Seyboth Wild T.,1576.0537754067168,1544.3483399851925,0.5455015534692623,0.4544984465307377,1.67,2.2,0.5684754521963824,1,ATP250
4296,2024-07-16,42,European Open,1st Round,Baez S.,Koepfer D.,1562.7077167016116,1534.4803832671296,0.5405332546113394,0.4594667453886606,1.44,2.75,0.6563245823389022,1,ATP250
4297,2024-07-16,42,European Open,1st Round,Rune H.,Marozsan F.,1684.5075048624626,1533.963160639595,0.7040383423151019,0.2959616576848981,1.4,3,0.6818181818181818,1,ATP250
4298,2024-07-16,42,European Open,1st Round,Gaston H.,Diaz Acosta F.,1427.96026448561,1502.780530409288,0.3939591731340398,0.6060408268659603,2.2,1.67,0.43152454780361754,1,ATP250
4299,2024-07-16,43,Hall of Fame Championships,1st Round,Rinderknech A.,Mochizuki S.,1471.2312635873623,1450.4140596663874,0.5299225657273443,0.4700774342726557,1.4,3,0.6818181818181818,1,ATP250
4300,2024-07-16,43,Hall of Fame Championships,1st Round,Mcdonald M.,Hijikata R.,1459.5663011922443,1449.986137161812,0.5137834711901166,0.4862165288098834,1.67,2.2,0.5684754521963824,1,ATP250
4301,2024-07-16,43,Hall of Fame Championships,1st Round,Harris B.,Diallo G.,1524.8454646600997,1435.3227521462952,0.6260560908139768,0.37394390918602316,1.57,2.38,0.6025316455696202,1,ATP250
4302,2024-07-16,43,Hall of Fame Championships,1st Round,Paire B.,Svajda Z.,1429.482603104448,1462.407816743169,0.45275814521082813,0.5472418547891719,5.5,1.14,0.1716867469879518,1,ATP250
4303,2024-07-16,43,Hall of Fame Championships,1st Round,Quinn E.,Polmans M.,1437.4795343581457,1487.0267918765635,0.4291752401485799,0.5708247598514201,2.1,1.73,0.4516971279373368,1,ATP250
4304,2024-07-16,43,Hall of Fame Championships,1st Round,Bolt A.,Mensik J.,1472.0281881412625,1578.1028513023198,0.3519189561443431,0.6480810438556569,2.3,1.62,0.413265306122449,1,ATP250
4305,2024-07-16,43,Hall of Fame Championships,1st Round,Spizzirri E.,Tu L.,1482.5582724350957,1447.5775935146937,0.5501718281055569,0.44982817189444313,2.5,1.53,0.3796526054590571,1,ATP250
4306,2024-07-16,43,Hall of Fame Championships,1st Round,Nakashima B.,Nava E.,1510.2845781872877,1431.4509310371145,0.61154303846404,0.38845696153596,1.14,5.5,0.8283132530120482,1,ATP250
4315,2024-07-17,42,European Open,1st Round,Zverev A.,De Jong J.,1827.929509788441,1498.4415800864033,0.8695158714532994,0.13048412854670055,1.08,8,0.8810572687224669,1,ATP250
4367,2024-07-21,46,Croatia Open,1st Round,Muller A.,Arnaldi M.,1484.3429399688146,1576.7415945894127,0.3700763206287375,0.6299236793712625,2.75,1.44,0.3436754176610979,1,ATP250
4368,2024-07-21,46,Croatia Open,1st Round,Marozsan F.,Shevchenko A.,1524.4923875936781,1521.3434575125348,0.5045315505851534,0.4954684494148466,1.57,2.38,0.6025316455696202,1,ATP250
4369,2024-07-21,46,Croatia Open,1st Round,Ugo Carabelli C.,Mikrut L.,1456.1350562123503,1500,0.43720655857928536,0.5627934414207146,1.36,3.2,0.7017543859649122,1,ATP250
4370,2024-07-22,44,Atlanta Open,1st Round,Davidovich Fokina A.,Cazaux A.,1513.6193272075518,1500.541221466955,0.5188120229588239,0.4811879770411761,1.91,1.91,NA,1,ATP250
4371,2024-07-22,44,Atlanta Open,1st Round,Nishioka Y.,Svajda Z.,1515.236884852386,1444.8960773899155,0.5998677835893099,0.4001322164106901,1.91,1.91,NA,1,ATP250
4372,2024-07-22,44,Atlanta Open,1st Round,Goffin D.,Shapovalov D.,1422.3928139158347,1531.7309759820746,0.34764635912927316,0.6523536408707269,2.75,1.44,0.3436754176610979,1,ATP250
4373,2024-07-22,45,Generali Open,1st Round,Hanfmann Y.,Munar J.,1470.3056843813965,1461.922562986757,0.5120619407927962,0.4879380592072038,2.5,1.53,0.3796526054590571,1,ATP250
4374,2024-07-22,45,Generali Open,1st Round,Moreno De Alboran N.,Collarini A.,1424.5094536122451,1500,0.39303832680018685,0.6069616731998131,1.5,2.63,0.6368038740920097,1,ATP250
4375,2024-07-22,45,Generali Open,1st Round,Seyboth Wild T.,Schwaerzler J.,1529.804389696209,1500,0.5427870611063265,0.45721293889367354,1.36,3.2,0.7017543859649122,1,ATP250
4376,2024-07-22,45,Generali Open,1st Round,Nagal S.,Klein L.,1450.4559927177684,1500.8685501399013,0.42795539211071676,0.5720446078892832,2.63,1.5,0.36319612590799033,1,ATP250
4377,2024-07-22,45,Generali Open,1st Round,Djere L.,Kopriva V.,1466.6640187780515,1428.9996063773551,0.5539921060475059,0.44600789395249407,1.44,2.75,0.6563245823389022,1,ATP250
4378,2024-07-22,46,Croatia Open,1st Round,Monteiro T.,Machac T.,1512.3260011985751,1632.3883971719551,0.3337806993601688,0.6662193006398311,2.1,1.73,0.4516971279373368,1,ATP250
4379,2024-07-22,46,Croatia Open,1st Round,Mensik J.,Popyrin A.,1557.3642578989388,1523.5028998509804,0.5485767049680096,0.4514232950319904,2.3,1.62,0.413265306122449,1,ATP250
4380,2024-07-22,46,Croatia Open,1st Round,Trungelliti M.,Andreozzi G.,1501.7996936177592,1485.556020738728,0.5233595067643767,0.4766404932356233,1.3,3.5,0.7291666666666667,1,ATP250
4381,2024-07-22,46,Croatia Open,1st Round,Cobolli F.,Navone M.,1556.9106120486092,1526.9009458496237,0.5430802995651278,0.4569197004348722,1.73,2.1,0.5483028720626633,1,ATP250
4382,2024-07-22,46,Croatia Open,1st Round,Lajovic D.,Misolic F.,1552.4575783415626,1481.1823388835603,0.601158194935422,0.398841805064578,1.53,2.5,0.6203473945409429,1,ATP250
4383,2024-07-22,46,Croatia Open,1st Round,Sonego L.,Poljicak M.,1507.7784932296313,1500,0.5111922816683536,0.4888077183316464,1.2,4.5,0.7894736842105263,1,ATP250
4384,2024-07-22,46,Croatia Open,1st Round,Dodig M.,Couacaud E.,1500,1472.07510575708,0.540100839556116,0.459899160443884,2.75,1.44,0.3436754176610979,1,ATP250
4385,2024-07-23,44,Atlanta Open,1st Round,Karatsev A.,Harris B.,1531.916709735752,1518.0003826229433,0.5200165012149908,0.47998349878500923,2.1,1.73,0.4516971279373368,1,ATP250
4386,2024-07-23,44,Atlanta Open,1st Round,Rinderknech A.,Wolf J.J.,1467.5156311787407,1439.716689782741,0.5399207395352957,0.46007926046470426,1.67,2.2,0.5684754521963824,1,ATP250
4387,2024-07-23,44,Atlanta Open,1st Round,Walton A.,Kecmanovic M.,1448.796857477709,1558.6604931677343,0.3469606704720084,0.6530393295279916,3,1.4,0.3181818181818181,1,ATP250
4388,2024-07-23,44,Atlanta Open,1st Round,Mcdonald M.,Nakashima B.,1479.3688882483239,1505.3394309930902,0.462694838978954,0.537305161021046,2.5,1.53,0.3796526054590571,1,ATP250
4389,2024-07-23,44,Atlanta Open,1st Round,Mayot H.,Coric B.,1478.6092697898318,1472.5820325787665,0.50867302157795,0.49132697842205,2.3,1.62,0.413265306122449,1,ATP250
4390,2024-07-23,45,Generali Open,1st Round,Galan D.E.,Medjedovic H.,1353.105556827319,1514.7678126627823,0.2828024454050214,0.7171975545949786,3,1.4,0.3181818181818181,1,ATP250
4391,2024-07-23,45,Generali Open,1st Round,Gaston H.,Altmaier D.,1444.2038541691995,1446.9696497239854,0.49601978431738664,0.5039802156826134,2.1,1.73,0.4516971279373368,1,ATP250
4392,2024-07-23,45,Generali Open,1st Round,Diaz Acosta F.,Coria F.,1483.3872239495774,1422.8311673723001,0.5862752964148024,0.41372470358519764,1.73,2.1,0.5483028720626633,1,ATP250
4393,2024-07-23,45,Generali Open,1st Round,Neumayer L.,Ofner S.,1500,1502.8668453851794,0.49587437147765207,0.5041256285223479,2.75,1.44,0.3436754176610979,1,ATP250
4394,2024-07-23,45,Generali Open,1st Round,Carballes Baena R.,Fucsovics M.,1525.166682449997,1577.404498262836,0.425385139364345,0.5746148606356549,1.91,1.91,NA,1,ATP250
4395,2024-07-23,45,Generali Open,1st Round,Berrettini M.,Kotov P.,1678.2851811920816,1560.3214806612957,0.6635274482542358,0.3364725517457642,1.29,3.75,0.744047619047619,1,ATP250
4396,2024-07-23,45,Generali Open,1st Round,Tirante T.A.,Thiem D.,1520.152234599331,1439.611671702946,0.6138746623817187,0.3861253376182813,1.91,1.91,NA,1,ATP250
4397,2024-07-23,46,Croatia Open,1st Round,Fognini F.,Van Assche L.,1562.3256381632264,1423.2541727218547,0.6900941953562532,0.30990580464374684,1.73,2.1,0.5483028720626633,1,ATP250
4398,2024-07-23,46,Croatia Open,1st Round,Darderi L.,Ajdukovic D.,1573.8893498827888,1493.498092413544,0.6136709198109813,0.3863290801890187,1.4,3,0.6818181818181818,1,ATP250
4401,2024-07-24,44,Atlanta Open,1st Round,Purcell M.,O Connell C.,1458.111798510064,1506.8700784821478,0.4302882442792059,0.569711755720794,1.62,2.3,0.586734693877551,1,ATP250
4402,2024-07-24,44,Atlanta Open,1st Round,Opelka R.,Kovacevic A.,1522.1822631426307,1430.7558214874916,0.6286180764838114,0.3713819235161886,1.57,2.38,0.6025316455696202,1,ATP250
4403,2024-07-24,44,Atlanta Open,1st Round,Shang J.,Martin A.,1532.4612521354854,1488.8185669689296,0.562478605090149,0.437521394909851,1.13,6,0.8415147265077139,1,ATP250
4591,2024-08-18,50,Winston-Salem Open at Wake Forest University,1st Round,Vukic A.,Evans D.,1506.8556609833818,1369.6243770079177,0.6878241958286023,0.3121758041713977,1.53,2.5,0.6203473945409429,1,ATP250
4592,2024-08-18,50,Winston-Salem Open at Wake Forest University,1st Round,Coric B.,Nagal S.,1463.2166945054703,1455.029375591007,0.5117803185604022,0.4882196814395978,1.33,3.4,0.7188160676532769,1,ATP250
4593,2024-08-18,50,Winston-Salem Open at Wake Forest University,1st Round,Fucsovics M.,Daniel T.,1559.016822722495,1382.2044301554388,0.7345465644573023,0.26545343554269774,1.4,3,0.6818181818181818,1,ATP250
4594,2024-08-18,50,Winston-Salem Open at Wake Forest University,1st Round,Cazaux A.,Van De Zandschulp B.,1465.8827084253771,1478.2779587978087,0.4821693651271205,0.5178306348728795,1.8,2,0.5263157894736842,1,ATP250
4595,2024-08-18,50,Winston-Salem Open at Wake Forest University,1st Round,Bergs Z.,Opelka R.,1440.7111365866904,1507.5427793408248,0.40499047611919237,0.5950095238808076,2.2,1.67,0.43152454780361754,1,ATP250
4598,2024-08-19,50,Winston-Salem Open at Wake Forest University,1st Round,Seyboth Wild T.,Duckworth J.,1539.0243267432916,1519.3312758182074,0.5283102669562537,0.4716897330437463,2.1,1.73,0.4516971279373368,1,ATP250
4599,2024-08-19,50,Winston-Salem Open at Wake Forest University,1st Round,Eubanks C.,Walton A.,1445.7539209489028,1439.8467625518654,0.5085002652398308,0.49149973476016917,1.62,2.3,0.586734693877551,1,ATP250
4600,2024-08-19,50,Winston-Salem Open at Wake Forest University,1st Round,Muller A.,Lestienne C.,1489.3709284271372,1356.0691144127325,0.6829467010032009,0.3170532989967991,1.4,3,0.6818181818181818,1,ATP250
4601,2024-08-19,50,Winston-Salem Open at Wake Forest University,1st Round,Shang J.,Comesana F.,1572.970364498009,1470.9926653890755,0.6426835893313801,0.35731641066861985,1.25,4,0.7619047619047619,1,ATP250
4602,2024-08-19,50,Winston-Salem Open at Wake Forest University,1st Round,Stricker D.,Coria F.,1508.118433244771,1409.5919768575739,0.6381084967480416,0.3618915032519584,1.4,3,0.6818181818181818,1,ATP250
4603,2024-08-19,50,Winston-Salem Open at Wake Forest University,1st Round,Svajda Z.,Djere L.,1415.76503108474,1467.8283752095315,0.42563065114599835,0.5743693488540016,1.91,1.91,NA,1,ATP250
4604,2024-08-19,50,Winston-Salem Open at Wake Forest University,1st Round,O Connell C.,Kirchheimer S.,1487.548766228989,1485.71744592921,0.5026354573572553,0.49736454264274466,1.11,6.5,0.8541392904073586,1,ATP250
4605,2024-08-19,50,Winston-Salem Open at Wake Forest University,1st Round,Tien L.,Schoolkate T.,1489.270896451151,1489.8686421774719,0.49913977559947303,0.5008602244005269,1.44,2.75,0.6563245823389022,1,ATP250
4606,2024-08-19,50,Winston-Salem Open at Wake Forest University,1st Round,Goffin D.,Munar J.,1435.3305246962436,1438.535340351449,0.49538803033284334,0.5046119696671567,1.73,2.1,0.5483028720626633,1,ATP250
4607,2024-08-19,50,Winston-Salem Open at Wake Forest University,1st Round,Carreno Busta P.,Kumar O.,1498.4972943150715,1492.438584316924,0.5087183008601714,0.49128169913982855,1.14,5.5,0.8283132530120482,1,ATP250
4609,2024-08-20,50,Winston-Salem Open at Wake Forest University,1st Round,Moutet C.,Mejia N.,1490.4599961501156,1500,0.4862742802186829,0.5137257197813171,1.2,4.5,0.7894736842105263,1,ATP250
4757,2024-09-18,52,Chengdu Open,1st Round,Klein L.,Walton A.,1482.5631226874443,1410.9300557096524,0.6016519689641363,0.3983480310358637,1.73,2.1,0.5483028720626633,1,ATP250
4758,2024-09-18,52,Chengdu Open,1st Round,Daniel T.,Sonego L.,1362.1975672528724,1585.2087813448645,0.21691159127047738,0.7830884087295227,3.5,1.3,0.27083333333333337,1,ATP250
4759,2024-09-18,52,Chengdu Open,1st Round,Mpetshi G.,Sun F.,1533.337920375042,1500,0.547830419052904,0.45216958094709603,1.17,5,0.8103727714748785,1,ATP250
4760,2024-09-18,53,Hangzhou Open,1st Round,Marozsan F.,Nardi L.,1541.9626019337386,1419.0505029896153,0.6698571225398189,0.3301428774601811,1.5,2.63,0.6368038740920097,1,ATP250
4761,2024-09-18,53,Hangzhou Open,1st Round,Kukushkin M.,Darderi L.,1483.0195360303753,1545.2700562808304,0.4113607864658385,0.5886392135341615,2.2,1.67,0.43152454780361754,1,ATP250
4762,2024-09-18,53,Hangzhou Open,1st Round,Cilic M.,Svajda Z.,1459.9334587879903,1435.9713093713665,0.5344297320484277,0.4655702679515723,1.73,2.1,0.5483028720626633,1,ATP250
4763,2024-09-19,52,Chengdu Open,1st Round,Vukic A.,Coric B.,1494.6067045497505,1462.5322754902068,0.5460281291948803,0.4539718708051197,1.91,1.91,NA,1,ATP250
4764,2024-09-19,52,Chengdu Open,1st Round,Kachmazov A.,Kovacevic A.,1485.7379081556915,1433.7437134344925,0.5742720335512067,0.4257279664487933,2.63,1.5,0.36319612590799033,1,ATP250
4765,2024-09-19,52,Chengdu Open,1st Round,Shang J.,Nishikori K.,1612.940226189609,1541.6105511369378,0.6012333251006586,0.39876667489934137,1.57,2.38,0.6025316455696202,1,ATP250
4766,2024-09-19,52,Chengdu Open,1st Round,Hanfmann Y.,Mochizuki S.,1512.84711337204,1435.3715817696625,0.6096842112327879,0.39031578876721207,1.5,2.63,0.6368038740920097,1,ATP250
4767,2024-09-19,52,Chengdu Open,1st Round,O Connell C.,Kotov P.,1520.5019502537307,1537.2911655654236,0.475857166280447,0.5241428337195531,1.67,2.2,0.5684754521963824,1,ATP250
4768,2024-09-19,52,Chengdu Open,1st Round,Safiullin R.,Fognini F.,1468.395785669479,1536.3482510663007,0.4034366812797927,0.5965633187202073,1.2,4.5,0.7894736842105263,1,ATP250
4769,2024-09-19,52,Chengdu Open,1st Round,Gomez F.,Muller A.,1481.761188333199,1494.869258786794,0.48114491553573085,0.5188550844642692,3.2,1.36,0.2982456140350877,1,ATP250
4770,2024-09-19,52,Chengdu Open,1st Round,Mannarino A.,Atmane T.,1415.9234690285302,1447.0370403586874,0.45534328366756943,0.5446567163324305,2,1.8,0.47368421052631576,1,ATP250
4771,2024-09-19,53,Hangzhou Open,1st Round,Nishioka Y.,Marterer M.,1573.8083344329802,1401.175407940934,0.7298289683498743,0.2701710316501257,1.36,3.2,0.7017543859649122,1,ATP250
4772,2024-09-19,53,Hangzhou Open,1st Round,Hijikata R.,Dzumhur D.,1479.903134998068,1510.0638467935214,0.456703950137297,0.5432960498627031,1.73,2.1,0.5483028720626633,1,ATP250
4773,2024-09-19,53,Hangzhou Open,1st Round,Bu Y.,Gaston H.,1482.542670609785,1462.151672859801,0.5293113578901211,0.47068864210987893,1.44,2.75,0.6563245823389022,1,ATP250
4774,2024-09-19,53,Hangzhou Open,1st Round,Shevchenko A.,Trungelliti M.,1507.2633708384483,1507.8419342983932,0.49916738102073605,0.500832618979264,1.73,2.1,0.5483028720626633,1,ATP250
4775,2024-09-19,53,Hangzhou Open,1st Round,Carballes Baena R.,Moutet C.,1506.3678086391358,1481.9083433607677,0.5351419628591083,0.4648580371408917,2.3,1.62,0.413265306122449,1,ATP250
4776,2024-09-19,53,Hangzhou Open,1st Round,Uchiyama Y.,Mccabe J.,1500,1457.2970524157952,0.5611468837932067,0.43885311620679335,1.4,3,0.6818181818181818,1,ATP250
4777,2024-09-19,53,Hangzhou Open,1st Round,Bellucci M.,Karatsev A.,1465.6171879502554,1516.946766418873,0.42666358623117057,0.5733364137688295,1.73,2.1,0.5483028720626633,1,ATP250
4778,2024-09-19,53,Hangzhou Open,1st Round,Zhang Zh.,Yevseyev D.,1600.9078033326741,1488.1504680773019,0.6568038788390674,0.34319612116093257,1.14,5.5,0.8283132530120482,1,ATP250
4962,2024-10-14,57,Almaty Open,1st Round,Engel J.,Wong C.,1500,1441.781017537425,0.5830083723098315,0.4169916276901685,3,1.4,0.3181818181818181,1,ATP250
4963,2024-10-14,57,Almaty Open,1st Round,Marterer M.,Dzumhur D.,1392.52993492813,1482.3547087533425,0.37353692716959436,0.6264630728304057,1.8,2,0.5263157894736842,1,ATP250
4964,2024-10-14,57,Almaty Open,1st Round,Coric B.,Marozsan F.,1448.005175624443,1552.5271740124645,0.3539601190298157,0.6460398809701843,2.1,1.73,0.4516971279373368,1,ATP250
4965,2024-10-14,58,European Open,1st Round,Carballes Baena R.,Koepfer D.,1535.970927728467,1502.404483184715,0.5481562617060177,0.4518437382939823,1.8,2,0.5263157894736842,1,ATP250
4966,2024-10-14,58,European Open,1st Round,Navone M.,Monteiro T.,1473.3980449118942,1505.9445963945216,0.45329827450387594,0.5467017254961241,2,1.8,0.47368421052631576,1,ATP250
4967,2024-10-14,58,European Open,1st Round,Etcheverry T.,Gasquet R.,1561.5364186140757,1367.7677528650026,0.753138576579736,0.24686142342026396,1.4,3,0.6818181818181818,1,ATP250
4968,2024-10-14,58,European Open,1st Round,Fucsovics M.,Collignon R.,1549.6482344577266,1500,0.5709671557467272,0.4290328442532728,1.8,2,0.5263157894736842,1,ATP250
4969,2024-10-14,59,Nordic Open,1st Round,Stricker D.,Kovacevic A.,1486.2694855645466,1404.5572303821082,0.6154721672677405,0.38452783273225954,1.8,2,0.5263157894736842,1,ATP250
4970,2024-10-14,59,Nordic Open,1st Round,Sonego L.,Huesler M.A.,1522.1082095654197,1356.7849654910187,0.7214523299333966,0.2785476700666034,1.8,2,0.5263157894736842,1,ATP250
4971,2024-10-14,59,Nordic Open,1st Round,Griekspoor T.,Kotov P.,1606.776188137378,1503.0715264840592,0.6449632469792653,0.3550367530207347,1.44,2.75,0.6563245823389022,1,ATP250
4972,2024-10-14,59,Nordic Open,1st Round,Berrettini M.,Darderi L.,1697.4574239109238,1492.6172944394455,0.764795759407121,0.23520424059287903,1.13,6,0.8415147265077139,1,ATP250
4973,2024-10-15,57,Almaty Open,1st Round,Diallo G.,O Connell C.,1438.2758455299409,1522.386948265254,0.38126499326990404,0.618735006730096,1.8,2,0.5263157894736842,1,ATP250
4974,2024-10-15,57,Almaty Open,1st Round,Mannarino A.,Safiullin R.,1444.3838085321147,1542.369927419664,0.36261009127275606,0.6373899087272439,3,1.4,0.3181818181818181,1,ATP250
4975,2024-10-15,57,Almaty Open,1st Round,Virtanen O.,Fognini F.,1467.7906728933424,1525.3498450913576,0.4179152901977082,0.5820847098022919,1.57,2.38,0.6025316455696202,1,ATP250
4976,2024-10-15,57,Almaty Open,1st Round,Zhukayev B.,Hassan B.,1471.239251290663,1455.6796144417792,0.5223771593293588,0.4776228406706412,1.8,2,0.5263157894736842,1,ATP250
4977,2024-10-15,57,Almaty Open,1st Round,Evans D.,Daniel T.,1393.3413353545802,1396.8988571204918,0.4948804935501089,0.5051195064498911,1.44,2.75,0.6563245823389022,1,ATP250
4978,2024-10-15,57,Almaty Open,1st Round,Karatsev A.,Zhang Zh.,1498.6000011782705,1582.8475326122418,0.3810797456930349,0.6189202543069652,2.1,1.73,0.4516971279373368,1,ATP250
4979,2024-10-15,57,Almaty Open,1st Round,Shevchenko A.,Kukushkin M.,1527.4617241286355,1502.7625563843412,0.5354852016971712,0.4645147983028288,1.67,2.2,0.5684754521963824,1,ATP250
4980,2024-10-15,58,European Open,1st Round,Lehecka J.,Munar J.,1677.9585613263428,1418.1529193091121,0.8169115557288715,0.18308844427112847,1.25,4,0.7619047619047619,1,ATP250
4981,2024-10-15,58,European Open,1st Round,Gaston H.,Vatutin A.,1429.2079925249518,1486.6015421697332,0.4181472344319959,0.5818527655680041,1.62,2.3,0.586734693877551,1,ATP250
4982,2024-10-15,58,European Open,1st Round,Giron M.,Van De Zandschulp B.,1552.1251152216703,1497.8549141272688,0.577472036722452,0.42252796327754805,1.91,1.91,NA,1,ATP250
4983,2024-10-15,58,European Open,1st Round,Bautista Agut R.,Van Assche L.,1511.1989411050997,1425.5404853320188,0.6208340180982217,0.3791659819017783,1.91,1.91,NA,1,ATP250
4984,2024-10-15,58,European Open,1st Round,Seyboth Wild T.,Mpetshi G.,1547.8574558242133,1506.9906673665464,0.5585422990730405,0.44145770092695946,2.1,1.73,0.4516971279373368,1,ATP250
4985,2024-10-15,58,European Open,1st Round,Bergs Z.,Diaz Acosta F.,1486.7788770270586,1496.04522627462,0.4866678125002204,0.5133321874997796,1.17,5,0.8103727714748785,1,ATP250
4986,2024-10-15,58,European Open,1st Round,Rinderknech A.,Blockx A.,1508.2715949429307,1483.8641232972216,0.5350675068464218,0.4649324931535782,1.62,2.3,0.586734693877551,1,ATP250
4987,2024-10-15,59,Nordic Open,1st Round,Fearnley J.,Moutet C.,1498.6623744756464,1452.2163866061933,0.5664458036326582,0.4335541963673418,1.4,3,0.6818181818181818,1,ATP250
4988,2024-10-15,59,Nordic Open,1st Round,Kecmanovic M.,Norrie C.,1489.7045738845263,1557.818010818273,0.4032136848923473,0.5967863151076527,1.8,2,0.5263157894736842,1,ATP250
4989,2024-10-15,59,Nordic Open,1st Round,Djere L.,Martinez P.,1475.1868872190807,1482.1152020277405,0.4900306749174339,0.5099693250825661,1.44,2.75,0.6563245823389022,1,ATP250
4990,2024-10-15,59,Nordic Open,1st Round,Jarry N.,Ymer E.,1523.0170182189115,1431.1629365840563,0.629192594855916,0.37080740514408395,1.67,2.2,0.5684754521963824,1,ATP250
4991,2024-10-15,59,Nordic Open,1st Round,Muller A.,Borg L.,1501.9547518167665,1468.897497648768,0.5474301732591202,0.45256982674087975,1.1,7,0.8641975308641975,1,ATP250
4992,2024-10-16,57,Almaty Open,1st Round,Vukic A.,Duckworth J.,1521.9577144533002,1478.0597673791929,0.562840187307185,0.437159812692815,1.5,2.63,0.6368038740920097,1,ATP250
4993,2024-10-16,57,Almaty Open,1st Round,Machac T.,Skatov T.,1707.2680834153211,1493.4248003895464,0.773990206731856,0.22600979326814397,1.11,6.5,0.8541392904073586,1,ATP250
4998,2024-10-16,58,European Open,1st Round,Altmaier D.,Bailly G.,1417.3228059429782,1500,0.3832140845947179,0.6167859154052822,1.57,2.38,0.6025316455696202,1,ATP250
5003,2024-10-16,59,Nordic Open,1st Round,Davidovich Fokina A.,Tirante T.A.,1545.567967102018,1519.2016845435494,0.5378714577013202,0.46212854229867983,1.2,4.5,0.7894736842105263,1,ATP250
5004,2024-10-16,59,Nordic Open,1st Round,Wawrinka S.,Nakashima B.,1441.9560735563111,1589.1901365490482,0.29994760001701104,0.700052399982989,3,1.4,0.3181818181818181,1,ATP250
5005,2024-10-16,59,Nordic Open,1st Round,Halys Q.,Nagal S.,1531.9080271477726,1415.8588007611722,0.6610625856669325,0.33893741433306745,1.2,4.5,0.7894736842105263,1,ATP250
5155,2024-11-03,63,Belgrade Open,1st Round,Marozsan F.,Shang J.,1523.5672807975275,1617.9708403917189,0.36738990512516845,0.6326100948748316,2.75,1.44,0.3436754176610979,1,ATP250
5156,2024-11-03,63,Belgrade Open,1st Round,Medjedovic H.,Nakashima B.,1477.7352096518084,1562.762550536397,0.3800215591149369,0.619978440885063,2.5,1.53,0.3796526054590571,1,ATP250
5157,2024-11-03,64,Open de Moselle,1st Round,Moutet C.,Nagal S.,1432.0632082276627,1405.012803502514,0.5388501931612018,0.46114980683879825,1.29,3.75,0.744047619047619,1,ATP250
5158,2024-11-03,64,Open de Moselle,1st Round,Michelsen A.,Mayot H.,1583.8663646170312,1465.4394485115001,0.6641225041992672,0.3358774958007328,1.3,3.5,0.7291666666666667,1,ATP250
5159,2024-11-04,63,Belgrade Open,1st Round,Altmaier D.,Darderi L.,1423.5663429524056,1481.6285530318219,0.4172110394444454,0.5827889605555546,1.8,2,0.5263157894736842,1,ATP250
5160,2024-11-04,63,Belgrade Open,1st Round,Cilic M.,Muller A.,1497.6114741388985,1508.0698620035214,0.4849537142590181,0.5150462857409819,1.44,2.75,0.6563245823389022,1,ATP250
5161,2024-11-04,63,Belgrade Open,1st Round,Etcheverry T.,Kotov P.,1549.5465107054993,1491.7103503873957,0.5824725335179224,0.4175274664820776,1.44,2.75,0.6563245823389022,1,ATP250
5162,2024-11-04,63,Belgrade Open,1st Round,Kovacevic A.,Djuric B.,1392.2523397346758,1500,0.34972564317055577,0.6502743568294442,1.2,4.5,0.7894736842105263,1,ATP250
5163,2024-11-04,63,Belgrade Open,1st Round,Klein L.,Duckworth J.,1481.69434584774,1449.3936096075581,0.5463510320535221,0.4536489679464779,1.73,2.1,0.5483028720626633,1,ATP250
5164,2024-11-04,63,Belgrade Open,1st Round,Lajovic D.,Navone M.,1563.4709724918184,1454.4107610831963,0.6519906882250307,0.3480093117749693,1.8,2,0.5263157894736842,1,ATP250
5165,2024-11-04,63,Belgrade Open,1st Round,Shapovalov D.,Fucsovics M.,1547.6173345177683,1537.051974636601,0.5152000900107866,0.4847999099892134,1.57,2.38,0.6025316455696202,1,ATP250
5166,2024-11-04,63,Belgrade Open,1st Round,O Connell C.,Kecmanovic M.,1493.865480576267,1532.21238931086,0.44503736282303463,0.5549626371769654,3,1.4,0.3181818181818181,1,ATP250
5167,2024-11-04,64,Open de Moselle,1st Round,Sonego L.,Barrere G.,1495.6664381552982,1459.1608355024077,0.5523433029577045,0.4476566970422955,3.5,1.3,0.27083333333333337,1,ATP250
5168,2024-11-04,64,Open de Moselle,1st Round,Struff J.L.,Shevchenko A.,1657.9341962403191,1542.1361348922342,0.6607385610220197,0.33926143897798033,1.44,2.75,0.6563245823389022,1,ATP250
5169,2024-11-04,64,Open de Moselle,1st Round,Herbert P.H.,Martinez P.,1505.5054546580586,1473.037144312104,0.54659010743178,0.45340989256821995,1.91,1.91,NA,1,ATP250
5170,2024-11-04,64,Open de Moselle,1st Round,Halys Q.,Papamalamis T.,1511.3210092166896,1500,0.5162864782720291,0.4837135217279709,1.02,19,0.949050949050949,1,ATP250
5171,2024-11-04,64,Open de Moselle,1st Round,Gasquet R.,Monteiro T.,1350.3307155748575,1488.4501411786457,0.31107908147572894,0.6889209185242711,1.73,2.1,0.5483028720626633,1,ATP250
5172,2024-11-04,64,Open de Moselle,1st Round,Norrie C.,Carballes Baena R.,1526.8284916367793,1533.4646692158426,0.4904509339952648,0.5095490660047353,1.62,2.3,0.586734693877551,1,ATP250
5173,2024-11-05,63,Belgrade Open,1st Round,Safiullin R.,Fognini F.,1521.9734503403922,1491.6946714980525,0.5434646829990355,0.4565353170009645,1.22,4.33,0.7801801801801801,1,ATP250
5174,2024-11-05,63,Belgrade Open,1st Round,Djere L.,Wawrinka S.,1485.2279080585445,1507.2391938516193,0.46836552559116257,0.5316344744088375,2.2,1.67,0.43152454780361754,1,ATP250
5178,2024-11-05,64,Open de Moselle,1st Round,Bergs Z.,Guinard M.,1499.8198746701146,1500,0.4997407788360592,0.5002592211639407,1.17,5,0.8103727714748785,1,ATP250
5179,2024-11-05,64,Open de Moselle,1st Round,Gaston H.,Droguet T.,1480.5978391936935,1490.8808642497395,0.485205856900886,0.514794143099114,1.8,2,0.5263157894736842,1,ATP250
5180,2024-11-05,64,Open de Moselle,1st Round,Bu Y.,Mannarino A.,1571.8046662883119,1476.1498849585669,0.634282482036454,0.365717517963546,2,1.8,0.47368421052631576,1,ATP250
5181,2024-11-05,64,Open de Moselle,1st Round,Bonzi B.,Bautista Agut R.,1403.0541933179056,1595.597157479409,0.24817556796794016,0.7518244320320598,1.8,2,0.5263157894736842,1,ATP250
