tournament_set,n_tournaments_used,n_matches,acc_ttt,acc_book,brier_ttt,brier_book,logloss_ttt,logloss_book,calratio_ttt,calratio_book,mov_pred_scale,mov_pred_cap,score_overall
All_2024_R1,65,1680,63.99,68.15,0.3021,0.2011,2.2684,0.5849,0.6418,0.5935,0,1,-61.32995
ATP250,39,524,60.5,63.55,0.325,0.2204,1.9653,0.6308,0.6031,0.5568,0,1,-61.32995
ATP500,12,289,60.9,64.36,0.325,0.2108,2.4645,0.6052,0.6199,0.5817,0,1,-61.32995
Masters1000,8,479,64.93,68.27,0.3035,0.204,2.6418,0.5914,0.6482,0.5918,0,1,-61.32995
Grandslams,4,327,73.39,79.2,0.2266,0.1523,1.7875,0.4707,0.7303,0.67,0,1,-61.32995
All_2024_R1,65,1680,63.99,68.15,0.3021,0.2011,2.2684,0.5849,0.6418,0.5935,0,1.5,-61.32995
ATP250,39,524,60.5,63.55,0.325,0.2204,1.9653,0.6308,0.6031,0.5568,0,1.5,-61.32995
ATP500,12,289,60.9,64.36,0.325,0.2108,2.4645,0.6052,0.6199,0.5817,0,1.5,-61.32995
Masters1000,8,479,64.93,68.27,0.3035,0.204,2.6418,0.5914,0.6482,0.5918,0,1.5,-61.32995
Grandslams,4,327,73.39,79.2,0.2266,0.1523,1.7875,0.4707,0.7303,0.67,0,1.5,-61.32995
All_2024_R1,65,1680,63.99,68.15,0.3021,0.2011,2.2684,0.5849,0.6418,0.5935,0,2,-61.32995
ATP250,39,524,60.5,63.55,0.325,0.2204,1.9653,0.6308,0.6031,0.5568,0,2,-61.32995
ATP500,12,289,60.9,64.36,0.325,0.2108,2.4645,0.6052,0.6199,0.5817,0,2,-61.32995
Masters1000,8,479,64.93,68.27,0.3035,0.204,2.6418,0.5914,0.6482,0.5918,0,2,-61.32995
Grandslams,4,327,73.39,79.2,0.2266,0.1523,1.7875,0.4707,0.7303,0.67,0,2,-61.32995
All_2024_R1,65,1680,63.99,68.15,0.3021,0.2011,2.2684,0.5849,0.6418,0.5935,0,2.5,-61.32995
ATP250,39,524,60.5,63.55,0.325,0.2204,1.9653,0.6308,0.6031,0.5568,0,2.5,-61.32995
ATP500,12,289,60.9,64.36,0.325,0.2108,2.4645,0.6052,0.6199,0.5817,0,2.5,-61.32995
Masters1000,8,479,64.93,68.27,0.3035,0.204,2.6418,0.5914,0.6482,0.5918,0,2.5,-61.32995
Grandslams,4,327,73.39,79.2,0.2266,0.1523,1.7875,0.4707,0.7303,0.67,0,2.5,-61.32995
All_2024_R1,65,1680,63.99,68.15,0.3021,0.2011,2.2684,0.5849,0.6418,0.5935,0,3,-61.32995
ATP250,39,524,60.5,63.55,0.325,0.2204,1.9653,0.6308,0.6031,0.5568,0,3,-61.32995
ATP500,12,289,60.9,64.36,0.325,0.2108,2.4645,0.6052,0.6199,0.5817,0,3,-61.32995
Masters1000,8,479,64.93,68.27,0.3035,0.204,2.6418,0.5914,0.6482,0.5918,0,3,-61.32995
Grandslams,4,327,73.39,79.2,0.2266,0.1523,1.7875,0.4707,0.7303,0.67,0,3,-61.32995
All_2024_R1,65,1680,63.99,68.15,0.3021,0.2011,2.2684,0.5849,0.6418,0.5935,0,3.5,-61.32995
ATP250,39,524,60.5,63.55,0.325,0.2204,1.9653,0.6308,0.6031,0.5568,0,3.5,-61.32995
ATP500,12,289,60.9,64.36,0.325,0.2108,2.4645,0.6052,0.6199,0.5817,0,3.5,-61.32995
Masters1000,8,479,64.93,68.27,0.3035,0.204,2.6418,0.5914,0.6482,0.5918,0,3.5,-61.32995
Grandslams,4,327,73.39,79.2,0.2266,0.1523,1.7875,0.4707,0.7303,0.67,0,3.5,-61.32995
All_2024_R1,65,1680,63.99,68.15,0.3021,0.2011,2.2684,0.5849,0.6418,0.5935,0,4,-61.32995
ATP250,39,524,60.5,63.55,0.325,0.2204,1.9653,0.6308,0.6031,0.5568,0,4,-61.32995
ATP500,12,289,60.9,64.36,0.325,0.2108,2.4645,0.6052,0.6199,0.5817,0,4,-61.32995
Masters1000,8,479,64.93,68.27,0.3035,0.204,2.6418,0.5914,0.6482,0.5918,0,4,-61.32995
Grandslams,4,327,73.39,79.2,0.2266,0.1523,1.7875,0.4707,0.7303,0.67,0,4,-61.32995
All_2024_R1,65,1680,63.99,68.15,0.3021,0.2011,2.2684,0.5849,0.6418,0.5935,0,4.5,-61.32995
ATP250,39,524,60.5,63.55,0.325,0.2204,1.9653,0.6308,0.6031,0.5568,0,4.5,-61.32995
ATP500,12,289,60.9,64.36,0.325,0.2108,2.4645,0.6052,0.6199,0.5817,0,4.5,-61.32995
Masters1000,8,479,64.93,68.27,0.3035,0.204,2.6418,0.5914,0.6482,0.5918,0,4.5,-61.32995
Grandslams,4,327,73.39,79.2,0.2266,0.1523,1.7875,0.4707,0.7303,0.67,0,4.5,-61.32995
All_2024_R1,65,1680,63.99,68.15,0.3021,0.2011,2.2684,0.5849,0.6418,0.5935,0,5,-61.32995
ATP250,39,524,60.5,63.55,0.325,0.2204,1.9653,0.6308,0.6031,0.5568,0,5,-61.32995
ATP500,12,289,60.9,64.36,0.325,0.2108,2.4645,0.6052,0.6199,0.5817,0,5,-61.32995
Masters1000,8,479,64.93,68.27,0.3035,0.204,2.6418,0.5914,0.6482,0.5918,0,5,-61.32995
Grandslams,4,327,73.39,79.2,0.2266,0.1523,1.7875,0.4707,0.7303,0.67,0,5,-61.32995
All_2024_R1,65,1680,63.99,68.15,0.3021,0.2011,2.2684,0.5849,0.6418,0.5935,0,5.5,-61.32995
ATP250,39,524,60.5,63.55,0.325,0.2204,1.9653,0.6308,0.6031,0.5568,0,5.5,-61.32995
ATP500,12,289,60.9,64.36,0.325,0.2108,2.4645,0.6052,0.6199,0.5817,0,5.5,-61.32995
Masters1000,8,479,64.93,68.27,0.3035,0.204,2.6418,0.5914,0.6482,0.5918,0,5.5,-61.32995
Grandslams,4,327,73.39,79.2,0.2266,0.1523,1.7875,0.4707,0.7303,0.67,0,5.5,-61.32995
All_2024_R1,65,1680,63.99,68.15,0.3021,0.2011,2.2684,0.5849,0.6418,0.5935,0,6,-61.32995
ATP250,39,524,60.5,63.55,0.325,0.2204,1.9653,0.6308,0.6031,0.5568,0,6,-61.32995
ATP500,12,289,60.9,64.36,0.325,0.2108,2.4645,0.6052,0.6199,0.5817,0,6,-61.32995
Masters1000,8,479,64.93,68.27,0.3035,0.204,2.6418,0.5914,0.6482,0.5918,0,6,-61.32995
Grandslams,4,327,73.39,79.2,0.2266,0.1523,1.7875,0.4707,0.7303,0.67,0,6,-61.32995
All_2024_R1,65,1680,63.99,68.15,0.3021,0.2011,2.2684,0.5849,0.6418,0.5935,0.05,1,-61.32995
ATP250,39,524,60.5,63.55,0.325,0.2204,1.9653,0.6308,0.6031,0.5568,0.05,1,-61.32995
ATP500,12,289,60.9,64.36,0.325,0.2108,2.4645,0.6052,0.6199,0.5817,0.05,1,-61.32995
Masters1000,8,479,64.93,68.27,0.3035,0.204,2.6418,0.5914,0.6482,0.5918,0.05,1,-61.32995
Grandslams,4,327,73.39,79.2,0.2266,0.1523,1.7875,0.4707,0.7303,0.67,0.05,1,-61.32995
All_2024_R1,65,1680,63.99,68.15,0.3041,0.2011,2.3962,0.5849,0.6422,0.5935,0.05,1.5,-61.200250000000004
ATP250,39,524,60.5,63.55,0.3275,0.2204,2.0745,0.6308,0.6036,0.5568,0.05,1.5,-61.200250000000004
ATP500,12,289,60.9,64.36,0.3268,0.2108,2.6019,0.6052,0.6201,0.5817,0.05,1.5,-61.200250000000004
Masters1000,8,479,64.93,68.27,0.3052,0.204,2.7811,0.5914,0.6486,0.5918,0.05,1.5,-61.200250000000004
Grandslams,4,327,73.39,79.2,0.2281,0.1523,1.8983,0.4707,0.7309,0.67,0.05,1.5,-61.200250000000004
All_2024_R1,65,1680,63.99,68.15,0.3041,0.2011,2.3962,0.5849,0.6422,0.5935,0.05,2,-61.200250000000004
ATP250,39,524,60.5,63.55,0.3275,0.2204,2.0745,0.6308,0.6036,0.5568,0.05,2,-61.200250000000004
ATP500,12,289,60.9,64.36,0.3268,0.2108,2.6019,0.6052,0.6201,0.5817,0.05,2,-61.200250000000004
Masters1000,8,479,64.93,68.27,0.3052,0.204,2.7811,0.5914,0.6486,0.5918,0.05,2,-61.200250000000004
Grandslams,4,327,73.39,79.2,0.2281,0.1523,1.8983,0.4707,0.7309,0.67,0.05,2,-61.200250000000004
All_2024_R1,65,1680,63.99,68.15,0.3041,0.2011,2.3962,0.5849,0.6422,0.5935,0.05,2.5,-61.200250000000004
ATP250,39,524,60.5,63.55,0.3275,0.2204,2.0745,0.6308,0.6036,0.5568,0.05,2.5,-61.200250000000004
ATP500,12,289,60.9,64.36,0.3268,0.2108,2.6019,0.6052,0.6201,0.5817,0.05,2.5,-61.200250000000004
Masters1000,8,479,64.93,68.27,0.3052,0.204,2.7811,0.5914,0.6486,0.5918,0.05,2.5,-61.200250000000004
Grandslams,4,327,73.39,79.2,0.2281,0.1523,1.8983,0.4707,0.7309,0.67,0.05,2.5,-61.200250000000004
All_2024_R1,65,1680,63.99,68.15,0.3041,0.2011,2.3962,0.5849,0.6422,0.5935,0.05,3,-61.200250000000004
ATP250,39,524,60.5,63.55,0.3275,0.2204,2.0745,0.6308,0.6036,0.5568,0.05,3,-61.200250000000004
ATP500,12,289,60.9,64.36,0.3268,0.2108,2.6019,0.6052,0.6201,0.5817,0.05,3,-61.200250000000004
Masters1000,8,479,64.93,68.27,0.3052,0.204,2.7811,0.5914,0.6486,0.5918,0.05,3,-61.200250000000004
Grandslams,4,327,73.39,79.2,0.2281,0.1523,1.8983,0.4707,0.7309,0.67,0.05,3,-61.200250000000004
All_2024_R1,65,1680,63.99,68.15,0.3041,0.2011,2.3962,0.5849,0.6422,0.5935,0.05,3.5,-61.200250000000004
ATP250,39,524,60.5,63.55,0.3275,0.2204,2.0745,0.6308,0.6036,0.5568,0.05,3.5,-61.200250000000004
ATP500,12,289,60.9,64.36,0.3268,0.2108,2.6019,0.6052,0.6201,0.5817,0.05,3.5,-61.200250000000004
Masters1000,8,479,64.93,68.27,0.3052,0.204,2.7811,0.5914,0.6486,0.5918,0.05,3.5,-61.200250000000004
Grandslams,4,327,73.39,79.2,0.2281,0.1523,1.8983,0.4707,0.7309,0.67,0.05,3.5,-61.200250000000004
All_2024_R1,65,1680,63.99,68.15,0.3041,0.2011,2.3962,0.5849,0.6422,0.5935,0.05,4,-61.200250000000004
ATP250,39,524,60.5,63.55,0.3275,0.2204,2.0745,0.6308,0.6036,0.5568,0.05,4,-61.200250000000004
ATP500,12,289,60.9,64.36,0.3268,0.2108,2.6019,0.6052,0.6201,0.5817,0.05,4,-61.200250000000004
Masters1000,8,479,64.93,68.27,0.3052,0.204,2.7811,0.5914,0.6486,0.5918,0.05,4,-61.200250000000004
Grandslams,4,327,73.39,79.2,0.2281,0.1523,1.8983,0.4707,0.7309,0.67,0.05,4,-61.200250000000004
All_2024_R1,65,1680,63.99,68.15,0.3041,0.2011,2.3962,0.5849,0.6422,0.5935,0.05,4.5,-61.200250000000004
ATP250,39,524,60.5,63.55,0.3275,0.2204,2.0745,0.6308,0.6036,0.5568,0.05,4.5,-61.200250000000004
ATP500,12,289,60.9,64.36,0.3268,0.2108,2.6019,0.6052,0.6201,0.5817,0.05,4.5,-61.200250000000004
Masters1000,8,479,64.93,68.27,0.3052,0.204,2.7811,0.5914,0.6486,0.5918,0.05,4.5,-61.200250000000004
Grandslams,4,327,73.39,79.2,0.2281,0.1523,1.8983,0.4707,0.7309,0.67,0.05,4.5,-61.200250000000004
All_2024_R1,65,1680,63.99,68.15,0.3041,0.2011,2.3962,0.5849,0.6422,0.5935,0.05,5,-61.200250000000004
ATP250,39,524,60.5,63.55,0.3275,0.2204,2.0745,0.6308,0.6036,0.5568,0.05,5,-61.200250000000004
ATP500,12,289,60.9,64.36,0.3268,0.2108,2.6019,0.6052,0.6201,0.5817,0.05,5,-61.200250000000004
Masters1000,8,479,64.93,68.27,0.3052,0.204,2.7811,0.5914,0.6486,0.5918,0.05,5,-61.200250000000004
Grandslams,4,327,73.39,79.2,0.2281,0.1523,1.8983,0.4707,0.7309,0.67,0.05,5,-61.200250000000004
All_2024_R1,65,1680,63.99,68.15,0.3041,0.2011,2.3962,0.5849,0.6422,0.5935,0.05,5.5,-61.200250000000004
ATP250,39,524,60.5,63.55,0.3275,0.2204,2.0745,0.6308,0.6036,0.5568,0.05,5.5,-61.200250000000004
ATP500,12,289,60.9,64.36,0.3268,0.2108,2.6019,0.6052,0.6201,0.5817,0.05,5.5,-61.200250000000004
Masters1000,8,479,64.93,68.27,0.3052,0.204,2.7811,0.5914,0.6486,0.5918,0.05,5.5,-61.200250000000004
Grandslams,4,327,73.39,79.2,0.2281,0.1523,1.8983,0.4707,0.7309,0.67,0.05,5.5,-61.200250000000004
All_2024_R1,65,1680,63.99,68.15,0.3041,0.2011,2.3962,0.5849,0.6422,0.5935,0.05,6,-61.200250000000004
ATP250,39,524,60.5,63.55,0.3275,0.2204,2.0745,0.6308,0.6036,0.5568,0.05,6,-61.200250000000004
ATP500,12,289,60.9,64.36,0.3268,0.2108,2.6019,0.6052,0.6201,0.5817,0.05,6,-61.200250000000004
Masters1000,8,479,64.93,68.27,0.3052,0.204,2.7811,0.5914,0.6486,0.5918,0.05,6,-61.200250000000004
Grandslams,4,327,73.39,79.2,0.2281,0.1523,1.8983,0.4707,0.7309,0.67,0.05,6,-61.200250000000004
All_2024_R1,65,1680,63.99,68.15,0.3021,0.2011,2.2684,0.5849,0.6418,0.5935,0.1,1,-61.32995
ATP250,39,524,60.5,63.55,0.325,0.2204,1.9653,0.6308,0.6031,0.5568,0.1,1,-61.32995
ATP500,12,289,60.9,64.36,0.325,0.2108,2.4645,0.6052,0.6199,0.5817,0.1,1,-61.32995
Masters1000,8,479,64.93,68.27,0.3035,0.204,2.6418,0.5914,0.6482,0.5918,0.1,1,-61.32995
Grandslams,4,327,73.39,79.2,0.2266,0.1523,1.7875,0.4707,0.7303,0.67,0.1,1,-61.32995
All_2024_R1,65,1680,63.99,68.15,0.3058,0.2011,2.52,0.5849,0.6425,0.5935,0.1,1.5,-61.074825000000004
ATP250,39,524,60.5,63.55,0.3296,0.2204,2.1833,0.6308,0.6041,0.5568,0.1,1.5,-61.074825000000004
ATP500,12,289,60.9,64.36,0.3285,0.2108,2.7371,0.6052,0.6203,0.5817,0.1,1.5,-61.074825000000004
Masters1000,8,479,64.93,68.27,0.3067,0.204,2.9101,0.5914,0.6489,0.5918,0.1,1.5,-61.074825000000004
Grandslams,4,327,73.39,79.2,0.2294,0.1523,2.0087,0.4707,0.7314,0.67,0.1,1.5,-61.074825000000004
All_2024_R1,65,1680,63.99,68.15,0.3058,0.2011,2.52,0.5849,0.6425,0.5935,0.1,2,-61.074825000000004
ATP250,39,524,60.5,63.55,0.3296,0.2204,2.1833,0.6308,0.6041,0.5568,0.1,2,-61.074825000000004
ATP500,12,289,60.9,64.36,0.3285,0.2108,2.7371,0.6052,0.6203,0.5817,0.1,2,-61.074825000000004
Masters1000,8,479,64.93,68.27,0.3067,0.204,2.9101,0.5914,0.6489,0.5918,0.1,2,-61.074825000000004
Grandslams,4,327,73.39,79.2,0.2294,0.1523,2.0087,0.4707,0.7314,0.67,0.1,2,-61.074825000000004
All_2024_R1,65,1680,63.99,68.15,0.3058,0.2011,2.52,0.5849,0.6425,0.5935,0.1,2.5,-61.074825000000004
ATP250,39,524,60.5,63.55,0.3296,0.2204,2.1833,0.6308,0.6041,0.5568,0.1,2.5,-61.074825000000004
ATP500,12,289,60.9,64.36,0.3285,0.2108,2.7371,0.6052,0.6203,0.5817,0.1,2.5,-61.074825000000004
Masters1000,8,479,64.93,68.27,0.3067,0.204,2.9101,0.5914,0.6489,0.5918,0.1,2.5,-61.074825000000004
Grandslams,4,327,73.39,79.2,0.2294,0.1523,2.0087,0.4707,0.7314,0.67,0.1,2.5,-61.074825000000004
All_2024_R1,65,1680,63.99,68.15,0.3058,0.2011,2.52,0.5849,0.6425,0.5935,0.1,3,-61.074825000000004
ATP250,39,524,60.5,63.55,0.3296,0.2204,2.1833,0.6308,0.6041,0.5568,0.1,3,-61.074825000000004
ATP500,12,289,60.9,64.36,0.3285,0.2108,2.7371,0.6052,0.6203,0.5817,0.1,3,-61.074825000000004
Masters1000,8,479,64.93,68.27,0.3067,0.204,2.9101,0.5914,0.6489,0.5918,0.1,3,-61.074825000000004
Grandslams,4,327,73.39,79.2,0.2294,0.1523,2.0087,0.4707,0.7314,0.67,0.1,3,-61.074825000000004
All_2024_R1,65,1680,63.99,68.15,0.3058,0.2011,2.52,0.5849,0.6425,0.5935,0.1,3.5,-61.074825000000004
ATP250,39,524,60.5,63.55,0.3296,0.2204,2.1833,0.6308,0.6041,0.5568,0.1,3.5,-61.074825000000004
ATP500,12,289,60.9,64.36,0.3285,0.2108,2.7371,0.6052,0.6203,0.5817,0.1,3.5,-61.074825000000004
Masters1000,8,479,64.93,68.27,0.3067,0.204,2.9101,0.5914,0.6489,0.5918,0.1,3.5,-61.074825000000004
Grandslams,4,327,73.39,79.2,0.2294,0.1523,2.0087,0.4707,0.7314,0.67,0.1,3.5,-61.074825000000004
All_2024_R1,65,1680,63.99,68.15,0.3058,0.2011,2.52,0.5849,0.6425,0.5935,0.1,4,-61.074825000000004
ATP250,39,524,60.5,63.55,0.3296,0.2204,2.1833,0.6308,0.6041,0.5568,0.1,4,-61.074825000000004
ATP500,12,289,60.9,64.36,0.3285,0.2108,2.7371,0.6052,0.6203,0.5817,0.1,4,-61.074825000000004
Masters1000,8,479,64.93,68.27,0.3067,0.204,2.9101,0.5914,0.6489,0.5918,0.1,4,-61.074825000000004
Grandslams,4,327,73.39,79.2,0.2294,0.1523,2.0087,0.4707,0.7314,0.67,0.1,4,-61.074825000000004
All_2024_R1,65,1680,63.99,68.15,0.3058,0.2011,2.52,0.5849,0.6425,0.5935,0.1,4.5,-61.074825000000004
ATP250,39,524,60.5,63.55,0.3296,0.2204,2.1833,0.6308,0.6041,0.5568,0.1,4.5,-61.074825000000004
ATP500,12,289,60.9,64.36,0.3285,0.2108,2.7371,0.6052,0.6203,0.5817,0.1,4.5,-61.074825000000004
Masters1000,8,479,64.93,68.27,0.3067,0.204,2.9101,0.5914,0.6489,0.5918,0.1,4.5,-61.074825000000004
Grandslams,4,327,73.39,79.2,0.2294,0.1523,2.0087,0.4707,0.7314,0.67,0.1,4.5,-61.074825000000004
All_2024_R1,65,1680,63.99,68.15,0.3058,0.2011,2.52,0.5849,0.6425,0.5935,0.1,5,-61.074825000000004
ATP250,39,524,60.5,63.55,0.3296,0.2204,2.1833,0.6308,0.6041,0.5568,0.1,5,-61.074825000000004
ATP500,12,289,60.9,64.36,0.3285,0.2108,2.7371,0.6052,0.6203,0.5817,0.1,5,-61.074825000000004
Masters1000,8,479,64.93,68.27,0.3067,0.204,2.9101,0.5914,0.6489,0.5918,0.1,5,-61.074825000000004
Grandslams,4,327,73.39,79.2,0.2294,0.1523,2.0087,0.4707,0.7314,0.67,0.1,5,-61.074825000000004
All_2024_R1,65,1680,63.99,68.15,0.3058,0.2011,2.52,0.5849,0.6425,0.5935,0.1,5.5,-61.074825000000004
ATP250,39,524,60.5,63.55,0.3296,0.2204,2.1833,0.6308,0.6041,0.5568,0.1,5.5,-61.074825000000004
ATP500,12,289,60.9,64.36,0.3285,0.2108,2.7371,0.6052,0.6203,0.5817,0.1,5.5,-61.074825000000004
Masters1000,8,479,64.93,68.27,0.3067,0.204,2.9101,0.5914,0.6489,0.5918,0.1,5.5,-61.074825000000004
Grandslams,4,327,73.39,79.2,0.2294,0.1523,2.0087,0.4707,0.7314,0.67,0.1,5.5,-61.074825000000004
All_2024_R1,65,1680,63.99,68.15,0.3058,0.2011,2.52,0.5849,0.6425,0.5935,0.1,6,-61.074825000000004
ATP250,39,524,60.5,63.55,0.3296,0.2204,2.1833,0.6308,0.6041,0.5568,0.1,6,-61.074825000000004
ATP500,12,289,60.9,64.36,0.3285,0.2108,2.7371,0.6052,0.6203,0.5817,0.1,6,-61.074825000000004
Masters1000,8,479,64.93,68.27,0.3067,0.204,2.9101,0.5914,0.6489,0.5918,0.1,6,-61.074825000000004
Grandslams,4,327,73.39,79.2,0.2294,0.1523,2.0087,0.4707,0.7314,0.67,0.1,6,-61.074825000000004
All_2024_R1,65,1680,63.99,68.15,0.3021,0.2011,2.2684,0.5849,0.6418,0.5935,0.15000000000000002,1,-61.32995
ATP250,39,524,60.5,63.55,0.325,0.2204,1.9653,0.6308,0.6031,0.5568,0.15000000000000002,1,-61.32995
ATP500,12,289,60.9,64.36,0.325,0.2108,2.4645,0.6052,0.6199,0.5817,0.15000000000000002,1,-61.32995
Masters1000,8,479,64.93,68.27,0.3035,0.204,2.6418,0.5914,0.6482,0.5918,0.15000000000000002,1,-61.32995
Grandslams,4,327,73.39,79.2,0.2266,0.1523,1.7875,0.4707,0.7303,0.67,0.15000000000000002,1,-61.32995
All_2024_R1,65,1680,63.99,68.15,0.3074,0.2011,2.6417,0.5849,0.6428,0.5935,0.15000000000000002,1.5,-60.9516
ATP250,39,524,60.5,63.55,0.3315,0.2204,2.2916,0.6308,0.6044,0.5568,0.15000000000000002,1.5,-60.9516
ATP500,12,289,60.9,64.36,0.33,0.2108,2.8719,0.6052,0.6204,0.5817,0.15000000000000002,1.5,-60.9516
Masters1000,8,479,64.93,68.27,0.3081,0.204,3.0376,0.5914,0.6492,0.5918,0.15000000000000002,1.5,-60.9516
Grandslams,4,327,73.39,79.2,0.2306,0.1523,2.1177,0.4707,0.7318,0.67,0.15000000000000002,1.5,-60.9516
All_2024_R1,65,1680,63.99,68.15,0.3074,0.2011,2.6419,0.5849,0.6428,0.5935,0.15000000000000002,2,-60.9514
ATP250,39,524,60.5,63.55,0.3315,0.2204,2.2916,0.6308,0.6044,0.5568,0.15000000000000002,2,-60.9514
ATP500,12,289,60.9,64.36,0.33,0.2108,2.8719,0.6052,0.6204,0.5817,0.15000000000000002,2,-60.9514
Masters1000,8,479,64.93,68.27,0.3081,0.204,3.0376,0.5914,0.6492,0.5918,0.15000000000000002,2,-60.9514
Grandslams,4,327,73.39,79.2,0.2306,0.1523,2.1187,0.4707,0.7318,0.67,0.15000000000000002,2,-60.9514
All_2024_R1,65,1680,63.99,68.15,0.3074,0.2011,2.6419,0.5849,0.6428,0.5935,0.15000000000000002,2.5,-60.9514
ATP250,39,524,60.5,63.55,0.3315,0.2204,2.2916,0.6308,0.6044,0.5568,0.15000000000000002,2.5,-60.9514
ATP500,12,289,60.9,64.36,0.33,0.2108,2.8719,0.6052,0.6204,0.5817,0.15000000000000002,2.5,-60.9514
Masters1000,8,479,64.93,68.27,0.3081,0.204,3.0376,0.5914,0.6492,0.5918,0.15000000000000002,2.5,-60.9514
Grandslams,4,327,73.39,79.2,0.2306,0.1523,2.1187,0.4707,0.7318,0.67,0.15000000000000002,2.5,-60.9514
All_2024_R1,65,1680,63.99,68.15,0.3074,0.2011,2.6419,0.5849,0.6428,0.5935,0.15000000000000002,3,-60.9514
ATP250,39,524,60.5,63.55,0.3315,0.2204,2.2916,0.6308,0.6044,0.5568,0.15000000000000002,3,-60.9514
ATP500,12,289,60.9,64.36,0.33,0.2108,2.8719,0.6052,0.6204,0.5817,0.15000000000000002,3,-60.9514
Masters1000,8,479,64.93,68.27,0.3081,0.204,3.0376,0.5914,0.6492,0.5918,0.15000000000000002,3,-60.9514
Grandslams,4,327,73.39,79.2,0.2306,0.1523,2.1187,0.4707,0.7318,0.67,0.15000000000000002,3,-60.9514
All_2024_R1,65,1680,63.99,68.15,0.3074,0.2011,2.6419,0.5849,0.6428,0.5935,0.15000000000000002,3.5,-60.9514
ATP250,39,524,60.5,63.55,0.3315,0.2204,2.2916,0.6308,0.6044,0.5568,0.15000000000000002,3.5,-60.9514
ATP500,12,289,60.9,64.36,0.33,0.2108,2.8719,0.6052,0.6204,0.5817,0.15000000000000002,3.5,-60.9514
Masters1000,8,479,64.93,68.27,0.3081,0.204,3.0376,0.5914,0.6492,0.5918,0.15000000000000002,3.5,-60.9514
Grandslams,4,327,73.39,79.2,0.2306,0.1523,2.1187,0.4707,0.7318,0.67,0.15000000000000002,3.5,-60.9514
All_2024_R1,65,1680,63.99,68.15,0.3074,0.2011,2.6419,0.5849,0.6428,0.5935,0.15000000000000002,4,-60.9514
ATP250,39,524,60.5,63.55,0.3315,0.2204,2.2916,0.6308,0.6044,0.5568,0.15000000000000002,4,-60.9514
ATP500,12,289,60.9,64.36,0.33,0.2108,2.8719,0.6052,0.6204,0.5817,0.15000000000000002,4,-60.9514
Masters1000,8,479,64.93,68.27,0.3081,0.204,3.0376,0.5914,0.6492,0.5918,0.15000000000000002,4,-60.9514
Grandslams,4,327,73.39,79.2,0.2306,0.1523,2.1187,0.4707,0.7318,0.67,0.15000000000000002,4,-60.9514
All_2024_R1,65,1680,63.99,68.15,0.3074,0.2011,2.6419,0.5849,0.6428,0.5935,0.15000000000000002,4.5,-60.9514
ATP250,39,524,60.5,63.55,0.3315,0.2204,2.2916,0.6308,0.6044,0.5568,0.15000000000000002,4.5,-60.9514
ATP500,12,289,60.9,64.36,0.33,0.2108,2.8719,0.6052,0.6204,0.5817,0.15000000000000002,4.5,-60.9514
Masters1000,8,479,64.93,68.27,0.3081,0.204,3.0376,0.5914,0.6492,0.5918,0.15000000000000002,4.5,-60.9514
Grandslams,4,327,73.39,79.2,0.2306,0.1523,2.1187,0.4707,0.7318,0.67,0.15000000000000002,4.5,-60.9514
All_2024_R1,65,1680,63.99,68.15,0.3074,0.2011,2.6419,0.5849,0.6428,0.5935,0.15000000000000002,5,-60.9514
ATP250,39,524,60.5,63.55,0.3315,0.2204,2.2916,0.6308,0.6044,0.5568,0.15000000000000002,5,-60.9514
ATP500,12,289,60.9,64.36,0.33,0.2108,2.8719,0.6052,0.6204,0.5817,0.15000000000000002,5,-60.9514
Masters1000,8,479,64.93,68.27,0.3081,0.204,3.0376,0.5914,0.6492,0.5918,0.15000000000000002,5,-60.9514
Grandslams,4,327,73.39,79.2,0.2306,0.1523,2.1187,0.4707,0.7318,0.67,0.15000000000000002,5,-60.9514
All_2024_R1,65,1680,63.99,68.15,0.3074,0.2011,2.6419,0.5849,0.6428,0.5935,0.15000000000000002,5.5,-60.9514
ATP250,39,524,60.5,63.55,0.3315,0.2204,2.2916,0.6308,0.6044,0.5568,0.15000000000000002,5.5,-60.9514
ATP500,12,289,60.9,64.36,0.33,0.2108,2.8719,0.6052,0.6204,0.5817,0.15000000000000002,5.5,-60.9514
Masters1000,8,479,64.93,68.27,0.3081,0.204,3.0376,0.5914,0.6492,0.5918,0.15000000000000002,5.5,-60.9514
Grandslams,4,327,73.39,79.2,0.2306,0.1523,2.1187,0.4707,0.7318,0.67,0.15000000000000002,5.5,-60.9514
All_2024_R1,65,1680,63.99,68.15,0.3074,0.2011,2.6419,0.5849,0.6428,0.5935,0.15000000000000002,6,-60.9514
ATP250,39,524,60.5,63.55,0.3315,0.2204,2.2916,0.6308,0.6044,0.5568,0.15000000000000002,6,-60.9514
ATP500,12,289,60.9,64.36,0.33,0.2108,2.8719,0.6052,0.6204,0.5817,0.15000000000000002,6,-60.9514
Masters1000,8,479,64.93,68.27,0.3081,0.204,3.0376,0.5914,0.6492,0.5918,0.15000000000000002,6,-60.9514
Grandslams,4,327,73.39,79.2,0.2306,0.1523,2.1187,0.4707,0.7318,0.67,0.15000000000000002,6,-60.9514
All_2024_R1,65,1680,63.99,68.15,0.3021,0.2011,2.2684,0.5849,0.6418,0.5935,0.2,1,-61.32995
ATP250,39,524,60.5,63.55,0.325,0.2204,1.9653,0.6308,0.6031,0.5568,0.2,1,-61.32995
ATP500,12,289,60.9,64.36,0.325,0.2108,2.4645,0.6052,0.6199,0.5817,0.2,1,-61.32995
Masters1000,8,479,64.93,68.27,0.3035,0.204,2.6418,0.5914,0.6482,0.5918,0.2,1,-61.32995
Grandslams,4,327,73.39,79.2,0.2266,0.1523,1.7875,0.4707,0.7303,0.67,0.2,1,-61.32995
All_2024_R1,65,1680,63.99,68.15,0.3086,0.2011,2.7455,0.5849,0.6429,0.5935,0.2,1.5,-60.846625
ATP250,39,524,60.5,63.55,0.333,0.2204,2.3915,0.6308,0.6048,0.5568,0.2,1.5,-60.846625
ATP500,12,289,60.9,64.36,0.3313,0.2108,2.9943,0.6052,0.6205,0.5817,0.2,1.5,-60.846625
Masters1000,8,479,64.93,68.27,0.3091,0.204,3.1495,0.5914,0.6494,0.5918,0.2,1.5,-60.846625
Grandslams,4,327,73.39,79.2,0.2314,0.1523,2.189,0.4707,0.7319,0.67,0.2,1.5,-60.846625
All_2024_R1,65,1680,63.99,68.15,0.3088,0.2011,2.7599,0.5849,0.643,0.5935,0.2,2,-60.83205
ATP250,39,524,60.5,63.55,0.3332,0.2204,2.3993,0.6308,0.6048,0.5568,0.2,2,-60.83205
ATP500,12,289,60.9,64.36,0.3314,0.2108,2.9992,0.6052,0.6205,0.5817,0.2,2,-60.83205
Masters1000,8,479,64.93,68.27,0.3093,0.204,3.1609,0.5914,0.6494,0.5918,0.2,2,-60.83205
Grandslams,4,327,73.39,79.2,0.2316,0.1523,2.2285,0.4707,0.7321,0.67,0.2,2,-60.83205
All_2024_R1,65,1680,63.99,68.15,0.3088,0.2011,2.7599,0.5849,0.643,0.5935,0.2,2.5,-60.83205
ATP250,39,524,60.5,63.55,0.3332,0.2204,2.3993,0.6308,0.6048,0.5568,0.2,2.5,-60.83205
ATP500,12,289,60.9,64.36,0.3314,0.2108,2.9992,0.6052,0.6205,0.5817,0.2,2.5,-60.83205
Masters1000,8,479,64.93,68.27,0.3093,0.204,3.1609,0.5914,0.6494,0.5918,0.2,2.5,-60.83205
Grandslams,4,327,73.39,79.2,0.2316,0.1523,2.2285,0.4707,0.7321,0.67,0.2,2.5,-60.83205
All_2024_R1,65,1680,63.99,68.15,0.3088,0.2011,2.7599,0.5849,0.643,0.5935,0.2,3,-60.83205
ATP250,39,524,60.5,63.55,0.3332,0.2204,2.3993,0.6308,0.6048,0.5568,0.2,3,-60.83205
ATP500,12,289,60.9,64.36,0.3314,0.2108,2.9992,0.6052,0.6205,0.5817,0.2,3,-60.83205
Masters1000,8,479,64.93,68.27,0.3093,0.204,3.1609,0.5914,0.6494,0.5918,0.2,3,-60.83205
Grandslams,4,327,73.39,79.2,0.2316,0.1523,2.2285,0.4707,0.7321,0.67,0.2,3,-60.83205
All_2024_R1,65,1680,63.99,68.15,0.3088,0.2011,2.7599,0.5849,0.643,0.5935,0.2,3.5,-60.83205
ATP250,39,524,60.5,63.55,0.3332,0.2204,2.3993,0.6308,0.6048,0.5568,0.2,3.5,-60.83205
ATP500,12,289,60.9,64.36,0.3314,0.2108,2.9992,0.6052,0.6205,0.5817,0.2,3.5,-60.83205
Masters1000,8,479,64.93,68.27,0.3093,0.204,3.1609,0.5914,0.6494,0.5918,0.2,3.5,-60.83205
Grandslams,4,327,73.39,79.2,0.2316,0.1523,2.2285,0.4707,0.7321,0.67,0.2,3.5,-60.83205
All_2024_R1,65,1680,63.99,68.15,0.3088,0.2011,2.7599,0.5849,0.643,0.5935,0.2,4,-60.83205
ATP250,39,524,60.5,63.55,0.3332,0.2204,2.3993,0.6308,0.6048,0.5568,0.2,4,-60.83205
ATP500,12,289,60.9,64.36,0.3314,0.2108,2.9992,0.6052,0.6205,0.5817,0.2,4,-60.83205
Masters1000,8,479,64.93,68.27,0.3093,0.204,3.1609,0.5914,0.6494,0.5918,0.2,4,-60.83205
Grandslams,4,327,73.39,79.2,0.2316,0.1523,2.2285,0.4707,0.7321,0.67,0.2,4,-60.83205
All_2024_R1,65,1680,63.99,68.15,0.3088,0.2011,2.7599,0.5849,0.643,0.5935,0.2,4.5,-60.83205
ATP250,39,524,60.5,63.55,0.3332,0.2204,2.3993,0.6308,0.6048,0.5568,0.2,4.5,-60.83205
ATP500,12,289,60.9,64.36,0.3314,0.2108,2.9992,0.6052,0.6205,0.5817,0.2,4.5,-60.83205
Masters1000,8,479,64.93,68.27,0.3093,0.204,3.1609,0.5914,0.6494,0.5918,0.2,4.5,-60.83205
Grandslams,4,327,73.39,79.2,0.2316,0.1523,2.2285,0.4707,0.7321,0.67,0.2,4.5,-60.83205
All_2024_R1,65,1680,63.99,68.15,0.3088,0.2011,2.7599,0.5849,0.643,0.5935,0.2,5,-60.83205
ATP250,39,524,60.5,63.55,0.3332,0.2204,2.3993,0.6308,0.6048,0.5568,0.2,5,-60.83205
ATP500,12,289,60.9,64.36,0.3314,0.2108,2.9992,0.6052,0.6205,0.5817,0.2,5,-60.83205
Masters1000,8,479,64.93,68.27,0.3093,0.204,3.1609,0.5914,0.6494,0.5918,0.2,5,-60.83205
Grandslams,4,327,73.39,79.2,0.2316,0.1523,2.2285,0.4707,0.7321,0.67,0.2,5,-60.83205
All_2024_R1,65,1680,63.99,68.15,0.3088,0.2011,2.7599,0.5849,0.643,0.5935,0.2,5.5,-60.83205
ATP250,39,524,60.5,63.55,0.3332,0.2204,2.3993,0.6308,0.6048,0.5568,0.2,5.5,-60.83205
ATP500,12,289,60.9,64.36,0.3314,0.2108,2.9992,0.6052,0.6205,0.5817,0.2,5.5,-60.83205
Masters1000,8,479,64.93,68.27,0.3093,0.204,3.1609,0.5914,0.6494,0.5918,0.2,5.5,-60.83205
Grandslams,4,327,73.39,79.2,0.2316,0.1523,2.2285,0.4707,0.7321,0.67,0.2,5.5,-60.83205
All_2024_R1,65,1680,63.99,68.15,0.3088,0.2011,2.7599,0.5849,0.643,0.5935,0.2,6,-60.83205
ATP250,39,524,60.5,63.55,0.3332,0.2204,2.3993,0.6308,0.6048,0.5568,0.2,6,-60.83205
ATP500,12,289,60.9,64.36,0.3314,0.2108,2.9992,0.6052,0.6205,0.5817,0.2,6,-60.83205
Masters1000,8,479,64.93,68.27,0.3093,0.204,3.1609,0.5914,0.6494,0.5918,0.2,6,-60.83205
Grandslams,4,327,73.39,79.2,0.2316,0.1523,2.2285,0.4707,0.7321,0.67,0.2,6,-60.83205
All_2024_R1,65,1680,63.99,68.15,0.3021,0.2011,2.2684,0.5849,0.6418,0.5935,0.25,1,-61.32995
ATP250,39,524,60.5,63.55,0.325,0.2204,1.9653,0.6308,0.6031,0.5568,0.25,1,-61.32995
ATP500,12,289,60.9,64.36,0.325,0.2108,2.4645,0.6052,0.6199,0.5817,0.25,1,-61.32995
Masters1000,8,479,64.93,68.27,0.3035,0.204,2.6418,0.5914,0.6482,0.5918,0.25,1,-61.32995
Grandslams,4,327,73.39,79.2,0.2266,0.1523,1.7875,0.4707,0.7303,0.67,0.25,1,-61.32995
All_2024_R1,65,1680,63.99,68.15,0.3094,0.2011,2.8088,0.5849,0.643,0.5935,0.25,1.5,-60.78255000000001
ATP250,39,524,60.5,63.55,0.3338,0.2204,2.4537,0.6308,0.605,0.5568,0.25,1.5,-60.78255000000001
ATP500,12,289,60.9,64.36,0.3322,0.2108,3.0884,0.6052,0.6204,0.5817,0.25,1.5,-60.78255000000001
Masters1000,8,479,64.93,68.27,0.3099,0.204,3.2104,0.5914,0.6493,0.5918,0.25,1.5,-60.78255000000001
Grandslams,4,327,73.39,79.2,0.2318,0.1523,2.2156,0.4707,0.7319,0.67,0.25,1.5,-60.78255000000001
All_2024_R1,65,1680,63.99,68.15,0.31,0.2011,2.8751,0.5849,0.6431,0.5935,0.25,2,-60.715675
ATP250,39,524,60.5,63.55,0.3347,0.2204,2.5044,0.6308,0.605,0.5568,0.25,2,-60.715675
ATP500,12,289,60.9,64.36,0.3326,0.2108,3.1242,0.6052,0.6205,0.5817,0.25,2,-60.715675
Masters1000,8,479,64.93,68.27,0.3104,0.204,3.2783,0.5914,0.6496,0.5918,0.25,2,-60.715675
Grandslams,4,327,73.39,79.2,0.2325,0.1523,2.338,0.4707,0.7324,0.67,0.25,2,-60.715675
All_2024_R1,65,1680,63.99,68.15,0.31,0.2011,2.8751,0.5849,0.6431,0.5935,0.25,2.5,-60.715675
ATP250,39,524,60.5,63.55,0.3347,0.2204,2.5044,0.6308,0.605,0.5568,0.25,2.5,-60.715675
ATP500,12,289,60.9,64.36,0.3326,0.2108,3.1242,0.6052,0.6205,0.5817,0.25,2.5,-60.715675
Masters1000,8,479,64.93,68.27,0.3104,0.204,3.2783,0.5914,0.6496,0.5918,0.25,2.5,-60.715675
Grandslams,4,327,73.39,79.2,0.2325,0.1523,2.338,0.4707,0.7324,0.67,0.25,2.5,-60.715675
All_2024_R1,65,1680,63.99,68.15,0.31,0.2011,2.8751,0.5849,0.6431,0.5935,0.25,3,-60.715675
ATP250,39,524,60.5,63.55,0.3347,0.2204,2.5044,0.6308,0.605,0.5568,0.25,3,-60.715675
ATP500,12,289,60.9,64.36,0.3326,0.2108,3.1242,0.6052,0.6205,0.5817,0.25,3,-60.715675
Masters1000,8,479,64.93,68.27,0.3104,0.204,3.2783,0.5914,0.6496,0.5918,0.25,3,-60.715675
Grandslams,4,327,73.39,79.2,0.2325,0.1523,2.338,0.4707,0.7324,0.67,0.25,3,-60.715675
All_2024_R1,65,1680,63.99,68.15,0.31,0.2011,2.8751,0.5849,0.6431,0.5935,0.25,3.5,-60.715675
ATP250,39,524,60.5,63.55,0.3347,0.2204,2.5044,0.6308,0.605,0.5568,0.25,3.5,-60.715675
ATP500,12,289,60.9,64.36,0.3326,0.2108,3.1242,0.6052,0.6205,0.5817,0.25,3.5,-60.715675
Masters1000,8,479,64.93,68.27,0.3104,0.204,3.2783,0.5914,0.6496,0.5918,0.25,3.5,-60.715675
Grandslams,4,327,73.39,79.2,0.2325,0.1523,2.338,0.4707,0.7324,0.67,0.25,3.5,-60.715675
All_2024_R1,65,1680,63.99,68.15,0.31,0.2011,2.8751,0.5849,0.6431,0.5935,0.25,4,-60.715675
ATP250,39,524,60.5,63.55,0.3347,0.2204,2.5044,0.6308,0.605,0.5568,0.25,4,-60.715675
ATP500,12,289,60.9,64.36,0.3326,0.2108,3.1242,0.6052,0.6205,0.5817,0.25,4,-60.715675
Masters1000,8,479,64.93,68.27,0.3104,0.204,3.2783,0.5914,0.6496,0.5918,0.25,4,-60.715675
Grandslams,4,327,73.39,79.2,0.2325,0.1523,2.338,0.4707,0.7324,0.67,0.25,4,-60.715675
All_2024_R1,65,1680,63.99,68.15,0.31,0.2011,2.8751,0.5849,0.6431,0.5935,0.25,4.5,-60.715675
ATP250,39,524,60.5,63.55,0.3347,0.2204,2.5044,0.6308,0.605,0.5568,0.25,4.5,-60.715675
ATP500,12,289,60.9,64.36,0.3326,0.2108,3.1242,0.6052,0.6205,0.5817,0.25,4.5,-60.715675
Masters1000,8,479,64.93,68.27,0.3104,0.204,3.2783,0.5914,0.6496,0.5918,0.25,4.5,-60.715675
Grandslams,4,327,73.39,79.2,0.2325,0.1523,2.338,0.4707,0.7324,0.67,0.25,4.5,-60.715675
All_2024_R1,65,1680,63.99,68.15,0.31,0.2011,2.8751,0.5849,0.6431,0.5935,0.25,5,-60.715675
ATP250,39,524,60.5,63.55,0.3347,0.2204,2.5044,0.6308,0.605,0.5568,0.25,5,-60.715675
ATP500,12,289,60.9,64.36,0.3326,0.2108,3.1242,0.6052,0.6205,0.5817,0.25,5,-60.715675
Masters1000,8,479,64.93,68.27,0.3104,0.204,3.2783,0.5914,0.6496,0.5918,0.25,5,-60.715675
Grandslams,4,327,73.39,79.2,0.2325,0.1523,2.338,0.4707,0.7324,0.67,0.25,5,-60.715675
All_2024_R1,65,1680,63.99,68.15,0.31,0.2011,2.8751,0.5849,0.6431,0.5935,0.25,5.5,-60.715675
ATP250,39,524,60.5,63.55,0.3347,0.2204,2.5044,0.6308,0.605,0.5568,0.25,5.5,-60.715675
ATP500,12,289,60.9,64.36,0.3326,0.2108,3.1242,0.6052,0.6205,0.5817,0.25,5.5,-60.715675
Masters1000,8,479,64.93,68.27,0.3104,0.204,3.2783,0.5914,0.6496,0.5918,0.25,5.5,-60.715675
Grandslams,4,327,73.39,79.2,0.2325,0.1523,2.338,0.4707,0.7324,0.67,0.25,5.5,-60.715675
All_2024_R1,65,1680,63.99,68.15,0.31,0.2011,2.8751,0.5849,0.6431,0.5935,0.25,6,-60.715675
ATP250,39,524,60.5,63.55,0.3347,0.2204,2.5044,0.6308,0.605,0.5568,0.25,6,-60.715675
ATP500,12,289,60.9,64.36,0.3326,0.2108,3.1242,0.6052,0.6205,0.5817,0.25,6,-60.715675
Masters1000,8,479,64.93,68.27,0.3104,0.204,3.2783,0.5914,0.6496,0.5918,0.25,6,-60.715675
Grandslams,4,327,73.39,79.2,0.2325,0.1523,2.338,0.4707,0.7324,0.67,0.25,6,-60.715675
All_2024_R1,65,1680,63.99,68.15,0.3021,0.2011,2.2684,0.5849,0.6418,0.5935,0.30000000000000004,1,-61.32995
ATP250,39,524,60.5,63.55,0.325,0.2204,1.9653,0.6308,0.6031,0.5568,0.30000000000000004,1,-61.32995
ATP500,12,289,60.9,64.36,0.325,0.2108,2.4645,0.6052,0.6199,0.5817,0.30000000000000004,1,-61.32995
Masters1000,8,479,64.93,68.27,0.3035,0.204,2.6418,0.5914,0.6482,0.5918,0.30000000000000004,1,-61.32995
Grandslams,4,327,73.39,79.2,0.2266,0.1523,1.7875,0.4707,0.7303,0.67,0.30000000000000004,1,-61.32995
All_2024_R1,65,1680,63.99,68.15,0.3097,0.2011,2.8402,0.5849,0.6429,0.5935,0.30000000000000004,1.5,-60.750825
ATP250,39,524,60.5,63.55,0.3341,0.2204,2.4821,0.6308,0.605,0.5568,0.30000000000000004,1.5,-60.750825
ATP500,12,289,60.9,64.36,0.3327,0.2108,3.1423,0.6052,0.6203,0.5817,0.30000000000000004,1.5,-60.750825
Masters1000,8,479,64.93,68.27,0.3102,0.204,3.2366,0.5914,0.6493,0.5918,0.30000000000000004,1.5,-60.750825
Grandslams,4,327,73.39,79.2,0.232,0.1523,2.2293,0.4707,0.7319,0.67,0.30000000000000004,1.5,-60.750825
All_2024_R1,65,1680,63.99,68.15,0.3112,0.2011,2.9874,0.5849,0.6433,0.5935,0.30000000000000004,2,-60.602225000000004
ATP250,39,524,60.5,63.55,0.3362,0.2204,2.6093,0.6308,0.6052,0.5568,0.30000000000000004,2,-60.602225000000004
ATP500,12,289,60.9,64.36,0.3338,0.2108,3.249,0.6052,0.6205,0.5817,0.30000000000000004,2,-60.602225000000004
Masters1000,8,479,64.93,68.27,0.3113,0.204,3.3899,0.5914,0.6498,0.5918,0.30000000000000004,2,-60.602225000000004
Grandslams,4,327,73.39,79.2,0.2334,0.1523,2.442,0.4707,0.7326,0.67,0.30000000000000004,2,-60.602225000000004
All_2024_R1,65,1680,63.99,68.15,0.3112,0.2011,2.9874,0.5849,0.6433,0.5935,0.30000000000000004,2.5,-60.602225000000004
ATP250,39,524,60.5,63.55,0.3362,0.2204,2.6093,0.6308,0.6052,0.5568,0.30000000000000004,2.5,-60.602225000000004
ATP500,12,289,60.9,64.36,0.3338,0.2108,3.249,0.6052,0.6205,0.5817,0.30000000000000004,2.5,-60.602225000000004
Masters1000,8,479,64.93,68.27,0.3113,0.204,3.3899,0.5914,0.6498,0.5918,0.30000000000000004,2.5,-60.602225000000004
Grandslams,4,327,73.39,79.2,0.2334,0.1523,2.442,0.4707,0.7326,0.67,0.30000000000000004,2.5,-60.602225000000004
All_2024_R1,65,1680,63.99,68.15,0.3112,0.2011,2.9874,0.5849,0.6433,0.5935,0.30000000000000004,3,-60.602225000000004
ATP250,39,524,60.5,63.55,0.3362,0.2204,2.6093,0.6308,0.6052,0.5568,0.30000000000000004,3,-60.602225000000004
ATP500,12,289,60.9,64.36,0.3338,0.2108,3.249,0.6052,0.6205,0.5817,0.30000000000000004,3,-60.602225000000004
Masters1000,8,479,64.93,68.27,0.3113,0.204,3.3899,0.5914,0.6498,0.5918,0.30000000000000004,3,-60.602225000000004
Grandslams,4,327,73.39,79.2,0.2334,0.1523,2.442,0.4707,0.7326,0.67,0.30000000000000004,3,-60.602225000000004
All_2024_R1,65,1680,63.99,68.15,0.3112,0.2011,2.9874,0.5849,0.6433,0.5935,0.30000000000000004,3.5,-60.602225000000004
ATP250,39,524,60.5,63.55,0.3362,0.2204,2.6093,0.6308,0.6052,0.5568,0.30000000000000004,3.5,-60.602225000000004
ATP500,12,289,60.9,64.36,0.3338,0.2108,3.249,0.6052,0.6205,0.5817,0.30000000000000004,3.5,-60.602225000000004
Masters1000,8,479,64.93,68.27,0.3113,0.204,3.3899,0.5914,0.6498,0.5918,0.30000000000000004,3.5,-60.602225000000004
Grandslams,4,327,73.39,79.2,0.2334,0.1523,2.442,0.4707,0.7326,0.67,0.30000000000000004,3.5,-60.602225000000004
All_2024_R1,65,1680,63.99,68.15,0.3112,0.2011,2.9874,0.5849,0.6433,0.5935,0.30000000000000004,4,-60.602225000000004
ATP250,39,524,60.5,63.55,0.3362,0.2204,2.6093,0.6308,0.6052,0.5568,0.30000000000000004,4,-60.602225000000004
ATP500,12,289,60.9,64.36,0.3338,0.2108,3.249,0.6052,0.6205,0.5817,0.30000000000000004,4,-60.602225000000004
Masters1000,8,479,64.93,68.27,0.3113,0.204,3.3899,0.5914,0.6498,0.5918,0.30000000000000004,4,-60.602225000000004
Grandslams,4,327,73.39,79.2,0.2334,0.1523,2.442,0.4707,0.7326,0.67,0.30000000000000004,4,-60.602225000000004
All_2024_R1,65,1680,63.99,68.15,0.3112,0.2011,2.9874,0.5849,0.6433,0.5935,0.30000000000000004,4.5,-60.602225000000004
ATP250,39,524,60.5,63.55,0.3362,0.2204,2.6093,0.6308,0.6052,0.5568,0.30000000000000004,4.5,-60.602225000000004
ATP500,12,289,60.9,64.36,0.3338,0.2108,3.249,0.6052,0.6205,0.5817,0.30000000000000004,4.5,-60.602225000000004
Masters1000,8,479,64.93,68.27,0.3113,0.204,3.3899,0.5914,0.6498,0.5918,0.30000000000000004,4.5,-60.602225000000004
Grandslams,4,327,73.39,79.2,0.2334,0.1523,2.442,0.4707,0.7326,0.67,0.30000000000000004,4.5,-60.602225000000004
All_2024_R1,65,1680,63.99,68.15,0.3112,0.2011,2.9874,0.5849,0.6433,0.5935,0.30000000000000004,5,-60.602225000000004
ATP250,39,524,60.5,63.55,0.3362,0.2204,2.6093,0.6308,0.6052,0.5568,0.30000000000000004,5,-60.602225000000004
ATP500,12,289,60.9,64.36,0.3338,0.2108,3.249,0.6052,0.6205,0.5817,0.30000000000000004,5,-60.602225000000004
Masters1000,8,479,64.93,68.27,0.3113,0.204,3.3899,0.5914,0.6498,0.5918,0.30000000000000004,5,-60.602225000000004
Grandslams,4,327,73.39,79.2,0.2334,0.1523,2.442,0.4707,0.7326,0.67,0.30000000000000004,5,-60.602225000000004
All_2024_R1,65,1680,63.99,68.15,0.3112,0.2011,2.9874,0.5849,0.6433,0.5935,0.30000000000000004,5.5,-60.602225000000004
ATP250,39,524,60.5,63.55,0.3362,0.2204,2.6093,0.6308,0.6052,0.5568,0.30000000000000004,5.5,-60.602225000000004
ATP500,12,289,60.9,64.36,0.3338,0.2108,3.249,0.6052,0.6205,0.5817,0.30000000000000004,5.5,-60.602225000000004
Masters1000,8,479,64.93,68.27,0.3113,0.204,3.3899,0.5914,0.6498,0.5918,0.30000000000000004,5.5,-60.602225000000004
Grandslams,4,327,73.39,79.2,0.2334,0.1523,2.442,0.4707,0.7326,0.67,0.30000000000000004,5.5,-60.602225000000004
All_2024_R1,65,1680,63.99,68.15,0.3112,0.2011,2.9874,0.5849,0.6433,0.5935,0.30000000000000004,6,-60.602225000000004
ATP250,39,524,60.5,63.55,0.3362,0.2204,2.6093,0.6308,0.6052,0.5568,0.30000000000000004,6,-60.602225000000004
ATP500,12,289,60.9,64.36,0.3338,0.2108,3.249,0.6052,0.6205,0.5817,0.30000000000000004,6,-60.602225000000004
Masters1000,8,479,64.93,68.27,0.3113,0.204,3.3899,0.5914,0.6498,0.5918,0.30000000000000004,6,-60.602225000000004
Grandslams,4,327,73.39,79.2,0.2334,0.1523,2.442,0.4707,0.7326,0.67,0.30000000000000004,6,-60.602225000000004
All_2024_R1,65,1680,63.99,68.15,0.3021,0.2011,2.2684,0.5849,0.6418,0.5935,0.35000000000000003,1,-61.32995
ATP250,39,524,60.5,63.55,0.325,0.2204,1.9653,0.6308,0.6031,0.5568,0.35000000000000003,1,-61.32995
ATP500,12,289,60.9,64.36,0.325,0.2108,2.4645,0.6052,0.6199,0.5817,0.35000000000000003,1,-61.32995
Masters1000,8,479,64.93,68.27,0.3035,0.204,2.6418,0.5914,0.6482,0.5918,0.35000000000000003,1,-61.32995
Grandslams,4,327,73.39,79.2,0.2266,0.1523,1.7875,0.4707,0.7303,0.67,0.35000000000000003,1,-61.32995
All_2024_R1,65,1680,63.99,68.15,0.3099,0.2011,2.8572,0.5849,0.6429,0.5935,0.35000000000000003,1.5,-60.733625
ATP250,39,524,60.5,63.55,0.3342,0.2204,2.4985,0.6308,0.605,0.5568,0.35000000000000003,1.5,-60.733625
ATP500,12,289,60.9,64.36,0.333,0.2108,3.1665,0.6052,0.6203,0.5817,0.35000000000000003,1.5,-60.733625
Masters1000,8,479,64.93,68.27,0.3104,0.204,3.2556,0.5914,0.6493,0.5918,0.35000000000000003,1.5,-60.733625
Grandslams,4,327,73.39,79.2,0.2322,0.1523,2.2376,0.4707,0.7319,0.67,0.35000000000000003,1.5,-60.733625
All_2024_R1,65,1680,63.99,68.15,0.3122,0.2011,3.0924,0.5849,0.6434,0.5935,0.35000000000000003,2,-60.49625000000001
ATP250,39,524,60.5,63.55,0.3374,0.2204,2.7079,0.6308,0.6054,0.5568,0.35000000000000003,2,-60.49625000000001
ATP500,12,289,60.9,64.36,0.3349,0.2108,3.3735,0.6052,0.6206,0.5817,0.35000000000000003,2,-60.49625000000001
Masters1000,8,479,64.93,68.27,0.3122,0.204,3.4959,0.5914,0.6499,0.5918,0.35000000000000003,2,-60.49625000000001
Grandslams,4,327,73.39,79.2,0.2341,0.1523,2.531,0.4707,0.7328,0.67,0.35000000000000003,2,-60.49625000000001
All_2024_R1,65,1680,63.99,68.15,0.3123,0.2011,3.0961,0.5849,0.6434,0.5935,0.35000000000000003,2.5,-60.492450000000005
ATP250,39,524,60.5,63.55,0.3375,0.2204,2.7113,0.6308,0.6054,0.5568,0.35000000000000003,2.5,-60.492450000000005
ATP500,12,289,60.9,64.36,0.3349,0.2108,3.3735,0.6052,0.6206,0.5817,0.35000000000000003,2.5,-60.492450000000005
Masters1000,8,479,64.93,68.27,0.3122,0.204,3.4974,0.5914,0.6499,0.5918,0.35000000000000003,2.5,-60.492450000000005
Grandslams,4,327,73.39,79.2,0.2342,0.1523,2.5423,0.4707,0.7328,0.67,0.35000000000000003,2.5,-60.492450000000005
All_2024_R1,65,1680,63.99,68.15,0.3123,0.2011,3.0961,0.5849,0.6434,0.5935,0.35000000000000003,3,-60.492450000000005
ATP250,39,524,60.5,63.55,0.3375,0.2204,2.7113,0.6308,0.6054,0.5568,0.35000000000000003,3,-60.492450000000005
ATP500,12,289,60.9,64.36,0.3349,0.2108,3.3735,0.6052,0.6206,0.5817,0.35000000000000003,3,-60.492450000000005
Masters1000,8,479,64.93,68.27,0.3122,0.204,3.4974,0.5914,0.6499,0.5918,0.35000000000000003,3,-60.492450000000005
Grandslams,4,327,73.39,79.2,0.2342,0.1523,2.5423,0.4707,0.7328,0.67,0.35000000000000003,3,-60.492450000000005
All_2024_R1,65,1680,63.99,68.15,0.3123,0.2011,3.0961,0.5849,0.6434,0.5935,0.35000000000000003,3.5,-60.492450000000005
ATP250,39,524,60.5,63.55,0.3375,0.2204,2.7113,0.6308,0.6054,0.5568,0.35000000000000003,3.5,-60.492450000000005
ATP500,12,289,60.9,64.36,0.3349,0.2108,3.3735,0.6052,0.6206,0.5817,0.35000000000000003,3.5,-60.492450000000005
Masters1000,8,479,64.93,68.27,0.3122,0.204,3.4974,0.5914,0.6499,0.5918,0.35000000000000003,3.5,-60.492450000000005
Grandslams,4,327,73.39,79.2,0.2342,0.1523,2.5423,0.4707,0.7328,0.67,0.35000000000000003,3.5,-60.492450000000005
All_2024_R1,65,1680,63.99,68.15,0.3123,0.2011,3.0961,0.5849,0.6434,0.5935,0.35000000000000003,4,-60.492450000000005
ATP250,39,524,60.5,63.55,0.3375,0.2204,2.7113,0.6308,0.6054,0.5568,0.35000000000000003,4,-60.492450000000005
ATP500,12,289,60.9,64.36,0.3349,0.2108,3.3735,0.6052,0.6206,0.5817,0.35000000000000003,4,-60.492450000000005
Masters1000,8,479,64.93,68.27,0.3122,0.204,3.4974,0.5914,0.6499,0.5918,0.35000000000000003,4,-60.492450000000005
Grandslams,4,327,73.39,79.2,0.2342,0.1523,2.5423,0.4707,0.7328,0.67,0.35000000000000003,4,-60.492450000000005
All_2024_R1,65,1680,63.99,68.15,0.3123,0.2011,3.0961,0.5849,0.6434,0.5935,0.35000000000000003,4.5,-60.492450000000005
ATP250,39,524,60.5,63.55,0.3375,0.2204,2.7113,0.6308,0.6054,0.5568,0.35000000000000003,4.5,-60.492450000000005
ATP500,12,289,60.9,64.36,0.3349,0.2108,3.3735,0.6052,0.6206,0.5817,0.35000000000000003,4.5,-60.492450000000005
Masters1000,8,479,64.93,68.27,0.3122,0.204,3.4974,0.5914,0.6499,0.5918,0.35000000000000003,4.5,-60.492450000000005
Grandslams,4,327,73.39,79.2,0.2342,0.1523,2.5423,0.4707,0.7328,0.67,0.35000000000000003,4.5,-60.492450000000005
All_2024_R1,65,1680,63.99,68.15,0.3123,0.2011,3.0961,0.5849,0.6434,0.5935,0.35000000000000003,5,-60.492450000000005
ATP250,39,524,60.5,63.55,0.3375,0.2204,2.7113,0.6308,0.6054,0.5568,0.35000000000000003,5,-60.492450000000005
ATP500,12,289,60.9,64.36,0.3349,0.2108,3.3735,0.6052,0.6206,0.5817,0.35000000000000003,5,-60.492450000000005
Masters1000,8,479,64.93,68.27,0.3122,0.204,3.4974,0.5914,0.6499,0.5918,0.35000000000000003,5,-60.492450000000005
Grandslams,4,327,73.39,79.2,0.2342,0.1523,2.5423,0.4707,0.7328,0.67,0.35000000000000003,5,-60.492450000000005
All_2024_R1,65,1680,63.99,68.15,0.3123,0.2011,3.0961,0.5849,0.6434,0.5935,0.35000000000000003,5.5,-60.492450000000005
ATP250,39,524,60.5,63.55,0.3375,0.2204,2.7113,0.6308,0.6054,0.5568,0.35000000000000003,5.5,-60.492450000000005
ATP500,12,289,60.9,64.36,0.3349,0.2108,3.3735,0.6052,0.6206,0.5817,0.35000000000000003,5.5,-60.492450000000005
Masters1000,8,479,64.93,68.27,0.3122,0.204,3.4974,0.5914,0.6499,0.5918,0.35000000000000003,5.5,-60.492450000000005
Grandslams,4,327,73.39,79.2,0.2342,0.1523,2.5423,0.4707,0.7328,0.67,0.35000000000000003,5.5,-60.492450000000005
All_2024_R1,65,1680,63.99,68.15,0.3123,0.2011,3.0961,0.5849,0.6434,0.5935,0.35000000000000003,6,-60.492450000000005
ATP250,39,524,60.5,63.55,0.3375,0.2204,2.7113,0.6308,0.6054,0.5568,0.35000000000000003,6,-60.492450000000005
ATP500,12,289,60.9,64.36,0.3349,0.2108,3.3735,0.6052,0.6206,0.5817,0.35000000000000003,6,-60.492450000000005
Masters1000,8,479,64.93,68.27,0.3122,0.204,3.4974,0.5914,0.6499,0.5918,0.35000000000000003,6,-60.492450000000005
Grandslams,4,327,73.39,79.2,0.2342,0.1523,2.5423,0.4707,0.7328,0.67,0.35000000000000003,6,-60.492450000000005
All_2024_R1,65,1680,63.99,68.15,0.3021,0.2011,2.2684,0.5849,0.6418,0.5935,0.4,1,-61.32995
ATP250,39,524,60.5,63.55,0.325,0.2204,1.9653,0.6308,0.6031,0.5568,0.4,1,-61.32995
ATP500,12,289,60.9,64.36,0.325,0.2108,2.4645,0.6052,0.6199,0.5817,0.4,1,-61.32995
Masters1000,8,479,64.93,68.27,0.3035,0.204,2.6418,0.5914,0.6482,0.5918,0.4,1,-61.32995
Grandslams,4,327,73.39,79.2,0.2266,0.1523,1.7875,0.4707,0.7303,0.67,0.4,1,-61.32995
All_2024_R1,65,1680,63.99,68.15,0.3099,0.2011,2.8639,0.5849,0.6429,0.5935,0.4,1.5,-60.726925
ATP250,39,524,60.5,63.55,0.3342,0.2204,2.5047,0.6308,0.605,0.5568,0.4,1.5,-60.726925
ATP500,12,289,60.9,64.36,0.333,0.2108,3.1761,0.6052,0.6203,0.5817,0.4,1.5,-60.726925
Masters1000,8,479,64.93,68.27,0.3104,0.204,3.2622,0.5914,0.6493,0.5918,0.4,1.5,-60.726925
Grandslams,4,327,73.39,79.2,0.2322,0.1523,2.2402,0.4707,0.7319,0.67,0.4,1.5,-60.726925
All_2024_R1,65,1680,63.99,68.15,0.313,0.2011,3.1766,0.5849,0.6435,0.5935,0.4,2,-60.411274999999996
ATP250,39,524,60.5,63.55,0.3384,0.2204,2.7962,0.6308,0.6056,0.5568,0.4,2,-60.411274999999996
ATP500,12,289,60.9,64.36,0.3358,0.2108,3.4826,0.6052,0.6206,0.5817,0.4,2,-60.411274999999996
Masters1000,8,479,64.93,68.27,0.3129,0.204,3.5775,0.5914,0.65,0.5918,0.4,2,-60.411274999999996
Grandslams,4,327,73.39,79.2,0.2346,0.1523,2.5836,0.4707,0.7327,0.67,0.4,2,-60.411274999999996
All_2024_R1,65,1680,63.99,68.15,0.3132,0.2011,3.1992,0.5849,0.6435,0.5935,0.4,2.5,-60.388475
ATP250,39,524,60.5,63.55,0.3387,0.2204,2.8115,0.6308,0.6055,0.5568,0.4,2.5,-60.388475
ATP500,12,289,60.9,64.36,0.3359,0.2108,3.4922,0.6052,0.6206,0.5817,0.4,2.5,-60.388475
Masters1000,8,479,64.93,68.27,0.3131,0.204,3.5979,0.5914,0.65,0.5918,0.4,2.5,-60.388475
Grandslams,4,327,73.39,79.2,0.2349,0.1523,2.6336,0.4707,0.7329,0.67,0.4,2.5,-60.388475
All_2024_R1,65,1680,63.99,68.15,0.3132,0.2011,3.1992,0.5849,0.6435,0.5935,0.4,3,-60.388475
ATP250,39,524,60.5,63.55,0.3387,0.2204,2.8115,0.6308,0.6055,0.5568,0.4,3,-60.388475
ATP500,12,289,60.9,64.36,0.3359,0.2108,3.4922,0.6052,0.6206,0.5817,0.4,3,-60.388475
Masters1000,8,479,64.93,68.27,0.3131,0.204,3.5979,0.5914,0.65,0.5918,0.4,3,-60.388475
Grandslams,4,327,73.39,79.2,0.2349,0.1523,2.6336,0.4707,0.7329,0.67,0.4,3,-60.388475
All_2024_R1,65,1680,63.99,68.15,0.3132,0.2011,3.1992,0.5849,0.6435,0.5935,0.4,3.5,-60.388475
ATP250,39,524,60.5,63.55,0.3387,0.2204,2.8115,0.6308,0.6055,0.5568,0.4,3.5,-60.388475
ATP500,12,289,60.9,64.36,0.3359,0.2108,3.4922,0.6052,0.6206,0.5817,0.4,3.5,-60.388475
Masters1000,8,479,64.93,68.27,0.3131,0.204,3.5979,0.5914,0.65,0.5918,0.4,3.5,-60.388475
Grandslams,4,327,73.39,79.2,0.2349,0.1523,2.6336,0.4707,0.7329,0.67,0.4,3.5,-60.388475
All_2024_R1,65,1680,63.99,68.15,0.3132,0.2011,3.1992,0.5849,0.6435,0.5935,0.4,4,-60.388475
ATP250,39,524,60.5,63.55,0.3387,0.2204,2.8115,0.6308,0.6055,0.5568,0.4,4,-60.388475
ATP500,12,289,60.9,64.36,0.3359,0.2108,3.4922,0.6052,0.6206,0.5817,0.4,4,-60.388475
Masters1000,8,479,64.93,68.27,0.3131,0.204,3.5979,0.5914,0.65,0.5918,0.4,4,-60.388475
Grandslams,4,327,73.39,79.2,0.2349,0.1523,2.6336,0.4707,0.7329,0.67,0.4,4,-60.388475
All_2024_R1,65,1680,63.99,68.15,0.3132,0.2011,3.1992,0.5849,0.6435,0.5935,0.4,4.5,-60.388475
ATP250,39,524,60.5,63.55,0.3387,0.2204,2.8115,0.6308,0.6055,0.5568,0.4,4.5,-60.388475
ATP500,12,289,60.9,64.36,0.3359,0.2108,3.4922,0.6052,0.6206,0.5817,0.4,4.5,-60.388475
Masters1000,8,479,64.93,68.27,0.3131,0.204,3.5979,0.5914,0.65,0.5918,0.4,4.5,-60.388475
Grandslams,4,327,73.39,79.2,0.2349,0.1523,2.6336,0.4707,0.7329,0.67,0.4,4.5,-60.388475
All_2024_R1,65,1680,63.99,68.15,0.3132,0.2011,3.1992,0.5849,0.6435,0.5935,0.4,5,-60.388475
ATP250,39,524,60.5,63.55,0.3387,0.2204,2.8115,0.6308,0.6055,0.5568,0.4,5,-60.388475
ATP500,12,289,60.9,64.36,0.3359,0.2108,3.4922,0.6052,0.6206,0.5817,0.4,5,-60.388475
Masters1000,8,479,64.93,68.27,0.3131,0.204,3.5979,0.5914,0.65,0.5918,0.4,5,-60.388475
Grandslams,4,327,73.39,79.2,0.2349,0.1523,2.6336,0.4707,0.7329,0.67,0.4,5,-60.388475
All_2024_R1,65,1680,63.99,68.15,0.3132,0.2011,3.1992,0.5849,0.6435,0.5935,0.4,5.5,-60.388475
ATP250,39,524,60.5,63.55,0.3387,0.2204,2.8115,0.6308,0.6055,0.5568,0.4,5.5,-60.388475
ATP500,12,289,60.9,64.36,0.3359,0.2108,3.4922,0.6052,0.6206,0.5817,0.4,5.5,-60.388475
Masters1000,8,479,64.93,68.27,0.3131,0.204,3.5979,0.5914,0.65,0.5918,0.4,5.5,-60.388475
Grandslams,4,327,73.39,79.2,0.2349,0.1523,2.6336,0.4707,0.7329,0.67,0.4,5.5,-60.388475
All_2024_R1,65,1680,63.99,68.15,0.3132,0.2011,3.1992,0.5849,0.6435,0.5935,0.4,6,-60.388475
ATP250,39,524,60.5,63.55,0.3387,0.2204,2.8115,0.6308,0.6055,0.5568,0.4,6,-60.388475
ATP500,12,289,60.9,64.36,0.3359,0.2108,3.4922,0.6052,0.6206,0.5817,0.4,6,-60.388475
Masters1000,8,479,64.93,68.27,0.3131,0.204,3.5979,0.5914,0.65,0.5918,0.4,6,-60.388475
Grandslams,4,327,73.39,79.2,0.2349,0.1523,2.6336,0.4707,0.7329,0.67,0.4,6,-60.388475
All_2024_R1,65,1680,63.99,68.15,0.3021,0.2011,2.2684,0.5849,0.6418,0.5935,0.45,1,-61.32995
ATP250,39,524,60.5,63.55,0.325,0.2204,1.9653,0.6308,0.6031,0.5568,0.45,1,-61.32995
ATP500,12,289,60.9,64.36,0.325,0.2108,2.4645,0.6052,0.6199,0.5817,0.45,1,-61.32995
Masters1000,8,479,64.93,68.27,0.3035,0.204,2.6418,0.5914,0.6482,0.5918,0.45,1,-61.32995
Grandslams,4,327,73.39,79.2,0.2266,0.1523,1.7875,0.4707,0.7303,0.67,0.45,1,-61.32995
All_2024_R1,65,1680,63.99,68.15,0.3099,0.2011,2.8698,0.5849,0.6429,0.5935,0.45,1.5,-60.721025000000004
ATP250,39,524,60.5,63.55,0.3343,0.2204,2.5102,0.6308,0.6051,0.5568,0.45,1.5,-60.721025000000004
ATP500,12,289,60.9,64.36,0.333,0.2108,3.1846,0.6052,0.6203,0.5817,0.45,1.5,-60.721025000000004
Masters1000,8,479,64.93,68.27,0.3104,0.204,3.2679,0.5914,0.6493,0.5918,0.45,1.5,-60.721025000000004
Grandslams,4,327,73.39,79.2,0.2323,0.1523,2.2424,0.4707,0.7318,0.67,0.45,1.5,-60.721025000000004
All_2024_R1,65,1680,63.99,68.15,0.3136,0.2011,3.24,0.5849,0.6435,0.5935,0.45,2,-60.347274999999996
ATP250,39,524,60.5,63.55,0.339,0.2204,2.8679,0.6308,0.6057,0.5568,0.45,2,-60.347274999999996
ATP500,12,289,60.9,64.36,0.3365,0.2108,3.5675,0.6052,0.6206,0.5817,0.45,2,-60.347274999999996
Masters1000,8,479,64.93,68.27,0.3135,0.204,3.6364,0.5914,0.6499,0.5918,0.45,2,-60.347274999999996
Grandslams,4,327,73.39,79.2,0.235,0.1523,2.6116,0.4707,0.7327,0.67,0.45,2,-60.347274999999996
All_2024_R1,65,1680,63.99,68.15,0.3141,0.2011,3.2964,0.5849,0.6436,0.5935,0.45,2.5,-60.2904
ATP250,39,524,60.5,63.55,0.3398,0.2204,2.9115,0.6308,0.6057,0.5568,0.45,2.5,-60.2904
ATP500,12,289,60.9,64.36,0.3369,0.2108,3.5998,0.6052,0.6205,0.5817,0.45,2.5,-60.2904
Masters1000,8,479,64.93,68.27,0.3138,0.204,3.6968,0.5914,0.6501,0.5918,0.45,2.5,-60.2904
Grandslams,4,327,73.39,79.2,0.2355,0.1523,2.7076,0.4707,0.7331,0.67,0.45,2.5,-60.2904
All_2024_R1,65,1680,63.99,68.15,0.3141,0.2011,3.2964,0.5849,0.6436,0.5935,0.45,3,-60.2904
ATP250,39,524,60.5,63.55,0.3398,0.2204,2.9115,0.6308,0.6057,0.5568,0.45,3,-60.2904
ATP500,12,289,60.9,64.36,0.3369,0.2108,3.5998,0.6052,0.6205,0.5817,0.45,3,-60.2904
Masters1000,8,479,64.93,68.27,0.3138,0.204,3.6968,0.5914,0.6501,0.5918,0.45,3,-60.2904
Grandslams,4,327,73.39,79.2,0.2355,0.1523,2.7076,0.4707,0.7331,0.67,0.45,3,-60.2904
All_2024_R1,65,1680,63.99,68.15,0.3141,0.2011,3.2964,0.5849,0.6436,0.5935,0.45,3.5,-60.2904
ATP250,39,524,60.5,63.55,0.3398,0.2204,2.9115,0.6308,0.6057,0.5568,0.45,3.5,-60.2904
ATP500,12,289,60.9,64.36,0.3369,0.2108,3.5998,0.6052,0.6205,0.5817,0.45,3.5,-60.2904
Masters1000,8,479,64.93,68.27,0.3138,0.204,3.6968,0.5914,0.6501,0.5918,0.45,3.5,-60.2904
Grandslams,4,327,73.39,79.2,0.2355,0.1523,2.7076,0.4707,0.7331,0.67,0.45,3.5,-60.2904
All_2024_R1,65,1680,63.99,68.15,0.3141,0.2011,3.2964,0.5849,0.6436,0.5935,0.45,4,-60.2904
ATP250,39,524,60.5,63.55,0.3398,0.2204,2.9115,0.6308,0.6057,0.5568,0.45,4,-60.2904
ATP500,12,289,60.9,64.36,0.3369,0.2108,3.5998,0.6052,0.6205,0.5817,0.45,4,-60.2904
Masters1000,8,479,64.93,68.27,0.3138,0.204,3.6968,0.5914,0.6501,0.5918,0.45,4,-60.2904
Grandslams,4,327,73.39,79.2,0.2355,0.1523,2.7076,0.4707,0.7331,0.67,0.45,4,-60.2904
All_2024_R1,65,1680,63.99,68.15,0.3141,0.2011,3.2964,0.5849,0.6436,0.5935,0.45,4.5,-60.2904
ATP250,39,524,60.5,63.55,0.3398,0.2204,2.9115,0.6308,0.6057,0.5568,0.45,4.5,-60.2904
ATP500,12,289,60.9,64.36,0.3369,0.2108,3.5998,0.6052,0.6205,0.5817,0.45,4.5,-60.2904
Masters1000,8,479,64.93,68.27,0.3138,0.204,3.6968,0.5914,0.6501,0.5918,0.45,4.5,-60.2904
Grandslams,4,327,73.39,79.2,0.2355,0.1523,2.7076,0.4707,0.7331,0.67,0.45,4.5,-60.2904
All_2024_R1,65,1680,63.99,68.15,0.3141,0.2011,3.2964,0.5849,0.6436,0.5935,0.45,5,-60.2904
ATP250,39,524,60.5,63.55,0.3398,0.2204,2.9115,0.6308,0.6057,0.5568,0.45,5,-60.2904
ATP500,12,289,60.9,64.36,0.3369,0.2108,3.5998,0.6052,0.6205,0.5817,0.45,5,-60.2904
Masters1000,8,479,64.93,68.27,0.3138,0.204,3.6968,0.5914,0.6501,0.5918,0.45,5,-60.2904
Grandslams,4,327,73.39,79.2,0.2355,0.1523,2.7076,0.4707,0.7331,0.67,0.45,5,-60.2904
All_2024_R1,65,1680,63.99,68.15,0.3141,0.2011,3.2964,0.5849,0.6436,0.5935,0.45,5.5,-60.2904
ATP250,39,524,60.5,63.55,0.3398,0.2204,2.9115,0.6308,0.6057,0.5568,0.45,5.5,-60.2904
ATP500,12,289,60.9,64.36,0.3369,0.2108,3.5998,0.6052,0.6205,0.5817,0.45,5.5,-60.2904
Masters1000,8,479,64.93,68.27,0.3138,0.204,3.6968,0.5914,0.6501,0.5918,0.45,5.5,-60.2904
Grandslams,4,327,73.39,79.2,0.2355,0.1523,2.7076,0.4707,0.7331,0.67,0.45,5.5,-60.2904
All_2024_R1,65,1680,63.99,68.15,0.3141,0.2011,3.2964,0.5849,0.6436,0.5935,0.45,6,-60.2904
ATP250,39,524,60.5,63.55,0.3398,0.2204,2.9115,0.6308,0.6057,0.5568,0.45,6,-60.2904
ATP500,12,289,60.9,64.36,0.3369,0.2108,3.5998,0.6052,0.6205,0.5817,0.45,6,-60.2904
Masters1000,8,479,64.93,68.27,0.3138,0.204,3.6968,0.5914,0.6501,0.5918,0.45,6,-60.2904
Grandslams,4,327,73.39,79.2,0.2355,0.1523,2.7076,0.4707,0.7331,0.67,0.45,6,-60.2904
All_2024_R1,65,1680,63.99,68.15,0.3021,0.2011,2.2684,0.5849,0.6418,0.5935,0.5,1,-61.32995
ATP250,39,524,60.5,63.55,0.325,0.2204,1.9653,0.6308,0.6031,0.5568,0.5,1,-61.32995
ATP500,12,289,60.9,64.36,0.325,0.2108,2.4645,0.6052,0.6199,0.5817,0.5,1,-61.32995
Masters1000,8,479,64.93,68.27,0.3035,0.204,2.6418,0.5914,0.6482,0.5918,0.5,1,-61.32995
Grandslams,4,327,73.39,79.2,0.2266,0.1523,1.7875,0.4707,0.7303,0.67,0.5,1,-61.32995
All_2024_R1,65,1680,63.99,68.15,0.31,0.2011,2.8757,0.5849,0.6429,0.5935,0.5,1.5,-60.715025
ATP250,39,524,60.5,63.55,0.3343,0.2204,2.5157,0.6308,0.6051,0.5568,0.5,1.5,-60.715025
ATP500,12,289,60.9,64.36,0.333,0.2108,3.193,0.6052,0.6204,0.5817,0.5,1.5,-60.715025
Masters1000,8,479,64.93,68.27,0.3104,0.204,3.2737,0.5914,0.6493,0.5918,0.5,1.5,-60.715025
Grandslams,4,327,73.39,79.2,0.2324,0.1523,2.2447,0.4707,0.7318,0.67,0.5,1.5,-60.715025
All_2024_R1,65,1680,63.99,68.15,0.3141,0.2011,3.2889,0.5849,0.6434,0.5935,0.5,2,-60.297850000000004
ATP250,39,524,60.5,63.55,0.3395,0.2204,2.9188,0.6308,0.6058,0.5568,0.5,2,-60.297850000000004
ATP500,12,289,60.9,64.36,0.3372,0.2108,3.6414,0.6052,0.6205,0.5817,0.5,2,-60.297850000000004
Masters1000,8,479,64.93,68.27,0.314,0.204,3.6793,0.5914,0.6499,0.5918,0.5,2,-60.297850000000004
Grandslams,4,327,73.39,79.2,0.2352,0.1523,2.6351,0.4707,0.7327,0.67,0.5,2,-60.297850000000004
All_2024_R1,65,1680,63.99,68.15,0.3149,0.2011,3.3882,0.5849,0.6436,0.5935,0.5,2.5,-60.1978
ATP250,39,524,60.5,63.55,0.3408,0.2204,3.007,0.6308,0.6058,0.5568,0.5,2.5,-60.1978
ATP500,12,289,60.9,64.36,0.3378,0.2108,3.7042,0.6052,0.6205,0.5817,0.5,2.5,-60.1978
Masters1000,8,479,64.93,68.27,0.3145,0.204,3.7907,0.5914,0.6502,0.5918,0.5,2.5,-60.1978
Grandslams,4,327,73.39,79.2,0.2361,0.1523,2.7735,0.4707,0.7332,0.67,0.5,2.5,-60.1978
All_2024_R1,65,1680,63.99,68.15,0.315,0.2011,3.3907,0.5849,0.6436,0.5935,0.5,3,-60.1952
ATP250,39,524,60.5,63.55,0.3408,0.2204,3.0093,0.6308,0.6058,0.5568,0.5,3,-60.1952
ATP500,12,289,60.9,64.36,0.3378,0.2108,3.7042,0.6052,0.6205,0.5817,0.5,3,-60.1952
Masters1000,8,479,64.93,68.27,0.3145,0.204,3.7914,0.5914,0.6502,0.5918,0.5,3,-60.1952
Grandslams,4,327,73.39,79.2,0.2362,0.1523,2.7815,0.4707,0.7332,0.67,0.5,3,-60.1952
All_2024_R1,65,1680,63.99,68.15,0.315,0.2011,3.3907,0.5849,0.6436,0.5935,0.5,3.5,-60.1952
ATP250,39,524,60.5,63.55,0.3408,0.2204,3.0093,0.6308,0.6058,0.5568,0.5,3.5,-60.1952
ATP500,12,289,60.9,64.36,0.3378,0.2108,3.7042,0.6052,0.6205,0.5817,0.5,3.5,-60.1952
Masters1000,8,479,64.93,68.27,0.3145,0.204,3.7914,0.5914,0.6502,0.5918,0.5,3.5,-60.1952
Grandslams,4,327,73.39,79.2,0.2362,0.1523,2.7815,0.4707,0.7332,0.67,0.5,3.5,-60.1952
All_2024_R1,65,1680,63.99,68.15,0.315,0.2011,3.3907,0.5849,0.6436,0.5935,0.5,4,-60.1952
ATP250,39,524,60.5,63.55,0.3408,0.2204,3.0093,0.6308,0.6058,0.5568,0.5,4,-60.1952
ATP500,12,289,60.9,64.36,0.3378,0.2108,3.7042,0.6052,0.6205,0.5817,0.5,4,-60.1952
Masters1000,8,479,64.93,68.27,0.3145,0.204,3.7914,0.5914,0.6502,0.5918,0.5,4,-60.1952
Grandslams,4,327,73.39,79.2,0.2362,0.1523,2.7815,0.4707,0.7332,0.67,0.5,4,-60.1952
All_2024_R1,65,1680,63.99,68.15,0.315,0.2011,3.3907,0.5849,0.6436,0.5935,0.5,4.5,-60.1952
ATP250,39,524,60.5,63.55,0.3408,0.2204,3.0093,0.6308,0.6058,0.5568,0.5,4.5,-60.1952
ATP500,12,289,60.9,64.36,0.3378,0.2108,3.7042,0.6052,0.6205,0.5817,0.5,4.5,-60.1952
Masters1000,8,479,64.93,68.27,0.3145,0.204,3.7914,0.5914,0.6502,0.5918,0.5,4.5,-60.1952
Grandslams,4,327,73.39,79.2,0.2362,0.1523,2.7815,0.4707,0.7332,0.67,0.5,4.5,-60.1952
All_2024_R1,65,1680,63.99,68.15,0.315,0.2011,3.3907,0.5849,0.6436,0.5935,0.5,5,-60.1952
ATP250,39,524,60.5,63.55,0.3408,0.2204,3.0093,0.6308,0.6058,0.5568,0.5,5,-60.1952
ATP500,12,289,60.9,64.36,0.3378,0.2108,3.7042,0.6052,0.6205,0.5817,0.5,5,-60.1952
Masters1000,8,479,64.93,68.27,0.3145,0.204,3.7914,0.5914,0.6502,0.5918,0.5,5,-60.1952
Grandslams,4,327,73.39,79.2,0.2362,0.1523,2.7815,0.4707,0.7332,0.67,0.5,5,-60.1952
All_2024_R1,65,1680,63.99,68.15,0.315,0.2011,3.3907,0.5849,0.6436,0.5935,0.5,5.5,-60.1952
ATP250,39,524,60.5,63.55,0.3408,0.2204,3.0093,0.6308,0.6058,0.5568,0.5,5.5,-60.1952
ATP500,12,289,60.9,64.36,0.3378,0.2108,3.7042,0.6052,0.6205,0.5817,0.5,5.5,-60.1952
Masters1000,8,479,64.93,68.27,0.3145,0.204,3.7914,0.5914,0.6502,0.5918,0.5,5.5,-60.1952
Grandslams,4,327,73.39,79.2,0.2362,0.1523,2.7815,0.4707,0.7332,0.67,0.5,5.5,-60.1952
All_2024_R1,65,1680,63.99,68.15,0.315,0.2011,3.3907,0.5849,0.6436,0.5935,0.5,6,-60.1952
ATP250,39,524,60.5,63.55,0.3408,0.2204,3.0093,0.6308,0.6058,0.5568,0.5,6,-60.1952
ATP500,12,289,60.9,64.36,0.3378,0.2108,3.7042,0.6052,0.6205,0.5817,0.5,6,-60.1952
Masters1000,8,479,64.93,68.27,0.3145,0.204,3.7914,0.5914,0.6502,0.5918,0.5,6,-60.1952
Grandslams,4,327,73.39,79.2,0.2362,0.1523,2.7815,0.4707,0.7332,0.67,0.5,6,-60.1952
All_2024_R1,65,1680,63.99,68.15,0.3021,0.2011,2.2684,0.5849,0.6418,0.5935,0.55,1,-61.32995
ATP250,39,524,60.5,63.55,0.325,0.2204,1.9653,0.6308,0.6031,0.5568,0.55,1,-61.32995
ATP500,12,289,60.9,64.36,0.325,0.2108,2.4645,0.6052,0.6199,0.5817,0.55,1,-61.32995
Masters1000,8,479,64.93,68.27,0.3035,0.204,2.6418,0.5914,0.6482,0.5918,0.55,1,-61.32995
Grandslams,4,327,73.39,79.2,0.2266,0.1523,1.7875,0.4707,0.7303,0.67,0.55,1,-61.32995
All_2024_R1,65,1680,63.99,68.15,0.31,0.2011,2.8757,0.5849,0.6429,0.5935,0.55,1.5,-60.715025
ATP250,39,524,60.5,63.55,0.3343,0.2204,2.5157,0.6308,0.6051,0.5568,0.55,1.5,-60.715025
ATP500,12,289,60.9,64.36,0.333,0.2108,3.193,0.6052,0.6204,0.5817,0.55,1.5,-60.715025
Masters1000,8,479,64.93,68.27,0.3104,0.204,3.2737,0.5914,0.6493,0.5918,0.55,1.5,-60.715025
Grandslams,4,327,73.39,79.2,0.2324,0.1523,2.2447,0.4707,0.7318,0.67,0.55,1.5,-60.715025
All_2024_R1,65,1680,63.99,68.15,0.3144,0.2011,3.3193,0.5849,0.6434,0.5935,0.55,2,-60.26715000000001
ATP250,39,524,60.5,63.55,0.3397,0.2204,2.9505,0.6308,0.6058,0.5568,0.55,2,-60.26715000000001
ATP500,12,289,60.9,64.36,0.3376,0.2108,3.6919,0.6052,0.6204,0.5817,0.55,2,-60.26715000000001
Masters1000,8,479,64.93,68.27,0.3142,0.204,3.7035,0.5914,0.6498,0.5918,0.55,2,-60.26715000000001
Grandslams,4,327,73.39,79.2,0.2354,0.1523,2.6502,0.4707,0.7327,0.67,0.55,2,-60.26715000000001
All_2024_R1,65,1680,63.99,68.15,0.3157,0.2011,3.4712,0.5849,0.6437,0.5935,0.55,2.5,-60.114025
ATP250,39,524,60.5,63.55,0.3417,0.2204,3.0955,0.6308,0.6059,0.5568,0.55,2.5,-60.114025
ATP500,12,289,60.9,64.36,0.3386,0.2108,3.7977,0.6052,0.6205,0.5817,0.55,2.5,-60.114025
Masters1000,8,479,64.93,68.27,0.3151,0.204,3.8795,0.5914,0.6503,0.5918,0.55,2.5,-60.114025
Grandslams,4,327,73.39,79.2,0.2366,0.1523,2.8256,0.4707,0.7332,0.67,0.55,2.5,-60.114025
All_2024_R1,65,1680,63.99,68.15,0.3158,0.2011,3.4819,0.5849,0.6437,0.5935,0.55,3,-60.103224999999995
ATP250,39,524,60.5,63.55,0.3418,0.2204,3.1046,0.6308,0.6059,0.5568,0.55,3,-60.103224999999995
ATP500,12,289,60.9,64.36,0.3386,0.2108,3.798,0.6052,0.6205,0.5817,0.55,3,-60.103224999999995
Masters1000,8,479,64.93,68.27,0.3152,0.204,3.8858,0.5914,0.6503,0.5918,0.55,3,-60.103224999999995
Grandslams,4,327,73.39,79.2,0.2367,0.1523,2.8553,0.4707,0.7333,0.67,0.55,3,-60.103224999999995
All_2024_R1,65,1680,63.99,68.15,0.3158,0.2011,3.4819,0.5849,0.6437,0.5935,0.55,3.5,-60.103224999999995
ATP250,39,524,60.5,63.55,0.3418,0.2204,3.1046,0.6308,0.6059,0.5568,0.55,3.5,-60.103224999999995
ATP500,12,289,60.9,64.36,0.3386,0.2108,3.798,0.6052,0.6205,0.5817,0.55,3.5,-60.103224999999995
Masters1000,8,479,64.93,68.27,0.3152,0.204,3.8858,0.5914,0.6503,0.5918,0.55,3.5,-60.103224999999995
Grandslams,4,327,73.39,79.2,0.2367,0.1523,2.8553,0.4707,0.7333,0.67,0.55,3.5,-60.103224999999995
All_2024_R1,65,1680,63.99,68.15,0.3158,0.2011,3.4819,0.5849,0.6437,0.5935,0.55,4,-60.103224999999995
ATP250,39,524,60.5,63.55,0.3418,0.2204,3.1046,0.6308,0.6059,0.5568,0.55,4,-60.103224999999995
ATP500,12,289,60.9,64.36,0.3386,0.2108,3.798,0.6052,0.6205,0.5817,0.55,4,-60.103224999999995
Masters1000,8,479,64.93,68.27,0.3152,0.204,3.8858,0.5914,0.6503,0.5918,0.55,4,-60.103224999999995
Grandslams,4,327,73.39,79.2,0.2367,0.1523,2.8553,0.4707,0.7333,0.67,0.55,4,-60.103224999999995
All_2024_R1,65,1680,63.99,68.15,0.3158,0.2011,3.4819,0.5849,0.6437,0.5935,0.55,4.5,-60.103224999999995
ATP250,39,524,60.5,63.55,0.3418,0.2204,3.1046,0.6308,0.6059,0.5568,0.55,4.5,-60.103224999999995
ATP500,12,289,60.9,64.36,0.3386,0.2108,3.798,0.6052,0.6205,0.5817,0.55,4.5,-60.103224999999995
Masters1000,8,479,64.93,68.27,0.3152,0.204,3.8858,0.5914,0.6503,0.5918,0.55,4.5,-60.103224999999995
Grandslams,4,327,73.39,79.2,0.2367,0.1523,2.8553,0.4707,0.7333,0.67,0.55,4.5,-60.103224999999995
All_2024_R1,65,1680,63.99,68.15,0.3158,0.2011,3.4819,0.5849,0.6437,0.5935,0.55,5,-60.103224999999995
ATP250,39,524,60.5,63.55,0.3418,0.2204,3.1046,0.6308,0.6059,0.5568,0.55,5,-60.103224999999995
ATP500,12,289,60.9,64.36,0.3386,0.2108,3.798,0.6052,0.6205,0.5817,0.55,5,-60.103224999999995
Masters1000,8,479,64.93,68.27,0.3152,0.204,3.8858,0.5914,0.6503,0.5918,0.55,5,-60.103224999999995
Grandslams,4,327,73.39,79.2,0.2367,0.1523,2.8553,0.4707,0.7333,0.67,0.55,5,-60.103224999999995
All_2024_R1,65,1680,63.99,68.15,0.3158,0.2011,3.4819,0.5849,0.6437,0.5935,0.55,5.5,-60.103224999999995
ATP250,39,524,60.5,63.55,0.3418,0.2204,3.1046,0.6308,0.6059,0.5568,0.55,5.5,-60.103224999999995
ATP500,12,289,60.9,64.36,0.3386,0.2108,3.798,0.6052,0.6205,0.5817,0.55,5.5,-60.103224999999995
Masters1000,8,479,64.93,68.27,0.3152,0.204,3.8858,0.5914,0.6503,0.5918,0.55,5.5,-60.103224999999995
Grandslams,4,327,73.39,79.2,0.2367,0.1523,2.8553,0.4707,0.7333,0.67,0.55,5.5,-60.103224999999995
All_2024_R1,65,1680,63.99,68.15,0.3158,0.2011,3.4819,0.5849,0.6437,0.5935,0.55,6,-60.103224999999995
ATP250,39,524,60.5,63.55,0.3418,0.2204,3.1046,0.6308,0.6059,0.5568,0.55,6,-60.103224999999995
ATP500,12,289,60.9,64.36,0.3386,0.2108,3.798,0.6052,0.6205,0.5817,0.55,6,-60.103224999999995
Masters1000,8,479,64.93,68.27,0.3152,0.204,3.8858,0.5914,0.6503,0.5918,0.55,6,-60.103224999999995
Grandslams,4,327,73.39,79.2,0.2367,0.1523,2.8553,0.4707,0.7333,0.67,0.55,6,-60.103224999999995
All_2024_R1,65,1680,63.99,68.15,0.3021,0.2011,2.2684,0.5849,0.6418,0.5935,0.6000000000000001,1,-61.32995
ATP250,39,524,60.5,63.55,0.325,0.2204,1.9653,0.6308,0.6031,0.5568,0.6000000000000001,1,-61.32995
ATP500,12,289,60.9,64.36,0.325,0.2108,2.4645,0.6052,0.6199,0.5817,0.6000000000000001,1,-61.32995
Masters1000,8,479,64.93,68.27,0.3035,0.204,2.6418,0.5914,0.6482,0.5918,0.6000000000000001,1,-61.32995
Grandslams,4,327,73.39,79.2,0.2266,0.1523,1.7875,0.4707,0.7303,0.67,0.6000000000000001,1,-61.32995
All_2024_R1,65,1680,63.99,68.15,0.31,0.2011,2.8757,0.5849,0.6429,0.5935,0.6000000000000001,1.5,-60.715025
ATP250,39,524,60.5,63.55,0.3343,0.2204,2.5157,0.6308,0.6051,0.5568,0.6000000000000001,1.5,-60.715025
ATP500,12,289,60.9,64.36,0.333,0.2108,3.193,0.6052,0.6204,0.5817,0.6000000000000001,1.5,-60.715025
Masters1000,8,479,64.93,68.27,0.3104,0.204,3.2737,0.5914,0.6493,0.5918,0.6000000000000001,1.5,-60.715025
Grandslams,4,327,73.39,79.2,0.2324,0.1523,2.2447,0.4707,0.7318,0.67,0.6000000000000001,1.5,-60.715025
All_2024_R1,65,1680,63.99,68.15,0.3145,0.2011,3.3433,0.5849,0.6434,0.5935,0.6000000000000001,2,-60.243050000000004
ATP250,39,524,60.5,63.55,0.3399,0.2204,2.9751,0.6308,0.6059,0.5568,0.6000000000000001,2,-60.243050000000004
ATP500,12,289,60.9,64.36,0.3379,0.2108,3.7303,0.6052,0.6203,0.5817,0.6000000000000001,2,-60.243050000000004
Masters1000,8,479,64.93,68.27,0.3144,0.204,3.7247,0.5914,0.6498,0.5918,0.6000000000000001,2,-60.243050000000004
Grandslams,4,327,73.39,79.2,0.2355,0.1523,2.6622,0.4707,0.7326,0.67,0.6000000000000001,2,-60.243050000000004
All_2024_R1,65,1680,63.99,68.15,0.3163,0.2011,3.5427,0.5849,0.6437,0.5935,0.6000000000000001,2.5,-60.041925
ATP250,39,524,60.5,63.55,0.3424,0.2204,3.1751,0.6308,0.606,0.5568,0.6000000000000001,2.5,-60.041925
ATP500,12,289,60.9,64.36,0.3393,0.2108,3.8843,0.6052,0.6205,0.5817,0.6000000000000001,2.5,-60.041925
Masters1000,8,479,64.93,68.27,0.3156,0.204,3.9527,0.5914,0.6504,0.5918,0.6000000000000001,2.5,-60.041925
Grandslams,4,327,73.39,79.2,0.237,0.1523,2.8641,0.4707,0.7332,0.67,0.6000000000000001,2.5,-60.041925
All_2024_R1,65,1680,63.99,68.15,0.3165,0.2011,3.5698,0.5849,0.6437,0.5935,0.6000000000000001,3,-60.014625
ATP250,39,524,60.5,63.55,0.3427,0.2204,3.1977,0.6308,0.606,0.5568,0.6000000000000001,3,-60.014625
ATP500,12,289,60.9,64.36,0.3394,0.2108,3.8855,0.6052,0.6205,0.5817,0.6000000000000001,3,-60.014625
Masters1000,8,479,64.93,68.27,0.3158,0.204,3.9754,0.5914,0.6504,0.5918,0.6000000000000001,3,-60.014625
Grandslams,4,327,73.39,79.2,0.2373,0.1523,2.929,0.4707,0.7334,0.67,0.6000000000000001,3,-60.014625
All_2024_R1,65,1680,63.99,68.15,0.3165,0.2011,3.5698,0.5849,0.6437,0.5935,0.6000000000000001,3.5,-60.014625
ATP250,39,524,60.5,63.55,0.3427,0.2204,3.1977,0.6308,0.606,0.5568,0.6000000000000001,3.5,-60.014625
ATP500,12,289,60.9,64.36,0.3394,0.2108,3.8855,0.6052,0.6205,0.5817,0.6000000000000001,3.5,-60.014625
Masters1000,8,479,64.93,68.27,0.3158,0.204,3.9754,0.5914,0.6504,0.5918,0.6000000000000001,3.5,-60.014625
Grandslams,4,327,73.39,79.2,0.2373,0.1523,2.929,0.4707,0.7334,0.67,0.6000000000000001,3.5,-60.014625
All_2024_R1,65,1680,63.99,68.15,0.3165,0.2011,3.5698,0.5849,0.6437,0.5935,0.6000000000000001,4,-60.014625
ATP250,39,524,60.5,63.55,0.3427,0.2204,3.1977,0.6308,0.606,0.5568,0.6000000000000001,4,-60.014625
ATP500,12,289,60.9,64.36,0.3394,0.2108,3.8855,0.6052,0.6205,0.5817,0.6000000000000001,4,-60.014625
Masters1000,8,479,64.93,68.27,0.3158,0.204,3.9754,0.5914,0.6504,0.5918,0.6000000000000001,4,-60.014625
Grandslams,4,327,73.39,79.2,0.2373,0.1523,2.929,0.4707,0.7334,0.67,0.6000000000000001,4,-60.014625
All_2024_R1,65,1680,63.99,68.15,0.3165,0.2011,3.5698,0.5849,0.6437,0.5935,0.6000000000000001,4.5,-60.014625
ATP250,39,524,60.5,63.55,0.3427,0.2204,3.1977,0.6308,0.606,0.5568,0.6000000000000001,4.5,-60.014625
ATP500,12,289,60.9,64.36,0.3394,0.2108,3.8855,0.6052,0.6205,0.5817,0.6000000000000001,4.5,-60.014625
Masters1000,8,479,64.93,68.27,0.3158,0.204,3.9754,0.5914,0.6504,0.5918,0.6000000000000001,4.5,-60.014625
Grandslams,4,327,73.39,79.2,0.2373,0.1523,2.929,0.4707,0.7334,0.67,0.6000000000000001,4.5,-60.014625
All_2024_R1,65,1680,63.99,68.15,0.3165,0.2011,3.5698,0.5849,0.6437,0.5935,0.6000000000000001,5,-60.014625
ATP250,39,524,60.5,63.55,0.3427,0.2204,3.1977,0.6308,0.606,0.5568,0.6000000000000001,5,-60.014625
ATP500,12,289,60.9,64.36,0.3394,0.2108,3.8855,0.6052,0.6205,0.5817,0.6000000000000001,5,-60.014625
Masters1000,8,479,64.93,68.27,0.3158,0.204,3.9754,0.5914,0.6504,0.5918,0.6000000000000001,5,-60.014625
Grandslams,4,327,73.39,79.2,0.2373,0.1523,2.929,0.4707,0.7334,0.67,0.6000000000000001,5,-60.014625
All_2024_R1,65,1680,63.99,68.15,0.3165,0.2011,3.5698,0.5849,0.6437,0.5935,0.6000000000000001,5.5,-60.014625
ATP250,39,524,60.5,63.55,0.3427,0.2204,3.1977,0.6308,0.606,0.5568,0.6000000000000001,5.5,-60.014625
ATP500,12,289,60.9,64.36,0.3394,0.2108,3.8855,0.6052,0.6205,0.5817,0.6000000000000001,5.5,-60.014625
Masters1000,8,479,64.93,68.27,0.3158,0.204,3.9754,0.5914,0.6504,0.5918,0.6000000000000001,5.5,-60.014625
Grandslams,4,327,73.39,79.2,0.2373,0.1523,2.929,0.4707,0.7334,0.67,0.6000000000000001,5.5,-60.014625
All_2024_R1,65,1680,63.99,68.15,0.3165,0.2011,3.5698,0.5849,0.6437,0.5935,0.6000000000000001,6,-60.014625
ATP250,39,524,60.5,63.55,0.3427,0.2204,3.1977,0.6308,0.606,0.5568,0.6000000000000001,6,-60.014625
ATP500,12,289,60.9,64.36,0.3394,0.2108,3.8855,0.6052,0.6205,0.5817,0.6000000000000001,6,-60.014625
Masters1000,8,479,64.93,68.27,0.3158,0.204,3.9754,0.5914,0.6504,0.5918,0.6000000000000001,6,-60.014625
Grandslams,4,327,73.39,79.2,0.2373,0.1523,2.929,0.4707,0.7334,0.67,0.6000000000000001,6,-60.014625
All_2024_R1,65,1680,63.99,68.15,0.3021,0.2011,2.2684,0.5849,0.6418,0.5935,0.65,1,-61.32995
ATP250,39,524,60.5,63.55,0.325,0.2204,1.9653,0.6308,0.6031,0.5568,0.65,1,-61.32995
ATP500,12,289,60.9,64.36,0.325,0.2108,2.4645,0.6052,0.6199,0.5817,0.65,1,-61.32995
Masters1000,8,479,64.93,68.27,0.3035,0.204,2.6418,0.5914,0.6482,0.5918,0.65,1,-61.32995
Grandslams,4,327,73.39,79.2,0.2266,0.1523,1.7875,0.4707,0.7303,0.67,0.65,1,-61.32995
All_2024_R1,65,1680,63.99,68.15,0.31,0.2011,2.8757,0.5849,0.6429,0.5935,0.65,1.5,-60.715025
ATP250,39,524,60.5,63.55,0.3343,0.2204,2.5157,0.6308,0.6051,0.5568,0.65,1.5,-60.715025
ATP500,12,289,60.9,64.36,0.333,0.2108,3.193,0.6052,0.6204,0.5817,0.65,1.5,-60.715025
Masters1000,8,479,64.93,68.27,0.3104,0.204,3.2737,0.5914,0.6493,0.5918,0.65,1.5,-60.715025
Grandslams,4,327,73.39,79.2,0.2324,0.1523,2.2447,0.4707,0.7318,0.67,0.65,1.5,-60.715025
All_2024_R1,65,1680,63.99,68.15,0.3147,0.2011,3.3598,0.5849,0.6434,0.5935,0.65,2,-60.226350000000004
ATP250,39,524,60.5,63.55,0.34,0.2204,2.9913,0.6308,0.6059,0.5568,0.65,2,-60.226350000000004
ATP500,12,289,60.9,64.36,0.338,0.2108,3.7543,0.6052,0.6203,0.5817,0.65,2,-60.226350000000004
Masters1000,8,479,64.93,68.27,0.3145,0.204,3.7423,0.5914,0.6498,0.5918,0.65,2,-60.226350000000004
Grandslams,4,327,73.39,79.2,0.2356,0.1523,2.6704,0.4707,0.7326,0.67,0.65,2,-60.226350000000004
All_2024_R1,65,1680,63.99,68.15,0.3168,0.2011,3.6029,0.5849,0.6437,0.5935,0.65,2.5,-59.981225
ATP250,39,524,60.5,63.55,0.3429,0.2204,3.2421,0.6308,0.6061,0.5568,0.65,2.5,-59.981225
ATP500,12,289,60.9,64.36,0.3399,0.2108,3.9629,0.6052,0.6204,0.5817,0.65,2.5,-59.981225
Masters1000,8,479,64.93,68.27,0.316,0.204,4.0123,0.5914,0.6503,0.5918,0.65,2.5,-59.981225
Grandslams,4,327,73.39,79.2,0.2373,0.1523,2.8928,0.4707,0.7331,0.67,0.65,2.5,-59.981225
All_2024_R1,65,1680,63.99,68.15,0.3172,0.2011,3.655,0.5849,0.6438,0.5935,0.65,3,-59.92875
ATP250,39,524,60.5,63.55,0.3436,0.2204,3.2892,0.6308,0.606,0.5568,0.65,3,-59.92875
ATP500,12,289,60.9,64.36,0.3402,0.2108,3.9728,0.6052,0.6204,0.5817,0.65,3,-59.92875
Masters1000,8,479,64.93,68.27,0.3163,0.204,4.062,0.5914,0.6505,0.5918,0.65,3,-59.92875
Grandslams,4,327,73.39,79.2,0.2377,0.1523,2.9954,0.4707,0.7335,0.67,0.65,3,-59.92875
All_2024_R1,65,1680,63.99,68.15,0.3172,0.2011,3.657,0.5849,0.6438,0.5935,0.65,3.5,-59.92675
ATP250,39,524,60.5,63.55,0.3436,0.2204,3.2908,0.6308,0.606,0.5568,0.65,3.5,-59.92675
ATP500,12,289,60.9,64.36,0.3402,0.2108,3.9728,0.6052,0.6204,0.5817,0.65,3.5,-59.92675
Masters1000,8,479,64.93,68.27,0.3163,0.204,4.0625,0.5914,0.6505,0.5918,0.65,3.5,-59.92675
Grandslams,4,327,73.39,79.2,0.2378,0.1523,3.0025,0.4707,0.7335,0.67,0.65,3.5,-59.92675
All_2024_R1,65,1680,63.99,68.15,0.3172,0.2011,3.657,0.5849,0.6438,0.5935,0.65,4,-59.92675
ATP250,39,524,60.5,63.55,0.3436,0.2204,3.2908,0.6308,0.606,0.5568,0.65,4,-59.92675
ATP500,12,289,60.9,64.36,0.3402,0.2108,3.9728,0.6052,0.6204,0.5817,0.65,4,-59.92675
Masters1000,8,479,64.93,68.27,0.3163,0.204,4.0625,0.5914,0.6505,0.5918,0.65,4,-59.92675
Grandslams,4,327,73.39,79.2,0.2378,0.1523,3.0025,0.4707,0.7335,0.67,0.65,4,-59.92675
All_2024_R1,65,1680,63.99,68.15,0.3172,0.2011,3.657,0.5849,0.6438,0.5935,0.65,4.5,-59.92675
ATP250,39,524,60.5,63.55,0.3436,0.2204,3.2908,0.6308,0.606,0.5568,0.65,4.5,-59.92675
ATP500,12,289,60.9,64.36,0.3402,0.2108,3.9728,0.6052,0.6204,0.5817,0.65,4.5,-59.92675
Masters1000,8,479,64.93,68.27,0.3163,0.204,4.0625,0.5914,0.6505,0.5918,0.65,4.5,-59.92675
Grandslams,4,327,73.39,79.2,0.2378,0.1523,3.0025,0.4707,0.7335,0.67,0.65,4.5,-59.92675
All_2024_R1,65,1680,63.99,68.15,0.3172,0.2011,3.657,0.5849,0.6438,0.5935,0.65,5,-59.92675
ATP250,39,524,60.5,63.55,0.3436,0.2204,3.2908,0.6308,0.606,0.5568,0.65,5,-59.92675
ATP500,12,289,60.9,64.36,0.3402,0.2108,3.9728,0.6052,0.6204,0.5817,0.65,5,-59.92675
Masters1000,8,479,64.93,68.27,0.3163,0.204,4.0625,0.5914,0.6505,0.5918,0.65,5,-59.92675
Grandslams,4,327,73.39,79.2,0.2378,0.1523,3.0025,0.4707,0.7335,0.67,0.65,5,-59.92675
All_2024_R1,65,1680,63.99,68.15,0.3172,0.2011,3.657,0.5849,0.6438,0.5935,0.65,5.5,-59.92675
ATP250,39,524,60.5,63.55,0.3436,0.2204,3.2908,0.6308,0.606,0.5568,0.65,5.5,-59.92675
ATP500,12,289,60.9,64.36,0.3402,0.2108,3.9728,0.6052,0.6204,0.5817,0.65,5.5,-59.92675
Masters1000,8,479,64.93,68.27,0.3163,0.204,4.0625,0.5914,0.6505,0.5918,0.65,5.5,-59.92675
Grandslams,4,327,73.39,79.2,0.2378,0.1523,3.0025,0.4707,0.7335,0.67,0.65,5.5,-59.92675
All_2024_R1,65,1680,63.99,68.15,0.3172,0.2011,3.657,0.5849,0.6438,0.5935,0.65,6,-59.92675
ATP250,39,524,60.5,63.55,0.3436,0.2204,3.2908,0.6308,0.606,0.5568,0.65,6,-59.92675
ATP500,12,289,60.9,64.36,0.3402,0.2108,3.9728,0.6052,0.6204,0.5817,0.65,6,-59.92675
Masters1000,8,479,64.93,68.27,0.3163,0.204,4.0625,0.5914,0.6505,0.5918,0.65,6,-59.92675
Grandslams,4,327,73.39,79.2,0.2378,0.1523,3.0025,0.4707,0.7335,0.67,0.65,6,-59.92675
All_2024_R1,65,1680,63.99,68.15,0.3021,0.2011,2.2684,0.5849,0.6418,0.5935,0.7000000000000001,1,-61.32995
ATP250,39,524,60.5,63.55,0.325,0.2204,1.9653,0.6308,0.6031,0.5568,0.7000000000000001,1,-61.32995
ATP500,12,289,60.9,64.36,0.325,0.2108,2.4645,0.6052,0.6199,0.5817,0.7000000000000001,1,-61.32995
Masters1000,8,479,64.93,68.27,0.3035,0.204,2.6418,0.5914,0.6482,0.5918,0.7000000000000001,1,-61.32995
Grandslams,4,327,73.39,79.2,0.2266,0.1523,1.7875,0.4707,0.7303,0.67,0.7000000000000001,1,-61.32995
All_2024_R1,65,1680,63.99,68.15,0.31,0.2011,2.8757,0.5849,0.6429,0.5935,0.7000000000000001,1.5,-60.715025
ATP250,39,524,60.5,63.55,0.3343,0.2204,2.5157,0.6308,0.6051,0.5568,0.7000000000000001,1.5,-60.715025
ATP500,12,289,60.9,64.36,0.333,0.2108,3.193,0.6052,0.6204,0.5817,0.7000000000000001,1.5,-60.715025
Masters1000,8,479,64.93,68.27,0.3104,0.204,3.2737,0.5914,0.6493,0.5918,0.7000000000000001,1.5,-60.715025
Grandslams,4,327,73.39,79.2,0.2324,0.1523,2.2447,0.4707,0.7318,0.67,0.7000000000000001,1.5,-60.715025
All_2024_R1,65,1680,63.99,68.15,0.3148,0.2011,3.3763,0.5849,0.6434,0.5935,0.7000000000000001,2,-60.20975000000001
ATP250,39,524,60.5,63.55,0.3401,0.2204,3.0075,0.6308,0.6059,0.5568,0.7000000000000001,2,-60.20975000000001
ATP500,12,289,60.9,64.36,0.3382,0.2108,3.7783,0.6052,0.6203,0.5817,0.7000000000000001,2,-60.20975000000001
Masters1000,8,479,64.93,68.27,0.3146,0.204,3.76,0.5914,0.6498,0.5918,0.7000000000000001,2,-60.20975000000001
Grandslams,4,327,73.39,79.2,0.2357,0.1523,2.6786,0.4707,0.7326,0.67,0.7000000000000001,2,-60.20975000000001
All_2024_R1,65,1680,63.99,68.15,0.3172,0.2011,3.6539,0.5849,0.6437,0.5935,0.7000000000000001,2.5,-59.929825
ATP250,39,524,60.5,63.55,0.3433,0.2204,3.2964,0.6308,0.6062,0.5568,0.7000000000000001,2.5,-59.929825
ATP500,12,289,60.9,64.36,0.3404,0.2108,4.0342,0.6052,0.6204,0.5817,0.7000000000000001,2.5,-59.929825
Masters1000,8,479,64.93,68.27,0.3164,0.204,4.0609,0.5914,0.6503,0.5918,0.7000000000000001,2.5,-59.929825
Grandslams,4,327,73.39,79.2,0.2375,0.1523,2.9175,0.4707,0.7331,0.67,0.7000000000000001,2.5,-59.929825
All_2024_R1,65,1680,63.99,68.15,0.3178,0.2011,3.736,0.5849,0.6438,0.5935,0.7000000000000001,3,-59.847150000000006
ATP250,39,524,60.5,63.55,0.3444,0.2204,3.377,0.6308,0.6061,0.5568,0.7000000000000001,3,-59.847150000000006
ATP500,12,289,60.9,64.36,0.3409,0.2108,4.0599,0.6052,0.6204,0.5817,0.7000000000000001,3,-59.847150000000006
Masters1000,8,479,64.93,68.27,0.3168,0.204,4.1457,0.5914,0.6505,0.5918,0.7000000000000001,3,-59.847150000000006
Grandslams,4,327,73.39,79.2,0.2381,0.1523,3.0507,0.4707,0.7335,0.67,0.7000000000000001,3,-59.847150000000006
All_2024_R1,65,1680,63.99,68.15,0.3179,0.2011,3.7433,0.5849,0.6438,0.5935,0.7000000000000001,3.5,-59.83975
ATP250,39,524,60.5,63.55,0.3444,0.2204,3.3836,0.6308,0.6061,0.5568,0.7000000000000001,3.5,-59.83975
ATP500,12,289,60.9,64.36,0.3409,0.2108,4.0599,0.6052,0.6204,0.5817,0.7000000000000001,3.5,-59.83975
Masters1000,8,479,64.93,68.27,0.3169,0.204,4.1487,0.5914,0.6505,0.5918,0.7000000000000001,3.5,-59.83975
Grandslams,4,327,73.39,79.2,0.2383,0.1523,3.073,0.4707,0.7335,0.67,0.7000000000000001,3.5,-59.83975
All_2024_R1,65,1680,63.99,68.15,0.3179,0.2011,3.7433,0.5849,0.6438,0.5935,0.7000000000000001,4,-59.83975
ATP250,39,524,60.5,63.55,0.3444,0.2204,3.3836,0.6308,0.6061,0.5568,0.7000000000000001,4,-59.83975
ATP500,12,289,60.9,64.36,0.3409,0.2108,4.0599,0.6052,0.6204,0.5817,0.7000000000000001,4,-59.83975
Masters1000,8,479,64.93,68.27,0.3169,0.204,4.1487,0.5914,0.6505,0.5918,0.7000000000000001,4,-59.83975
Grandslams,4,327,73.39,79.2,0.2383,0.1523,3.073,0.4707,0.7335,0.67,0.7000000000000001,4,-59.83975
All_2024_R1,65,1680,63.99,68.15,0.3179,0.2011,3.7433,0.5849,0.6438,0.5935,0.7000000000000001,4.5,-59.83975
ATP250,39,524,60.5,63.55,0.3444,0.2204,3.3836,0.6308,0.6061,0.5568,0.7000000000000001,4.5,-59.83975
ATP500,12,289,60.9,64.36,0.3409,0.2108,4.0599,0.6052,0.6204,0.5817,0.7000000000000001,4.5,-59.83975
Masters1000,8,479,64.93,68.27,0.3169,0.204,4.1487,0.5914,0.6505,0.5918,0.7000000000000001,4.5,-59.83975
Grandslams,4,327,73.39,79.2,0.2383,0.1523,3.073,0.4707,0.7335,0.67,0.7000000000000001,4.5,-59.83975
All_2024_R1,65,1680,63.99,68.15,0.3179,0.2011,3.7433,0.5849,0.6438,0.5935,0.7000000000000001,5,-59.83975
ATP250,39,524,60.5,63.55,0.3444,0.2204,3.3836,0.6308,0.6061,0.5568,0.7000000000000001,5,-59.83975
ATP500,12,289,60.9,64.36,0.3409,0.2108,4.0599,0.6052,0.6204,0.5817,0.7000000000000001,5,-59.83975
Masters1000,8,479,64.93,68.27,0.3169,0.204,4.1487,0.5914,0.6505,0.5918,0.7000000000000001,5,-59.83975
Grandslams,4,327,73.39,79.2,0.2383,0.1523,3.073,0.4707,0.7335,0.67,0.7000000000000001,5,-59.83975
All_2024_R1,65,1680,63.99,68.15,0.3179,0.2011,3.7433,0.5849,0.6438,0.5935,0.7000000000000001,5.5,-59.83975
ATP250,39,524,60.5,63.55,0.3444,0.2204,3.3836,0.6308,0.6061,0.5568,0.7000000000000001,5.5,-59.83975
ATP500,12,289,60.9,64.36,0.3409,0.2108,4.0599,0.6052,0.6204,0.5817,0.7000000000000001,5.5,-59.83975
Masters1000,8,479,64.93,68.27,0.3169,0.204,4.1487,0.5914,0.6505,0.5918,0.7000000000000001,5.5,-59.83975
Grandslams,4,327,73.39,79.2,0.2383,0.1523,3.073,0.4707,0.7335,0.67,0.7000000000000001,5.5,-59.83975
All_2024_R1,65,1680,63.99,68.15,0.3179,0.2011,3.7433,0.5849,0.6438,0.5935,0.7000000000000001,6,-59.83975
ATP250,39,524,60.5,63.55,0.3444,0.2204,3.3836,0.6308,0.6061,0.5568,0.7000000000000001,6,-59.83975
ATP500,12,289,60.9,64.36,0.3409,0.2108,4.0599,0.6052,0.6204,0.5817,0.7000000000000001,6,-59.83975
Masters1000,8,479,64.93,68.27,0.3169,0.204,4.1487,0.5914,0.6505,0.5918,0.7000000000000001,6,-59.83975
Grandslams,4,327,73.39,79.2,0.2383,0.1523,3.073,0.4707,0.7335,0.67,0.7000000000000001,6,-59.83975
All_2024_R1,65,1680,63.99,68.15,0.3021,0.2011,2.2684,0.5849,0.6418,0.5935,0.75,1,-61.32995
ATP250,39,524,60.5,63.55,0.325,0.2204,1.9653,0.6308,0.6031,0.5568,0.75,1,-61.32995
ATP500,12,289,60.9,64.36,0.325,0.2108,2.4645,0.6052,0.6199,0.5817,0.75,1,-61.32995
Masters1000,8,479,64.93,68.27,0.3035,0.204,2.6418,0.5914,0.6482,0.5918,0.75,1,-61.32995
Grandslams,4,327,73.39,79.2,0.2266,0.1523,1.7875,0.4707,0.7303,0.67,0.75,1,-61.32995
All_2024_R1,65,1680,63.99,68.15,0.31,0.2011,2.8757,0.5849,0.6429,0.5935,0.75,1.5,-60.715025
ATP250,39,524,60.5,63.55,0.3343,0.2204,2.5157,0.6308,0.6051,0.5568,0.75,1.5,-60.715025
ATP500,12,289,60.9,64.36,0.333,0.2108,3.193,0.6052,0.6204,0.5817,0.75,1.5,-60.715025
Masters1000,8,479,64.93,68.27,0.3104,0.204,3.2737,0.5914,0.6493,0.5918,0.75,1.5,-60.715025
Grandslams,4,327,73.39,79.2,0.2324,0.1523,2.2447,0.4707,0.7318,0.67,0.75,1.5,-60.715025
All_2024_R1,65,1680,63.99,68.15,0.3148,0.2011,3.3837,0.5849,0.6434,0.5935,0.75,2,-60.20235000000001
ATP250,39,524,60.5,63.55,0.3401,0.2204,3.0145,0.6308,0.6059,0.5568,0.75,2,-60.20235000000001
ATP500,12,289,60.9,64.36,0.3382,0.2108,3.7889,0.6052,0.6203,0.5817,0.75,2,-60.20235000000001
Masters1000,8,479,64.93,68.27,0.3146,0.204,3.7674,0.5914,0.6498,0.5918,0.75,2,-60.20235000000001
Grandslams,4,327,73.39,79.2,0.2358,0.1523,2.6816,0.4707,0.7326,0.67,0.75,2,-60.20235000000001
All_2024_R1,65,1680,63.99,68.15,0.3175,0.2011,3.7001,0.5849,0.6437,0.5935,0.75,2.5,-59.883325
ATP250,39,524,60.5,63.55,0.3437,0.2204,3.3441,0.6308,0.6062,0.5568,0.75,2.5,-59.883325
ATP500,12,289,60.9,64.36,0.3409,0.2108,4.1021,0.6052,0.6203,0.5817,0.75,2.5,-59.883325
Masters1000,8,479,64.93,68.27,0.3168,0.204,4.1035,0.5914,0.6502,0.5918,0.75,2.5,-59.883325
Grandslams,4,327,73.39,79.2,0.2377,0.1523,2.9408,0.4707,0.7331,0.67,0.75,2.5,-59.883325
All_2024_R1,65,1680,63.99,68.15,0.3184,0.2011,3.8112,0.5849,0.6438,0.5935,0.75,3,-59.771350000000005
ATP250,39,524,60.5,63.55,0.345,0.2204,3.4614,0.6308,0.6062,0.5568,0.75,3,-59.771350000000005
ATP500,12,289,60.9,64.36,0.3416,0.2108,4.1463,0.6052,0.6203,0.5817,0.75,3,-59.771350000000005
Masters1000,8,479,64.93,68.27,0.3173,0.204,4.2237,0.5914,0.6506,0.5918,0.75,3,-59.771350000000005
Grandslams,4,327,73.39,79.2,0.2385,0.1523,3.0929,0.4707,0.7335,0.67,0.75,3,-59.771350000000005
All_2024_R1,65,1680,63.99,68.15,0.3185,0.2011,3.8282,0.5849,0.6438,0.5935,0.75,3.5,-59.75425
ATP250,39,524,60.5,63.55,0.3452,0.2204,3.4763,0.6308,0.6061,0.5568,0.75,3.5,-59.75425
ATP500,12,289,60.9,64.36,0.3416,0.2108,4.147,0.6052,0.6203,0.5817,0.75,3.5,-59.75425
Masters1000,8,479,64.93,68.27,0.3174,0.204,4.2324,0.5914,0.6506,0.5918,0.75,3.5,-59.75425
Grandslams,4,327,73.39,79.2,0.2387,0.1523,3.1406,0.4707,0.7336,0.67,0.75,3.5,-59.75425
All_2024_R1,65,1680,63.99,68.15,0.3185,0.2011,3.8282,0.5849,0.6438,0.5935,0.75,4,-59.75425
ATP250,39,524,60.5,63.55,0.3452,0.2204,3.4763,0.6308,0.6061,0.5568,0.75,4,-59.75425
ATP500,12,289,60.9,64.36,0.3416,0.2108,4.147,0.6052,0.6203,0.5817,0.75,4,-59.75425
Masters1000,8,479,64.93,68.27,0.3174,0.204,4.2324,0.5914,0.6506,0.5918,0.75,4,-59.75425
Grandslams,4,327,73.39,79.2,0.2387,0.1523,3.1406,0.4707,0.7336,0.67,0.75,4,-59.75425
All_2024_R1,65,1680,63.99,68.15,0.3185,0.2011,3.8282,0.5849,0.6438,0.5935,0.75,4.5,-59.75425
ATP250,39,524,60.5,63.55,0.3452,0.2204,3.4763,0.6308,0.6061,0.5568,0.75,4.5,-59.75425
ATP500,12,289,60.9,64.36,0.3416,0.2108,4.147,0.6052,0.6203,0.5817,0.75,4.5,-59.75425
Masters1000,8,479,64.93,68.27,0.3174,0.204,4.2324,0.5914,0.6506,0.5918,0.75,4.5,-59.75425
Grandslams,4,327,73.39,79.2,0.2387,0.1523,3.1406,0.4707,0.7336,0.67,0.75,4.5,-59.75425
All_2024_R1,65,1680,63.99,68.15,0.3185,0.2011,3.8282,0.5849,0.6438,0.5935,0.75,5,-59.75425
ATP250,39,524,60.5,63.55,0.3452,0.2204,3.4763,0.6308,0.6061,0.5568,0.75,5,-59.75425
ATP500,12,289,60.9,64.36,0.3416,0.2108,4.147,0.6052,0.6203,0.5817,0.75,5,-59.75425
Masters1000,8,479,64.93,68.27,0.3174,0.204,4.2324,0.5914,0.6506,0.5918,0.75,5,-59.75425
Grandslams,4,327,73.39,79.2,0.2387,0.1523,3.1406,0.4707,0.7336,0.67,0.75,5,-59.75425
All_2024_R1,65,1680,63.99,68.15,0.3185,0.2011,3.8282,0.5849,0.6438,0.5935,0.75,5.5,-59.75425
ATP250,39,524,60.5,63.55,0.3452,0.2204,3.4763,0.6308,0.6061,0.5568,0.75,5.5,-59.75425
ATP500,12,289,60.9,64.36,0.3416,0.2108,4.147,0.6052,0.6203,0.5817,0.75,5.5,-59.75425
Masters1000,8,479,64.93,68.27,0.3174,0.204,4.2324,0.5914,0.6506,0.5918,0.75,5.5,-59.75425
Grandslams,4,327,73.39,79.2,0.2387,0.1523,3.1406,0.4707,0.7336,0.67,0.75,5.5,-59.75425
All_2024_R1,65,1680,63.99,68.15,0.3185,0.2011,3.8282,0.5849,0.6438,0.5935,0.75,6,-59.75425
ATP250,39,524,60.5,63.55,0.3452,0.2204,3.4763,0.6308,0.6061,0.5568,0.75,6,-59.75425
ATP500,12,289,60.9,64.36,0.3416,0.2108,4.147,0.6052,0.6203,0.5817,0.75,6,-59.75425
Masters1000,8,479,64.93,68.27,0.3174,0.204,4.2324,0.5914,0.6506,0.5918,0.75,6,-59.75425
Grandslams,4,327,73.39,79.2,0.2387,0.1523,3.1406,0.4707,0.7336,0.67,0.75,6,-59.75425
All_2024_R1,65,1680,63.99,68.15,0.3021,0.2011,2.2684,0.5849,0.6418,0.5935,0.8,1,-61.32995
ATP250,39,524,60.5,63.55,0.325,0.2204,1.9653,0.6308,0.6031,0.5568,0.8,1,-61.32995
ATP500,12,289,60.9,64.36,0.325,0.2108,2.4645,0.6052,0.6199,0.5817,0.8,1,-61.32995
Masters1000,8,479,64.93,68.27,0.3035,0.204,2.6418,0.5914,0.6482,0.5918,0.8,1,-61.32995
Grandslams,4,327,73.39,79.2,0.2266,0.1523,1.7875,0.4707,0.7303,0.67,0.8,1,-61.32995
All_2024_R1,65,1680,63.99,68.15,0.31,0.2011,2.8757,0.5849,0.6429,0.5935,0.8,1.5,-60.715025
ATP250,39,524,60.5,63.55,0.3343,0.2204,2.5157,0.6308,0.6051,0.5568,0.8,1.5,-60.715025
ATP500,12,289,60.9,64.36,0.333,0.2108,3.193,0.6052,0.6204,0.5817,0.8,1.5,-60.715025
Masters1000,8,479,64.93,68.27,0.3104,0.204,3.2737,0.5914,0.6493,0.5918,0.8,1.5,-60.715025
Grandslams,4,327,73.39,79.2,0.2324,0.1523,2.2447,0.4707,0.7318,0.67,0.8,1.5,-60.715025
All_2024_R1,65,1680,63.99,68.15,0.3148,0.2011,3.3896,0.5849,0.6434,0.5935,0.8,2,-60.196450000000006
ATP250,39,524,60.5,63.55,0.3401,0.2204,3.02,0.6308,0.6059,0.5568,0.8,2,-60.196450000000006
ATP500,12,289,60.9,64.36,0.3382,0.2108,3.7973,0.6052,0.6203,0.5817,0.8,2,-60.196450000000006
Masters1000,8,479,64.93,68.27,0.3146,0.204,3.7731,0.5914,0.6498,0.5918,0.8,2,-60.196450000000006
Grandslams,4,327,73.39,79.2,0.2358,0.1523,2.6838,0.4707,0.7326,0.67,0.8,2,-60.196450000000006
All_2024_R1,65,1680,63.99,68.15,0.3177,0.2011,3.7296,0.5849,0.6436,0.5935,0.8,2.5,-59.8536
ATP250,39,524,60.5,63.55,0.3438,0.2204,3.3735,0.6308,0.6062,0.5568,0.8,2.5,-59.8536
ATP500,12,289,60.9,64.36,0.3412,0.2108,4.1522,0.6052,0.6203,0.5817,0.8,2.5,-59.8536
Masters1000,8,479,64.93,68.27,0.317,0.204,4.1275,0.5914,0.6502,0.5918,0.8,2.5,-59.8536
Grandslams,4,327,73.39,79.2,0.2378,0.1523,2.9558,0.4707,0.7331,0.67,0.8,2.5,-59.8536
All_2024_R1,65,1680,63.99,68.15,0.3188,0.2011,3.8785,0.5849,0.6438,0.5935,0.8,3,-59.703649999999996
ATP250,39,524,60.5,63.55,0.3456,0.2204,3.5369,0.6308,0.6062,0.5568,0.8,3,-59.703649999999996
ATP500,12,289,60.9,64.36,0.3422,0.2108,4.2324,0.6052,0.6203,0.5817,0.8,3,-59.703649999999996
Masters1000,8,479,64.93,68.27,0.3176,0.204,4.2895,0.5914,0.6506,0.5918,0.8,3,-59.703649999999996
Grandslams,4,327,73.39,79.2,0.2388,0.1523,3.1283,0.4707,0.7334,0.67,0.8,3,-59.703649999999996
All_2024_R1,65,1680,63.99,68.15,0.3191,0.2011,3.9093,0.5849,0.6439,0.5935,0.8,3.5,-59.672575
ATP250,39,524,60.5,63.55,0.3459,0.2204,3.5661,0.6308,0.6062,0.5568,0.8,3.5,-59.672575
ATP500,12,289,60.9,64.36,0.3423,0.2108,4.2339,0.6052,0.6203,0.5817,0.8,3.5,-59.672575
Masters1000,8,479,64.93,68.27,0.3178,0.204,4.313,0.5914,0.6507,0.5918,0.8,3.5,-59.672575
Grandslams,4,327,73.39,79.2,0.2391,0.1523,3.1985,0.4707,0.7337,0.67,0.8,3.5,-59.672575
All_2024_R1,65,1680,63.99,68.15,0.3191,0.2011,3.9109,0.5849,0.6439,0.5935,0.8,4,-59.670975000000006
ATP250,39,524,60.5,63.55,0.3459,0.2204,3.5669,0.6308,0.6062,0.5568,0.8,4,-59.670975000000006
ATP500,12,289,60.9,64.36,0.3423,0.2108,4.2339,0.6052,0.6203,0.5817,0.8,4,-59.670975000000006
Masters1000,8,479,64.93,68.27,0.3178,0.204,4.3132,0.5914,0.6507,0.5918,0.8,4,-59.670975000000006
Grandslams,4,327,73.39,79.2,0.2392,0.1523,3.2047,0.4707,0.7336,0.67,0.8,4,-59.670975000000006
All_2024_R1,65,1680,63.99,68.15,0.3191,0.2011,3.9109,0.5849,0.6439,0.5935,0.8,4.5,-59.670975000000006
ATP250,39,524,60.5,63.55,0.3459,0.2204,3.5669,0.6308,0.6062,0.5568,0.8,4.5,-59.670975000000006
ATP500,12,289,60.9,64.36,0.3423,0.2108,4.2339,0.6052,0.6203,0.5817,0.8,4.5,-59.670975000000006
Masters1000,8,479,64.93,68.27,0.3178,0.204,4.3132,0.5914,0.6507,0.5918,0.8,4.5,-59.670975000000006
Grandslams,4,327,73.39,79.2,0.2392,0.1523,3.2047,0.4707,0.7336,0.67,0.8,4.5,-59.670975000000006
All_2024_R1,65,1680,63.99,68.15,0.3191,0.2011,3.9109,0.5849,0.6439,0.5935,0.8,5,-59.670975000000006
ATP250,39,524,60.5,63.55,0.3459,0.2204,3.5669,0.6308,0.6062,0.5568,0.8,5,-59.670975000000006
ATP500,12,289,60.9,64.36,0.3423,0.2108,4.2339,0.6052,0.6203,0.5817,0.8,5,-59.670975000000006
Masters1000,8,479,64.93,68.27,0.3178,0.204,4.3132,0.5914,0.6507,0.5918,0.8,5,-59.670975000000006
Grandslams,4,327,73.39,79.2,0.2392,0.1523,3.2047,0.4707,0.7336,0.67,0.8,5,-59.670975000000006
All_2024_R1,65,1680,63.99,68.15,0.3191,0.2011,3.9109,0.5849,0.6439,0.5935,0.8,5.5,-59.670975000000006
ATP250,39,524,60.5,63.55,0.3459,0.2204,3.5669,0.6308,0.6062,0.5568,0.8,5.5,-59.670975000000006
ATP500,12,289,60.9,64.36,0.3423,0.2108,4.2339,0.6052,0.6203,0.5817,0.8,5.5,-59.670975000000006
Masters1000,8,479,64.93,68.27,0.3178,0.204,4.3132,0.5914,0.6507,0.5918,0.8,5.5,-59.670975000000006
Grandslams,4,327,73.39,79.2,0.2392,0.1523,3.2047,0.4707,0.7336,0.67,0.8,5.5,-59.670975000000006
All_2024_R1,65,1680,63.99,68.15,0.3191,0.2011,3.9109,0.5849,0.6439,0.5935,0.8,6,-59.670975000000006
ATP250,39,524,60.5,63.55,0.3459,0.2204,3.5669,0.6308,0.6062,0.5568,0.8,6,-59.670975000000006
ATP500,12,289,60.9,64.36,0.3423,0.2108,4.2339,0.6052,0.6203,0.5817,0.8,6,-59.670975000000006
Masters1000,8,479,64.93,68.27,0.3178,0.204,4.3132,0.5914,0.6507,0.5918,0.8,6,-59.670975000000006
Grandslams,4,327,73.39,79.2,0.2392,0.1523,3.2047,0.4707,0.7336,0.67,0.8,6,-59.670975000000006
